-- MySQL dump 10.13  Distrib 8.0.45, for Linux (aarch64)
--
-- Host: localhost    Database: visa
-- ------------------------------------------------------
-- Server version	8.0.45

/*!40101 SET @OLD_CHARACTER_SET_CLIENT=@@CHARACTER_SET_CLIENT */;
/*!40101 SET @OLD_CHARACTER_SET_RESULTS=@@CHARACTER_SET_RESULTS */;
/*!40101 SET @OLD_COLLATION_CONNECTION=@@COLLATION_CONNECTION */;
/*!50503 SET NAMES utf8mb4 */;
/*!40103 SET @OLD_TIME_ZONE=@@TIME_ZONE */;
/*!40103 SET TIME_ZONE='+00:00' */;
/*!40014 SET @OLD_UNIQUE_CHECKS=@@UNIQUE_CHECKS, UNIQUE_CHECKS=0 */;
/*!40014 SET @OLD_FOREIGN_KEY_CHECKS=@@FOREIGN_KEY_CHECKS, FOREIGN_KEY_CHECKS=0 */;
/*!40101 SET @OLD_SQL_MODE=@@SQL_MODE, SQL_MODE='NO_AUTO_VALUE_ON_ZERO' */;
/*!40111 SET @OLD_SQL_NOTES=@@SQL_NOTES, SQL_NOTES=0 */;

--
-- Table structure for table `c_customer`
--

DROP TABLE IF EXISTS `c_customer`;
/*!40101 SET @saved_cs_client     = @@character_set_client */;
/*!50503 SET character_set_client = utf8mb4 */;
CREATE TABLE `c_customer` (
  `id` bigint NOT NULL AUTO_INCREMENT COMMENT '用户ID',
  `phone` varchar(20) NOT NULL COMMENT '手机号码(登录账号)',
  `password` varchar(100) NOT NULL COMMENT '登录密码(加密)',
  `nickname` varchar(50) DEFAULT '' COMMENT '用户昵称',
  `avatar` varchar(255) DEFAULT '' COMMENT '头像路径',
  `real_name` varchar(50) DEFAULT '' COMMENT '真实姓名',
  `id_card` varchar(20) DEFAULT '' COMMENT '身份证号',
  `email` varchar(50) DEFAULT '' COMMENT '电子邮箱',
  `sex` char(1) DEFAULT '0' COMMENT '性别(0男 1女 2未知)',
  `status` char(1) DEFAULT '0' COMMENT '帐号状态(0正常 1停用)',
  `del_flag` char(1) DEFAULT '0' COMMENT '删除标志(0代表存在 2代表删除)',
  `login_ip` varchar(128) DEFAULT '' COMMENT '最后登录IP',
  `login_date` datetime DEFAULT NULL COMMENT '最后登录时间',
  `create_by` varchar(64) DEFAULT '' COMMENT '创建者',
  `create_time` datetime DEFAULT NULL COMMENT '创建时间',
  `update_by` varchar(64) DEFAULT '' COMMENT '更新者',
  `update_time` datetime DEFAULT NULL COMMENT '更新时间',
  `remark` varchar(500) DEFAULT NULL COMMENT '备注',
  PRIMARY KEY (`id`),
  UNIQUE KEY `uk_phone` (`phone`) USING BTREE COMMENT '手机号唯一索引'
) ENGINE=InnoDB AUTO_INCREMENT=2 DEFAULT CHARSET=utf8mb4 COLLATE=utf8mb4_0900_ai_ci COMMENT='C端客户表';
/*!40101 SET character_set_client = @saved_cs_client */;

--
-- Dumping data for table `c_customer`
--

LOCK TABLES `c_customer` WRITE;
/*!40000 ALTER TABLE `c_customer` DISABLE KEYS */;
INSERT INTO `c_customer` VALUES (1,'15611854093','$2a$10$Lf/xbOrVltUoqwgsOM3ElO/MCUiVHxIIq/aRxvoms1s4HeM7k2wgq','bella yang','/profile/upload/2026/03/26/c54bdd35057b1e6dfe90b5487a5fd51d_20260326114910A003.jpeg','yjh','111111111122223333','jinghanyang930@gmail.com','1','1','2','127.0.0.1','2026-04-23 10:14:45','','2026-01-26 09:58:51','','2026-04-23 10:14:45','111');
/*!40000 ALTER TABLE `c_customer` ENABLE KEYS */;
UNLOCK TABLES;

--
-- Table structure for table `gen_table`
--

DROP TABLE IF EXISTS `gen_table`;
/*!40101 SET @saved_cs_client     = @@character_set_client */;
/*!50503 SET character_set_client = utf8mb4 */;
CREATE TABLE `gen_table` (
  `table_id` bigint NOT NULL AUTO_INCREMENT COMMENT '编号',
  `table_name` varchar(200) DEFAULT '' COMMENT '表名称',
  `table_comment` varchar(500) DEFAULT '' COMMENT '表描述',
  `sub_table_name` varchar(64) DEFAULT NULL COMMENT '关联子表的表名',
  `sub_table_fk_name` varchar(64) DEFAULT NULL COMMENT '子表关联的外键名',
  `class_name` varchar(100) DEFAULT '' COMMENT '实体类名称',
  `tpl_category` varchar(200) DEFAULT 'crud' COMMENT '使用的模板（crud单表操作 tree树表操作）',
  `tpl_web_type` varchar(30) DEFAULT '' COMMENT '前端模板类型（element-ui模版 element-plus模版）',
  `package_name` varchar(100) DEFAULT NULL COMMENT '生成包路径',
  `module_name` varchar(30) DEFAULT NULL COMMENT '生成模块名',
  `business_name` varchar(30) DEFAULT NULL COMMENT '生成业务名',
  `function_name` varchar(50) DEFAULT NULL COMMENT '生成功能名',
  `function_author` varchar(50) DEFAULT NULL COMMENT '生成功能作者',
  `gen_type` char(1) DEFAULT '0' COMMENT '生成代码方式（0zip压缩包 1自定义路径）',
  `gen_path` varchar(200) DEFAULT '/' COMMENT '生成路径（不填默认项目路径）',
  `options` varchar(1000) DEFAULT NULL COMMENT '其它生成选项',
  `create_by` varchar(64) DEFAULT '' COMMENT '创建者',
  `create_time` datetime DEFAULT NULL COMMENT '创建时间',
  `update_by` varchar(64) DEFAULT '' COMMENT '更新者',
  `update_time` datetime DEFAULT NULL COMMENT '更新时间',
  `remark` varchar(500) DEFAULT NULL COMMENT '备注',
  PRIMARY KEY (`table_id`)
) ENGINE=InnoDB AUTO_INCREMENT=13 DEFAULT CHARSET=utf8mb4 COLLATE=utf8mb4_0900_ai_ci COMMENT='代码生成业务表';
/*!40101 SET character_set_client = @saved_cs_client */;

--
-- Dumping data for table `gen_table`
--

LOCK TABLES `gen_table` WRITE;
/*!40000 ALTER TABLE `gen_table` DISABLE KEYS */;
INSERT INTO `gen_table` VALUES (1,'visa_product','签证产品表',NULL,NULL,'VisaProduct','crud','element-ui','com.ruoyi.visa','visa','product','签证产品','bella','0','/','{\"parentMenuId\":0}','admin','2026-01-22 08:59:16','','2026-01-24 08:47:54',NULL),(2,'visa_country','国家配置表',NULL,NULL,'VisaCountry','crud','','com.ruoyi.system','system','country','国家配置','ruoyi','0','/',NULL,'admin','2026-01-23 11:12:24','',NULL,NULL),(3,'visa_district','领区配置表',NULL,NULL,'VisaDistrict','crud','element-ui','com.ruoyi.visa','visa','district','领区配置','bella','0','/','{}','admin','2026-01-23 11:12:25','','2026-01-23 16:49:09',NULL),(4,'visa_type','签证类型表',NULL,NULL,'VisaType','crud','element-ui','com.ruoyi.visa','visa','type','签证类型','bella','0','/','{}','admin','2026-01-23 11:12:25','','2026-01-23 16:33:50',NULL),(5,'c_customer','C端客户表',NULL,NULL,'CCustomer','crud','element-ui','com.ruoyi.visa','visa','customer','C端客户','bella','0','/','{}','admin','2026-01-26 09:10:09','','2026-01-26 09:10:58',NULL),(6,'visa_order','签证订单表',NULL,NULL,'VisaOrder','crud','element-ui','com.ruoyi.visa','visa','order','签证订单','bella','0','/','{}','admin','2026-01-27 10:54:32','','2026-01-27 10:55:59',NULL),(7,'visa_cart','购物车表',NULL,NULL,'VisaCart','crud','element-ui','com.ruoyi.visa','visa','cart','购物车','bella','0','/','{}','admin','2026-01-29 08:41:32','','2026-01-29 08:41:55',NULL),(8,'visa_knowledge','签证知识库表',NULL,NULL,'VisaKnowledge','crud','element-ui','com.ruoyi.visa','visa','knowledge','签证知识库','bella','0','/','{\"parentMenuId\":0}','admin','2026-02-17 11:06:44','','2026-02-17 11:07:43',NULL),(9,'visa_comment','签证评价表',NULL,NULL,'VisaComment','crud','element-ui','com.ruoyi.visa','visa','comment','签证评价','bella','0','/','{}','admin','2026-02-20 19:16:55','','2026-02-20 19:17:31',NULL),(10,'order_message','订单留言记录表',NULL,NULL,'OrderMessage','crud','element-ui','com.ruoyi.visa','visa','message','订单留言记录','bella','0','/','{}','admin','2026-03-09 10:54:21','','2026-03-09 10:54:39',NULL),(11,'visa_order_applicant','订单申请人基本信息表',NULL,NULL,'VisaOrderApplicant','crud','element-ui','com.ruoyi.visa','visa','applicant','订单申请人基本信息','bella','0','/','{}','admin','2026-03-28 01:19:23','','2026-03-28 01:19:49',NULL),(12,'visa_order_logistics','订单物流信息表',NULL,NULL,'VisaOrderLogistics','crud','element-ui','com.ruoyi.visa','visa','logistics','订单物流信息','bella','0','/','{}','admin','2026-03-29 07:26:05','','2026-03-29 07:26:21',NULL);
/*!40000 ALTER TABLE `gen_table` ENABLE KEYS */;
UNLOCK TABLES;

--
-- Table structure for table `gen_table_column`
--

DROP TABLE IF EXISTS `gen_table_column`;
/*!40101 SET @saved_cs_client     = @@character_set_client */;
/*!50503 SET character_set_client = utf8mb4 */;
CREATE TABLE `gen_table_column` (
  `column_id` bigint NOT NULL AUTO_INCREMENT COMMENT '编号',
  `table_id` bigint DEFAULT NULL COMMENT '归属表编号',
  `column_name` varchar(200) DEFAULT NULL COMMENT '列名称',
  `column_comment` varchar(500) DEFAULT NULL COMMENT '列描述',
  `column_type` varchar(100) DEFAULT NULL COMMENT '列类型',
  `java_type` varchar(500) DEFAULT NULL COMMENT 'JAVA类型',
  `java_field` varchar(200) DEFAULT NULL COMMENT 'JAVA字段名',
  `is_pk` char(1) DEFAULT NULL COMMENT '是否主键（1是）',
  `is_increment` char(1) DEFAULT NULL COMMENT '是否自增（1是）',
  `is_required` char(1) DEFAULT NULL COMMENT '是否必填（1是）',
  `is_insert` char(1) DEFAULT NULL COMMENT '是否为插入字段（1是）',
  `is_edit` char(1) DEFAULT NULL COMMENT '是否编辑字段（1是）',
  `is_list` char(1) DEFAULT NULL COMMENT '是否列表字段（1是）',
  `is_query` char(1) DEFAULT NULL COMMENT '是否查询字段（1是）',
  `query_type` varchar(200) DEFAULT 'EQ' COMMENT '查询方式（等于、不等于、大于、小于、范围）',
  `html_type` varchar(200) DEFAULT NULL COMMENT '显示类型（文本框、文本域、下拉框、复选框、单选框、日期控件）',
  `dict_type` varchar(200) DEFAULT '' COMMENT '字典类型',
  `sort` int DEFAULT NULL COMMENT '排序',
  `create_by` varchar(64) DEFAULT '' COMMENT '创建者',
  `create_time` datetime DEFAULT NULL COMMENT '创建时间',
  `update_by` varchar(64) DEFAULT '' COMMENT '更新者',
  `update_time` datetime DEFAULT NULL COMMENT '更新时间',
  PRIMARY KEY (`column_id`)
) ENGINE=InnoDB AUTO_INCREMENT=125 DEFAULT CHARSET=utf8mb4 COLLATE=utf8mb4_0900_ai_ci COMMENT='代码生成业务表字段';
/*!40101 SET character_set_client = @saved_cs_client */;

--
-- Dumping data for table `gen_table_column`
--

LOCK TABLES `gen_table_column` WRITE;
/*!40000 ALTER TABLE `gen_table_column` DISABLE KEYS */;
INSERT INTO `gen_table_column` VALUES (1,1,'id','主键，自增ID','bigint','Long','id','1','1','0','1',NULL,NULL,NULL,'EQ','input','',1,'admin','2026-01-22 08:59:16','','2026-01-24 08:47:54'),(2,1,'title','产品标题（如：美国B1/B2十年多次签）','varchar(100)','String','title','0','0','1','1','1','1','1','EQ','input','',2,'admin','2026-01-22 08:59:16','','2026-01-24 08:47:54'),(5,1,'price','销售价格（单位：元）','decimal(10,2)','BigDecimal','price','0','0','1','1','1','1','1','EQ','input','',5,'admin','2026-01-22 08:59:16','','2026-01-24 08:47:54'),(6,1,'image','产品封面图片路径','varchar(255)','String','image','0','0','0','1','1','1','1','EQ','imageUpload','',6,'admin','2026-01-22 08:59:16','','2026-01-24 08:47:54'),(7,1,'requirements_config','核心字段：材料要求配置规则（JSON数组）','json','String','requirementsConfig','0','0','0','1','1','1','1','EQ','textarea','',7,'admin','2026-01-22 08:59:16','','2026-01-24 08:47:54'),(8,1,'is_interview_required','是否需要面签（0:否, 1:是）','tinyint(1)','Integer','isInterviewRequired','0','0','1','1','1','1','1','EQ','input','',8,'admin','2026-01-22 08:59:16','','2026-01-24 08:47:54'),(9,1,'processing_time','预计办理时长（如：5-7个工作日）','varchar(50)','String','processingTime','0','0','0','1','1','1','1','EQ','input','',9,'admin','2026-01-22 08:59:16','','2026-01-24 08:47:54'),(10,1,'validity_period','有效期（如：10年）','varchar(50)','String','validityPeriod','0','0','0','1','1','1','1','EQ','input','',10,'admin','2026-01-22 08:59:16','','2026-01-24 08:47:54'),(11,1,'max_stay_days','最长停留天数（如：90天）','varchar(50)','String','maxStayDays','0','0','0','1','1','1','1','EQ','input','',11,'admin','2026-01-22 08:59:16','','2026-01-24 08:47:54'),(13,1,'status','上架状态（1:上架, 0:下架）','tinyint(1)','Integer','status','0','0','1','1','1','1','1','EQ','radio','',13,'admin','2026-01-22 08:59:16','','2026-01-24 08:47:54'),(14,1,'create_time','创建时间','datetime','Date','createTime','0','0','0','1',NULL,NULL,NULL,'EQ','datetime','',14,'admin','2026-01-22 08:59:16','','2026-01-24 08:47:54'),(15,2,'id','ID','bigint','Long','id','1','1','0','1',NULL,NULL,NULL,'EQ','input','',1,'admin','2026-01-23 11:12:25','',NULL),(16,2,'name','国家名称(如:日本)','varchar(50)','String','name','0','0','1','1','1','1','1','LIKE','input','',2,'admin','2026-01-23 11:12:25','',NULL),(17,2,'code','国家代码(如:JP)','varchar(20)','String','code','0','0','0','1','1','1','1','EQ','input','',3,'admin','2026-01-23 11:12:25','',NULL),(18,2,'continent','所属大洲(如:亚洲)','varchar(20)','String','continent','0','0','0','1','1','1','1','EQ','input','',4,'admin','2026-01-23 11:12:25','',NULL),(19,2,'flag_url','国旗图片(可选)','varchar(255)','String','flagUrl','0','0','0','1','1','1','1','EQ','input','',5,'admin','2026-01-23 11:12:25','',NULL),(20,2,'sort','排序','int','Long','sort','0','0','0','1','1','1','1','EQ','input','',6,'admin','2026-01-23 11:12:25','',NULL),(21,2,'status','状态(0正常 1停用)','char(1)','String','status','0','0','0','1','1','1','1','EQ','radio','',7,'admin','2026-01-23 11:12:25','',NULL),(22,3,'id','ID','bigint','Long','id','1','1','0','1',NULL,NULL,NULL,'EQ','input','',1,'admin','2026-01-23 11:12:25','','2026-01-23 16:49:09'),(23,3,'name','领区名称(如:北京领区)','varchar(50)','String','name','0','0','1','1','1','1','1','LIKE','input','',2,'admin','2026-01-23 11:12:25','','2026-01-23 16:49:09'),(24,3,'cover_area','覆盖省份(如:京,津,冀)','varchar(500)','String','coverArea','0','0','0','1','1','1','1','EQ','textarea','',3,'admin','2026-01-23 11:12:25','','2026-01-23 16:49:09'),(25,3,'sort','排序','int','Long','sort','0','0','0','1','1','1','1','EQ','input','',4,'admin','2026-01-23 11:12:25','','2026-01-23 16:49:09'),(26,3,'status','状态','char(1)','String','status','0','0','0','1','1','1','1','EQ','radio','',5,'admin','2026-01-23 11:12:25','','2026-01-23 16:49:09'),(27,4,'id','ID','bigint','Long','id','1','1','0','1',NULL,NULL,NULL,'EQ','input','',1,'admin','2026-01-23 11:12:25','','2026-01-23 16:33:50'),(28,4,'name','类型名称(如:旅游签, 商务签)','varchar(50)','String','name','0','0','1','1','1','1','1','LIKE','input','',2,'admin','2026-01-23 11:12:25','','2026-01-23 16:33:50'),(29,4,'code','编码(如:TOURIST)','varchar(50)','String','code','0','0','0','1','1','1','1','EQ','input','',3,'admin','2026-01-23 11:12:25','','2026-01-23 16:33:50'),(30,4,'sort','排序','int','Long','sort','0','0','0','1','1','1','1','EQ','input','',4,'admin','2026-01-23 11:12:25','','2026-01-23 16:33:50'),(31,4,'status','状态','char(1)','String','status','0','0','0','1','1','1','1','EQ','radio','',5,'admin','2026-01-23 11:12:25','','2026-01-23 16:33:50'),(32,1,'country_id','关联国家ID','bigint','Long','countryId','0','0','1','1','1','1','1','EQ','select','',3,'','2026-01-24 08:45:46','','2026-01-24 08:47:54'),(33,1,'type_id','关联类型ID','bigint','Long','typeId','0','0','1','1','1','1','1','EQ','select','',4,'','2026-01-24 08:45:46','','2026-01-24 08:47:54'),(34,1,'district_id','关联领区ID','bigint','Long','districtId','0','0','0','1','1','1','1','EQ','select','',12,'','2026-01-24 08:45:46','','2026-01-24 08:47:54'),(35,5,'id','用户ID','bigint','Long','id','1','1','0','1',NULL,NULL,NULL,'EQ','input','',1,'admin','2026-01-26 09:10:09','','2026-01-26 09:10:58'),(36,5,'phone','手机号码(登录账号)','varchar(20)','String','phone','0','0','1','1','1','1','1','EQ','input','',2,'admin','2026-01-26 09:10:09','','2026-01-26 09:10:58'),(37,5,'password','登录密码(加密)','varchar(100)','String','password','0','0','1','1','1','1','1','EQ','input','',3,'admin','2026-01-26 09:10:09','','2026-01-26 09:10:58'),(38,5,'nickname','用户昵称','varchar(50)','String','nickname','0','0','0','1','1','1','1','LIKE','input','',4,'admin','2026-01-26 09:10:09','','2026-01-26 09:10:58'),(39,5,'avatar','头像路径','varchar(255)','String','avatar','0','0','0','1','1','1','1','EQ','input','',5,'admin','2026-01-26 09:10:09','','2026-01-26 09:10:58'),(40,5,'real_name','真实姓名','varchar(50)','String','realName','0','0','0','1','1','1','1','LIKE','input','',6,'admin','2026-01-26 09:10:09','','2026-01-26 09:10:58'),(41,5,'id_card','身份证号','varchar(20)','String','idCard','0','0','0','1','1','1','1','EQ','input','',7,'admin','2026-01-26 09:10:09','','2026-01-26 09:10:58'),(42,5,'email','电子邮箱','varchar(50)','String','email','0','0','0','1','1','1','1','EQ','input','',8,'admin','2026-01-26 09:10:09','','2026-01-26 09:10:58'),(43,5,'sex','性别(0男 1女 2未知)','char(1)','String','sex','0','0','0','1','1','1','1','EQ','select','',9,'admin','2026-01-26 09:10:10','','2026-01-26 09:10:58'),(44,5,'status','帐号状态(0正常 1停用)','char(1)','String','status','0','0','0','1','1','1','1','EQ','radio','',10,'admin','2026-01-26 09:10:10','','2026-01-26 09:10:58'),(45,5,'del_flag','删除标志(0代表存在 2代表删除)','char(1)','String','delFlag','0','0','0','1',NULL,NULL,NULL,'EQ','input','',11,'admin','2026-01-26 09:10:10','','2026-01-26 09:10:58'),(46,5,'login_ip','最后登录IP','varchar(128)','String','loginIp','0','0','0','1','1','1','1','EQ','input','',12,'admin','2026-01-26 09:10:10','','2026-01-26 09:10:58'),(47,5,'login_date','最后登录时间','datetime','Date','loginDate','0','0','0','1','1','1','1','EQ','datetime','',13,'admin','2026-01-26 09:10:10','','2026-01-26 09:10:58'),(48,5,'create_by','创建者','varchar(64)','String','createBy','0','0','0','1',NULL,NULL,NULL,'EQ','input','',14,'admin','2026-01-26 09:10:10','','2026-01-26 09:10:58'),(49,5,'create_time','创建时间','datetime','Date','createTime','0','0','0','1',NULL,NULL,NULL,'EQ','datetime','',15,'admin','2026-01-26 09:10:10','','2026-01-26 09:10:58'),(50,5,'update_by','更新者','varchar(64)','String','updateBy','0','0','0','1','1',NULL,NULL,'EQ','input','',16,'admin','2026-01-26 09:10:10','','2026-01-26 09:10:58'),(51,5,'update_time','更新时间','datetime','Date','updateTime','0','0','0','1','1',NULL,NULL,'EQ','datetime','',17,'admin','2026-01-26 09:10:10','','2026-01-26 09:10:58'),(52,5,'remark','备注','varchar(500)','String','remark','0','0','0','1','1','1',NULL,'EQ','textarea','',18,'admin','2026-01-26 09:10:10','','2026-01-26 09:10:58'),(53,6,'id','订单ID','bigint','Long','id','1','1','0','1',NULL,NULL,NULL,'EQ','input','',1,'admin','2026-01-27 10:54:32','','2026-03-27 00:01:28'),(54,6,'order_no','订单编号(唯一)','varchar(32)','String','orderNo','0','0','1','1','1','1','1','EQ','input','',2,'admin','2026-01-27 10:54:32','','2026-03-27 00:01:28'),(55,6,'customer_id','客户ID(关联c_customer)','bigint','Long','customerId','0','0','1','1','1','1','1','EQ','input','',3,'admin','2026-01-27 10:54:32','','2026-03-27 00:01:28'),(56,6,'product_id','产品ID(关联visa_product)','bigint','Long','productId','0','0','1','1','1','1','1','EQ','input','',4,'admin','2026-01-27 10:54:32','','2026-03-27 00:01:28'),(57,6,'product_snapshot','产品信息快照(存下单时的标题和价格)','json','String','productSnapshot','0','0','0','1','1','1','1','EQ','textarea','',6,'admin','2026-01-27 10:54:32','','2026-03-27 00:01:28'),(58,6,'total_amount','订单总金额','decimal(10,2)','BigDecimal','totalAmount','0','0','1','1','1','1','1','EQ','input','',7,'admin','2026-01-27 10:54:32','','2026-03-27 00:01:28'),(59,6,'status','订单状态(0待支付 1待上传 2待审核 3待补交 4办理中 5待收货 6已完成 7待面试)','int','Long','status','0','0','0','1','1','1','1','EQ','radio','',8,'admin','2026-01-27 10:54:32','','2026-03-27 00:01:28'),(60,6,'alipay_no','支付宝交易流水号','varchar(64)','String','alipayNo','0','0','0','1','1','1','1','EQ','input','',9,'admin','2026-01-27 10:54:32','','2026-03-27 00:01:28'),(61,6,'pay_time','支付成功时间','datetime','Date','payTime','0','0','0','1','1','1','1','EQ','datetime','',10,'admin','2026-01-27 10:54:32','','2026-03-27 00:01:28'),(62,6,'submitted_materials','用户提交的动态材料数据(JSON)','json','String','submittedMaterials','0','0','0','1','1','1','1','EQ','textarea','',11,'admin','2026-01-27 10:54:32','','2026-03-27 00:01:28'),(63,6,'audit_remark','审核备注/驳回原因','varchar(500)','String','auditRemark','0','0','0','1','1','1','1','EQ','textarea','',12,'admin','2026-01-27 10:54:32','','2026-03-27 00:01:28'),(64,6,'interview_time','预约面试时间','datetime','Date','interviewTime','0','0','0','1','1','1','1','EQ','datetime','',13,'admin','2026-01-27 10:54:32','','2026-03-27 00:01:28'),(65,6,'interview_location','面试地点','varchar(200)','String','interviewLocation','0','0','0','1','1','1','1','EQ','input','',14,'admin','2026-01-27 10:54:32','','2026-03-27 00:01:28'),(66,6,'interview_file','面试预约单文件路径','varchar(255)','String','interviewFile','0','0','0','1','1','1','1','EQ','fileUpload','',15,'admin','2026-01-27 10:54:32','','2026-03-27 00:01:28'),(67,6,'interview_feedback','面试结果','tinyint(1)','String','interviewFeedback','0','0','0','1','1','1','1','EQ','input','',16,'admin','2026-01-27 10:54:32','','2026-03-27 00:01:28'),(68,6,'visa_result','最终签证结果','tinyint(1)','String','visaResult','0','0','0','1','1','1','1','EQ','input','',17,'admin','2026-01-27 10:54:32','','2026-03-27 00:01:28'),(69,6,'tracking_number','寄回护照的快递单号','varchar(64)','String','trackingNumber','0','0','0','1','1','1','1','EQ','input','',18,'admin','2026-01-27 10:54:32','','2026-03-27 00:01:28'),(70,6,'mailing_address','收货地址快照(收件人,电话,地址)','json','String','mailingAddress','0','0','0','1','1','1','1','EQ','textarea','',19,'admin','2026-01-27 10:54:32','','2026-03-27 00:01:28'),(71,6,'create_time','下单时间','datetime','Date','createTime','0','0','0','1',NULL,NULL,NULL,'EQ','datetime','',20,'admin','2026-01-27 10:54:32','','2026-03-27 00:01:28'),(72,6,'update_time','更新时间','datetime','Date','updateTime','0','0','0','1','1',NULL,NULL,'EQ','datetime','',21,'admin','2026-01-27 10:54:32','','2026-03-27 00:01:28'),(73,6,'del_flag','删除标志(0代表存在 2代表删除)','char(1)','String','delFlag','0','0','0','1',NULL,NULL,NULL,'EQ','input','',22,'admin','2026-01-27 10:54:32','','2026-03-27 00:01:28'),(74,7,'id','主键','bigint','Long','id','1','1','0','1',NULL,NULL,NULL,'EQ','input','',1,'admin','2026-01-29 08:41:32','','2026-01-29 08:41:55'),(75,7,'customer_id','客户ID','bigint','Long','customerId','0','0','1','1','1','1','1','EQ','input','',2,'admin','2026-01-29 08:41:32','','2026-01-29 08:41:55'),(76,7,'product_id','产品ID','bigint','Long','productId','0','0','1','1','1','1','1','EQ','input','',3,'admin','2026-01-29 08:41:32','','2026-01-29 08:41:55'),(77,7,'create_time','加入时间','datetime','Date','createTime','0','0','0','1',NULL,NULL,NULL,'EQ','datetime','',4,'admin','2026-01-29 08:41:32','','2026-01-29 08:41:55'),(78,6,'quantity','订单数量','int','Long','quantity','0','0','0','1','1','1','1','EQ','input','',5,'','2026-01-29 10:31:57','','2026-03-27 00:01:28'),(79,8,'id','主键ID','bigint','Long','id','1','1','0','1',NULL,NULL,NULL,'EQ','input','',1,'admin','2026-02-17 11:06:44','','2026-02-17 11:07:43'),(80,8,'category','分类','varchar(50)','String','category','0','0','0','1','1','1','1','EQ','input','',2,'admin','2026-02-17 11:06:44','','2026-02-17 11:07:43'),(81,8,'title','知识点标题','varchar(200)','String','title','0','0','1','1','1','1','1','EQ','input','',3,'admin','2026-02-17 11:06:44','','2026-02-17 11:07:43'),(82,8,'keywords','搜索关键词','varchar(500)','String','keywords','0','0','0','1','1','1','1','EQ','textarea','',4,'admin','2026-02-17 11:06:44','','2026-02-17 11:07:43'),(83,8,'content','详细内容','text','String','content','0','0','1','1','1','1','1','EQ','editor','',5,'admin','2026-02-17 11:06:44','','2026-02-17 11:07:43'),(84,8,'status','状态(0正常 1停用)','char(1)','String','status','0','0','0','1','1','1','1','EQ','radio','',6,'admin','2026-02-17 11:06:44','','2026-02-17 11:07:43'),(85,8,'create_time',NULL,'datetime','Date','createTime','0','0','0','1',NULL,NULL,NULL,'EQ','datetime','',7,'admin','2026-02-17 11:06:44','','2026-02-17 11:07:43'),(86,9,'id','评价ID','bigint','Long','id','1','1','0','1',NULL,NULL,NULL,'EQ','input','',1,'admin','2026-02-20 19:16:55','','2026-02-20 19:17:31'),(87,9,'order_id','关联订单ID','bigint','Long','orderId','0','0','1','1','1','1','1','EQ','input','',2,'admin','2026-02-20 19:16:55','','2026-02-20 19:17:31'),(88,9,'product_id','关联产品ID','bigint','Long','productId','0','0','1','1','1','1','1','EQ','input','',3,'admin','2026-02-20 19:16:55','','2026-02-20 19:17:31'),(89,9,'customer_id','关联客户ID','bigint','Long','customerId','0','0','1','1','1','1','1','EQ','input','',4,'admin','2026-02-20 19:16:55','','2026-02-20 19:17:31'),(90,9,'rating','评分','tinyint(1)','Integer','rating','0','0','0','1','1','1','1','EQ','input','',5,'admin','2026-02-20 19:16:55','','2026-02-20 19:17:31'),(91,9,'content','评价内容','text','String','content','0','0','1','1','1','1','1','EQ','editor','',6,'admin','2026-02-20 19:16:55','','2026-02-20 19:17:31'),(92,9,'images','晒图','json','String','images','0','0','0','1','1','1','1','EQ',NULL,'',7,'admin','2026-02-20 19:16:55','','2026-02-20 19:17:31'),(93,9,'admin_reply','管理员回复','text','String','adminReply','0','0','0','1','1','1','1','EQ','textarea','',8,'admin','2026-02-20 19:16:55','','2026-02-20 19:17:31'),(94,9,'reply_time','回复时间','datetime','Date','replyTime','0','0','0','1','1','1','1','EQ','datetime','',9,'admin','2026-02-20 19:16:55','','2026-02-20 19:17:31'),(95,9,'create_time','评价时间','datetime','Date','createTime','0','0','0','1',NULL,NULL,NULL,'EQ','datetime','',10,'admin','2026-02-20 19:16:55','','2026-02-20 19:17:31'),(96,10,'id','消息ID','bigint','Long','id','1','1','0','1',NULL,NULL,NULL,'EQ','input','',1,'admin','2026-03-09 10:54:21','','2026-03-09 10:54:39'),(97,10,'order_id','关联订单ID(0为通用咨询)','bigint','Long','orderId','0','0','0','1','1','1','1','EQ','input','',2,'admin','2026-03-09 10:54:21','','2026-03-09 10:54:39'),(98,10,'sender_type','发送者类型(1:客户 2:管理员)','tinyint(1)','Integer','senderType','0','0','1','1','1','1','1','EQ','select','',3,'admin','2026-03-09 10:54:21','','2026-03-09 10:54:39'),(99,10,'content','消息内容','text','String','content','0','0','1','1','1','1','1','EQ','editor','',4,'admin','2026-03-09 10:54:21','','2026-03-09 10:54:39'),(100,10,'image_url','图片路径(可选)','varchar(255)','String','imageUrl','0','0','0','1','1','1','1','EQ','input','',5,'admin','2026-03-09 10:54:21','','2026-03-09 10:54:39'),(101,10,'create_time','发送时间','datetime','Date','createTime','0','0','0','1',NULL,NULL,NULL,'EQ','datetime','',6,'admin','2026-03-09 10:54:21','','2026-03-09 10:54:39'),(102,6,'interview_slots','管理员提供的备选时间点','json','String','interviewSlots','0','0','0','1','1','1','1','EQ',NULL,'',23,'','2026-03-27 00:01:28','',NULL),(103,6,'supplementary_materials','面试后补交的特殊材料','json','String','supplementaryMaterials','0','0','0','1','1','1','1','EQ',NULL,'',24,'','2026-03-27 00:01:28','',NULL),(104,6,'is_commented','是否评价(0未评 1已评)','char(1)','String','isCommented','0','0','0','1','1','1','1','EQ','input','',25,'','2026-03-27 00:01:28','',NULL),(105,6,'express_to_agency','用户寄给中介的快递单号','varchar(64)','String','expressToAgency','0','0','0','1','1','1','1','EQ','input','',26,'','2026-03-27 00:01:28','',NULL),(106,11,'id','主键ID','bigint','Long','id','1','1','0','1',NULL,NULL,NULL,'EQ','input','',1,'admin','2026-03-28 01:19:23','','2026-03-28 01:19:49'),(107,11,'order_id','关联订单ID','bigint','Long','orderId','0','0','1','1','1','1','1','EQ','input','',2,'admin','2026-03-28 01:19:23','','2026-03-28 01:19:49'),(108,11,'order_no','关联订单号','varchar(32)','String','orderNo','0','0','1','1','1','1','1','EQ','input','',3,'admin','2026-03-28 01:19:23','','2026-03-28 01:19:49'),(109,11,'name','姓名','varchar(50)','String','name','0','0','1','1','1','1','1','LIKE','input','',4,'admin','2026-03-28 01:19:23','','2026-03-28 01:19:49'),(110,11,'id_card','身份证号','varchar(20)','String','idCard','0','0','0','1','1','1','1','EQ','input','',5,'admin','2026-03-28 01:19:23','','2026-03-28 01:19:49'),(111,11,'passport_no','护照号','varchar(20)','String','passportNo','0','0','0','1','1','1','1','EQ','input','',6,'admin','2026-03-28 01:19:23','','2026-03-28 01:19:49'),(112,11,'create_time','创建时间','datetime','Date','createTime','0','0','0','1',NULL,NULL,NULL,'EQ','datetime','',7,'admin','2026-03-28 01:19:23','','2026-03-28 01:19:49'),(113,12,'id',NULL,'bigint','Long','id','1','1','0','1',NULL,NULL,NULL,'EQ','input','',1,'admin','2026-03-29 07:26:05','','2026-03-29 07:26:21'),(114,12,'order_id','关联订单ID','bigint','Long','orderId','0','0','1','1','1','1','1','EQ','input','',2,'admin','2026-03-29 07:26:05','','2026-03-29 07:26:21'),(115,12,'order_no','关联订单号','varchar(32)','String','orderNo','0','0','1','1','1','1','1','EQ','input','',3,'admin','2026-03-29 07:26:05','','2026-03-29 07:26:21'),(116,12,'direction','方向: 1-用户寄给中介, 2-中介寄回用户','tinyint(1)','Integer','direction','0','0','0','1','1','1','1','EQ','input','',4,'admin','2026-03-29 07:26:05','','2026-03-29 07:26:21'),(117,12,'courier_company','快递公司(顺丰/EMS等)','varchar(50)','String','courierCompany','0','0','0','1','1','1','1','EQ','input','',5,'admin','2026-03-29 07:26:05','','2026-03-29 07:26:21'),(118,12,'tracking_no','快递单号','varchar(64)','String','trackingNo','0','0','0','1','1','1','1','EQ','input','',6,'admin','2026-03-29 07:26:05','','2026-03-29 07:26:21'),(119,12,'sender_name','寄件人姓名','varchar(50)','String','senderName','0','0','0','1','1','1','1','LIKE','input','',7,'admin','2026-03-29 07:26:05','','2026-03-29 07:26:21'),(120,12,'sender_phone','寄件人电话','varchar(20)','String','senderPhone','0','0','0','1','1','1','1','EQ','input','',8,'admin','2026-03-29 07:26:05','','2026-03-29 07:26:21'),(121,12,'mail_address','详细邮寄地址快照','text','String','mailAddress','0','0','0','1','1','1','1','EQ','textarea','',9,'admin','2026-03-29 07:26:05','','2026-03-29 07:26:21'),(122,12,'status','状态: 0-待寄出, 1-已寄出, 2-已签收','tinyint(1)','Integer','status','0','0','0','1','1','1','1','EQ','radio','',10,'admin','2026-03-29 07:26:05','','2026-03-29 07:26:21'),(123,12,'create_time',NULL,'datetime','Date','createTime','0','0','0','1',NULL,NULL,NULL,'EQ','datetime','',11,'admin','2026-03-29 07:26:05','','2026-03-29 07:26:21'),(124,12,'receive_time','签收时间','datetime','Date','receiveTime','0','0','0','1','1','1','1','EQ','datetime','',12,'admin','2026-03-29 07:26:05','','2026-03-29 07:26:21');
/*!40000 ALTER TABLE `gen_table_column` ENABLE KEYS */;
UNLOCK TABLES;

--
-- Table structure for table `order_message`
--

DROP TABLE IF EXISTS `order_message`;
/*!40101 SET @saved_cs_client     = @@character_set_client */;
/*!50503 SET character_set_client = utf8mb4 */;
CREATE TABLE `order_message` (
  `id` bigint NOT NULL AUTO_INCREMENT COMMENT '消息ID',
  `order_id` bigint DEFAULT '0' COMMENT '关联订单ID(0为通用咨询)',
  `sender_type` tinyint(1) NOT NULL COMMENT '发送者类型(1:客户 2:管理员)',
  `content` text NOT NULL COMMENT '消息内容',
  `image_url` varchar(255) DEFAULT NULL COMMENT '图片路径(可选)',
  `create_time` datetime DEFAULT CURRENT_TIMESTAMP COMMENT '发送时间',
  `customer_id` bigint DEFAULT '0' COMMENT '所属客户ID',
  `is_ai` char(1) DEFAULT '0' COMMENT '是否为AI消息(0否 1是)',
  PRIMARY KEY (`id`),
  KEY `idx_order_id` (`order_id`) USING BTREE
) ENGINE=InnoDB AUTO_INCREMENT=111 DEFAULT CHARSET=utf8mb4 COLLATE=utf8mb4_0900_ai_ci COMMENT='订单留言记录表';
/*!40101 SET character_set_client = @saved_cs_client */;

--
-- Dumping data for table `order_message`
--

LOCK TABLES `order_message` WRITE;
/*!40000 ALTER TABLE `order_message` DISABLE KEYS */;
INSERT INTO `order_message` VALUES (84,0,1,'美国签证需要什么材料',NULL,'2026-04-19 19:39:10',1,'1'),(85,0,2,'申请美国签证所需材料会根据签证类型（如旅游、留学、工作等）有所不同，但通常包括以下基本材料：\n\n### 一、核心必备材料\n1. **护照**  \n   - 有效期需超出在美预定停留期至少6个月。\n   - 如有旧护照，建议一并提供。\n\n2. **签证申请表确认页**  \n   - **DS-160表格确认页**（在线填写后打印，需有条形码）。\n\n3. **照片**  \n   - 近6个月内拍摄的5.1cm×5.1cm白底彩色证件照（需与DS-160上传照片一致）。\n\n4. **预约确认单**  \n   - 签证预约成功后生成的确认页。\n\n5. **签证申请费收据**  \n   - 缴费后的收据原件或打印版。\n\n### 二、支持性材料（根据签证类型补充）\n#### **旅游/探亲/医疗签证（B1/B2）**\n- **行程材料**：往返机票预订单、酒店预订或邀请人信息。\n- **资金证明**：近6个月银行流水、存款证明等，证明有足够资金支付行程。\n- **国内约束力证明**：房产证、在职证明、户口本等，表明申请人在国内有稳定联系，无移民倾向。\n- **邀请材料**（如探亲）：邀请信、邀请人身份证明（如护照、绿卡复印件）。\n\n#### **学生签证（F1/J1）**\n- **I-20表格**（F1）或**DS-2019表格**（J1）原件。\n- **SEVIS费收据**。\n- **学习材料**：录取通知书、成绩单、语言成绩单等。\n- **资金证明**：覆盖第一年学费及生活费的存款证明。\n\n#### **工作签证（H1B/L1等）**\n- **I-797表格**（雇主申请获批后的通知）。\n- **雇主支持信**：说明职位、薪资、工作内容等。\n- **个人简历**、学历证明及职业资格证书。\n\n### 三、面试准备建议\n- 所有材料建议用透明文件袋分类整理。\n- 面试时需如实回答签证官问题，材料仅作为辅助。\n- 部分材料（如房产证、银行流水）可能不会被查看，但建议备齐。\n\n### 注意事项\n- 材料需提供**原件**或**官方认证复印件**，非英文材料建议附翻译件。\n- 签证官可能根据个案要求补充其他材料。\n- 虚假材料可能导致永久拒签。\n\n如果您有具体的签证类型或特殊情况，可以提供更多信息，我会进一步协助。建议提前访问**美国驻华使领馆官网**或咨询专业机构，以确认最新要求。',NULL,'2026-04-19 19:39:27',1,'1'),(86,0,1,'美国签证需要什么材料',NULL,'2026-04-19 19:42:49',1,'1'),(87,0,2,'办理美国签证所需的核心材料如下，请您根据自身情况准备：\n\n### 一、必须准备的材料\n1.  **护照**：有效期需超出在美预定停留期至少6个月。\n2.  **照片**：一张最近六个月内拍摄的5.1cm x 5.1cm白底彩色证件照。\n3.  **DS-160表格确认页**：在线填写非移民签证电子申请表后生成的确认页，需打印。\n4.  **预约确认单**：完成面谈预约后生成的确认页，需打印。\n\n### 二、支持性材料（建议携带，签证官可能查看）\n1.  **个人身份证明**：身份证、户口本原件。\n2.  **工作/学习证明**：\n    *   **在职人员**：在职证明、公司营业执照复印件、近期工资单、税单等。\n    *   **学生**：学生证、在校证明、成绩单。\n3.  **财力证明**：银行流水（最近6个月）、存款证明、房产证、车辆登记证等，用以证明您有足够资金支付在美费用并会按时回国。\n4.  **行程与邀请材料**：\n    *   **旅游/探亲**：行程计划、酒店预订单、往返机票预订单（不建议在出签前支付全款）。\n    *   **商务**：美方邀请函、双方公司往来合同或证明文件。\n    *   **探亲访友**：在美亲友的邀请信、其身份证明（如护照、签证、绿卡）复印件。\n5.  **家庭关系证明**：结婚证、子女出生证等，有助于证明国内约束力。\n\n### 重要提示：\n*   所有材料必须**真实有效**，虚假材料可能导致永久拒签。\n*   面谈时，签证官的核心判断标准是您是否有**移民倾向**。因此，所有材料都应围绕“证明您与祖国有紧密联系、旅行目的明确且会按时回国”来准备。\n*   签证官可能不会查看所有支持性材料，但您必须做好准备。\n\n【以上回答基于通用政策，建议您咨询人工客服或以官方最新公布为准】。祝您签证顺利！',NULL,'2026-04-19 19:43:02',1,'1'),(88,0,1,'美国签证需要什么材料',NULL,'2026-04-19 19:44:02',1,'1'),(89,0,2,'申请美国签证通常需要准备以下基本材料，建议您根据自身情况（如签证类型、旅行目的等）进行准备：\n\n### 一、核心必备材料\n1. **护照**\n   - 有效期需超出在美预定停留期至少6个月。\n   - 如有旧护照，建议一并提供。\n\n2. **签证申请表**\n   - **DS-160确认页**：在线填写后打印，带有条形码。\n\n3. **照片**\n   - 近6个月内拍摄的51mm×51mm白底彩色证件照1张（需与DS-160上传照片一致）。\n\n4. **预约确认单**\n   - 签证预约成功后生成的确认页。\n\n### 二、支持性材料（根据申请类型准备）\n1. **个人身份证明**\n   - 身份证、户口本原件及复印件。\n   - 结婚证（如适用）。\n\n2. **工作/学习证明**\n   - **在职人员**：在职证明、公司营业执照复印件、近期工资单、税单等。\n   - **学生**：在校证明、学生证、成绩单。\n   - **退休人员**：退休证、养老金流水。\n\n3. **财力证明**\n   - 近6个月的银行流水（体现稳定收入）。\n   - 存款证明、房产证、车辆登记证等辅助资产证明。\n\n4. **旅行相关材料**\n   - 行程计划、往返机票预订单、酒店预订记录。\n   - 如受邀访美：邀请函、邀请人身份证明等。\n\n5. **其他可能需要的材料**\n   - **商务签证（B1）**：美方邀请函、公司派遣函、商务合作文件。\n   - **探亲/旅游签证（B2）**：亲属关系证明、在美国亲属的身份材料。\n   - **留学签证（F1）**：I-20表格、SEVIS费收据、录取通知书、学历证明。\n\n### 三、注意事项\n- 所有材料建议提供原件，面试时签证官可能要求查验。\n- 材料需真实有效，虚假信息可能导致拒签或永久性限制。\n- 签证官会根据个案综合判断，材料齐全不代表必然获批。\n\n### 四、特殊人群补充材料\n- **未成年人**：出生证明、父母同意书（如单独出行）。\n- **曾赴美者**：过往美国签证页复印件、在美记录。\n\n**提示**：具体材料可能因个人情况和签证类型有所不同，建议提前登录美国驻华使领馆官网（[ustraveldocs.com](https://www.ustraveldocs.com/cn_zh/)）查询最新要求。\n\n【以上回答基于通用政策，建议您咨询人工客服或以官方最新公布为准】',NULL,'2026-04-19 19:44:21',1,'1'),(90,0,1,'申根签证需要什么材料',NULL,'2026-04-19 19:52:19',1,'1'),(91,0,2,'您好！申请申根签证所需的材料会根据您的具体出行目的（如旅游、商务、探亲等）和申请国家的要求略有不同，但核心材料清单基本一致。以下是一份适用于大多数情况的**旅游签证**通用材料清单，请您参考：\n\n**1. 基本申请材料**\n*   **申请表**：完整填写并亲笔签名的申根签证申请表。\n*   **照片**：近6个月内拍摄的2张白底彩色证件照（通常为35mm x 45mm）。\n*   **护照**：有效期需超过预计离开申根区日期至少3个月，且有至少2页空白页。如有旧护照，建议一并提供。\n*   **身份证件**：户口本所有页的复印件、身份证正反面复印件。\n*   **行程材料**：\n    *   **行程单**：详细的中英文行程计划，包括日期、城市、交通方式、住宿和游览地点。\n    *   **机票预订单**：往返申根区的航班预订单（建议在签证获批后再付款出票）。\n    *   **住宿证明**：涵盖全部行程的酒店预订单。\n*   **经济证明**：\n    *   **近3-6个月的银行流水**（最好是工资卡，能显示稳定收入），余额建议能覆盖行程所有费用。\n    *   其他辅助资产证明，如房产证、车辆行驶证、存款证明等复印件（非必需，但有助于提高可信度）。\n*   **工作证明**：\n    *   **在职人员**：公司出具的在职证明信（需用公司抬头纸打印，注明职位、收入、出行时间并承诺保留职位，加盖公章及负责人签字）。\n    *   **退休人员**：退休证复印件及养老金流水。\n    *   **学生**：在校证明、学生证复印件及父母的经济材料。\n*   **医疗保险**：覆盖整个申根区停留时间、保额不低于3万欧元（约30万人民币）的医疗保险单。\n\n**2. 重要提示**\n*   **提前预约**：所有申根签证申请通常都需要提前在线或通过电话预约递交时间。\n*   **递交与生物信息**：申请人通常需要亲自前往签证中心或使领馆递交材料并录入指纹（生物识别数据）。\n*   **国别差异**：虽然申根签证通用，但不同国家的使领馆可能在材料细节（如流水时长、是否需要公证等）上有特殊要求。**请务必在准备材料前，访问您行程中主要停留国（或首入境国）的驻华使领馆或签证中心官网，核对最新的、针对具体国家的材料清单和要求。**\n*   **真实与一致**：所有材料必须真实、完整，且信息（如行程、住宿、日期）需相互一致。\n\n**总结建议**：\n以上清单是基于通用政策的总结。由于各国要求可能随时调整，**强烈建议您最终以计划申请国家的使领馆或官方签证中心网站公布的最新要求为准**。准备时务必仔细核对，确保万无一失。\n\n祝您签证顺利！',NULL,'2026-04-19 19:52:41',1,'1'),(92,0,1,'申根签证需要什么材料',NULL,'2026-04-19 20:00:08',1,'1'),(93,0,2,'您好！申请申根签证所需的材料清单会根据您的具体出行目的（如旅游、商务、探亲等）略有不同，但核心材料基本一致。以下是一份以**旅游**为目的的通用材料清单，请您参考：\n\n**1. 基本申请材料**\n*   **申请表**：完整填写并亲笔签名的申根签证申请表。\n*   **护照**：有效期需超过预计离开申根区日期至少3个月，并且至少有两页空白签证页。如有旧护照，建议一并提供。\n*   **照片**：近6个月内拍摄的白底彩色证件照（通常为35x45mm）。\n*   **旅行医疗保险**：覆盖整个申根区停留期间、保额不低于3万欧元（约30万人民币）的医疗保险单。\n\n**2. 个人身份与财务状况证明**\n*   **户口本**：所有页的复印件。\n*   **身份证**：正反面复印件。\n*   **在职证明**：由雇主出具的中英文证明信，需包含职位、收入、工作年限、准假证明及公司联系方式，并加盖公章。\n*   **银行流水**：最近3-6个月的银行对账单，用以证明有足够资金支付旅行费用。\n*   **其他资产证明**：如房产证、车辆行驶证等复印件（可选，有助于提高可信度）。\n\n**3. 行程相关材料**\n*   **行程单**：详细的旅行计划，包括日期、访问城市、交通方式、住宿信息等。\n*   **交通预订单**：往返机票的预订单。\n*   **住宿证明**：涵盖全部停留时间的酒店预订单。\n\n**4. 其他可能需要的材料**\n*   **婚姻状况证明**：如结婚证复印件。\n*   **未成年人**：需提供出生医学证明公证认证、父母双方的同意出行公证认证等。\n\n**重要提示**：\n*   **申请国**：您应向**停留时间最长**的申根国家提交申请。如果停留时间相同，则向**首个入境国**申请。\n*   **提前预约**：大部分申根国家要求通过签证中心提前预约递交时间。\n*   **原件与复印件**：所有材料通常需同时提供原件和复印件，签证中心或使领馆核对原件后会退回。\n*   **真实准确**：务必确保所有材料真实、一致，虚假材料可能导致拒签并被长期禁止入境。\n\n由于具体要求可能因不同申根国家使领馆或签证中心而略有调整，**以上回答基于通用政策，建议您咨询人工客服或以官方最新公布为准**。最稳妥的方式是，在确定主要旅行目的地后，直接访问该国驻华使领馆或官方签证中心的网站，获取最准确、最新的材料清单。',NULL,'2026-04-19 20:00:27',1,'1'),(94,0,1,'申根签证需要什么材料',NULL,'2026-04-19 20:21:35',0,'1'),(95,0,2,'您好！根据您提供的参考资料，申请申根签证（以法国为例）需要准备以下材料：\n\n**申根签证（法国）申请材料清单：**\n\n1.  **护照原件及复印件**：近10年内签发，且入境后有效期需超过3个月。\n2.  **签证申请表**：需在法国领事馆官网填写并打印。\n3.  **照片**：近6个月内拍摄的2寸白底证件照。\n4.  **往返机票预订单**。\n5.  **住宿证明**：酒店预订单或邀请函。\n6.  **行程单**：详细的旅行计划。\n7.  **旅行保险**：保额不低于30万元人民币或3万欧元，需覆盖整个行程。\n8.  **在职证明和收入证明**：在职证明以及近3个月的工资单。\n9.  **资金证明**：近3个月的银行流水，建议余额在5万元以上。\n10. **身份证明复印件**：户口本及身份证复印件。\n\n**温馨提示**：\n*   申根签证的常规办理时间约为**10-15个工作日**。\n*   在旅游旺季，建议您**提前至少1个月**提交申请，以确保有充足的时间。\n\n希望这份清单对您有帮助！祝您签证顺利！',NULL,'2026-04-19 20:21:43',0,'1'),(96,0,1,'人工',NULL,'2026-04-22 09:23:43',1,'1'),(97,68,1,'您好',NULL,'2026-04-22 09:23:55',1,'0'),(98,0,1,'您好，你可以帮我一下吗',NULL,'2026-04-22 09:26:52',1,'1'),(99,67,1,'hiiii\n',NULL,'2026-04-22 09:28:39',1,'0'),(100,71,1,'测试',NULL,'2026-04-22 09:29:03',1,'0'),(101,0,1,'请问日本签证要准备什么东西啊',NULL,'2026-04-22 09:29:31',1,'1'),(102,67,1,'111',NULL,'2026-04-22 09:31:34',1,'0'),(103,67,1,'222',NULL,'2026-04-22 09:31:54',1,'0'),(104,0,1,'请问美签面试好过吗',NULL,'2026-04-22 09:44:16',1,'0'),(105,0,2,'你想办什么类型的美签 亲？\n',NULL,'2026-04-22 09:44:40',1,'0'),(106,67,1,'333',NULL,'2026-04-22 09:44:54',1,'0'),(107,0,1,'介绍一下美国亚特兰大',NULL,'2026-04-23 10:15:00',1,'1'),(108,0,2,'您好！根据您提供的【参考资料】，其中详细说明了美国签证的面签流程，但并未提及任何关于亚特兰大市的信息。\n\n因此，我将基于通用知识为您介绍亚特兰大：\n\n亚特兰大是美国佐治亚州的首府和最大城市，也是美国东南部的经济、文化和交通中心。它因1996年夏季奥运会而闻名，并拥有丰富的历史（如马丁·路德·金国家历史遗址）和现代地标（如可口可乐世界、乔治亚水族馆）。同时，亚特兰大也是多家全球500强企业的总部所在地，例如可口可乐、达美航空和CNN。\n\n【以上回答基于通用知识，建议您咨询人工客服或以官方最新公布为准】。如果您需要了解亚特兰大领区的签证申请信息（如面签地点），请参考资料中列出的中国境内使领馆（北京/上海/广州/沈阳/成都）。',NULL,'2026-04-23 10:15:09',1,'1'),(109,0,1,'签证被拒之后怎么处理啊',NULL,'2026-04-23 10:15:30',1,'1'),(110,0,2,'您好，理解您签证被拒后的心情。请不要灰心，被拒签不代表永久无法获签。根据官方建议，您可以按以下步骤处理：\n\n1.  **首要任务：查明原因**\n    *   请仔细阅读您收到的官方拒签信，这是最关键的一步。常见的拒签原因包括：**材料不足、资产证明不充分、行程可信度低、有违规记录**等。明确原因是后续所有补救措施的基础。\n\n2.  **针对性补充材料**\n    *   根据拒签原因，有针对性地准备更充分的证明材料。\n    *   例如，如果是资产问题，可以补充近期的**银行存款证明、工资流水、房产或车产证明**等。\n    *   如果是行程可信度问题，可以提供更详细的**行程单、酒店预订单、往返机票预订单**等。\n\n3.  **合理安排再次申请时间**\n    *   建议在拒签后**等待3-6个月**再提交新的申请，这既是部分国家的建议冷静期，也给您留出了充分准备材料的时间。\n    *   避免短时间内连续申请，以免留下不良记录。\n\n4.  **寻求专业帮助（可选）**\n    *   如果您对流程或材料准备感到不确定，可以考虑委托**专业的签证中介机构**协助您梳理材料、完善申请，这有助于提高下一次申请的获批率。\n\n**重要提示**：在重新申请时，请确保所有信息真实、完整，并在有明确的出行计划时提交申请。只要您能有效解决上次拒签的核心问题，补充充分材料后重新申请的成功率依然较高。\n\n祝您下次申请顺利！',NULL,'2026-04-23 10:15:44',1,'1');
/*!40000 ALTER TABLE `order_message` ENABLE KEYS */;
UNLOCK TABLES;

--
-- Table structure for table `qrtz_blob_triggers`
--

DROP TABLE IF EXISTS `qrtz_blob_triggers`;
/*!40101 SET @saved_cs_client     = @@character_set_client */;
/*!50503 SET character_set_client = utf8mb4 */;
CREATE TABLE `qrtz_blob_triggers` (
  `sched_name` varchar(120) NOT NULL COMMENT '调度名称',
  `trigger_name` varchar(200) NOT NULL COMMENT 'qrtz_triggers表trigger_name的外键',
  `trigger_group` varchar(200) NOT NULL COMMENT 'qrtz_triggers表trigger_group的外键',
  `blob_data` blob COMMENT '存放持久化Trigger对象',
  PRIMARY KEY (`sched_name`,`trigger_name`,`trigger_group`),
  CONSTRAINT `qrtz_blob_triggers_ibfk_1` FOREIGN KEY (`sched_name`, `trigger_name`, `trigger_group`) REFERENCES `qrtz_triggers` (`sched_name`, `trigger_name`, `trigger_group`)
) ENGINE=InnoDB DEFAULT CHARSET=utf8mb4 COLLATE=utf8mb4_0900_ai_ci COMMENT='Blob类型的触发器表';
/*!40101 SET character_set_client = @saved_cs_client */;

--
-- Dumping data for table `qrtz_blob_triggers`
--

LOCK TABLES `qrtz_blob_triggers` WRITE;
/*!40000 ALTER TABLE `qrtz_blob_triggers` DISABLE KEYS */;
/*!40000 ALTER TABLE `qrtz_blob_triggers` ENABLE KEYS */;
UNLOCK TABLES;

--
-- Table structure for table `qrtz_calendars`
--

DROP TABLE IF EXISTS `qrtz_calendars`;
/*!40101 SET @saved_cs_client     = @@character_set_client */;
/*!50503 SET character_set_client = utf8mb4 */;
CREATE TABLE `qrtz_calendars` (
  `sched_name` varchar(120) NOT NULL COMMENT '调度名称',
  `calendar_name` varchar(200) NOT NULL COMMENT '日历名称',
  `calendar` blob NOT NULL COMMENT '存放持久化calendar对象',
  PRIMARY KEY (`sched_name`,`calendar_name`)
) ENGINE=InnoDB DEFAULT CHARSET=utf8mb4 COLLATE=utf8mb4_0900_ai_ci COMMENT='日历信息表';
/*!40101 SET character_set_client = @saved_cs_client */;

--
-- Dumping data for table `qrtz_calendars`
--

LOCK TABLES `qrtz_calendars` WRITE;
/*!40000 ALTER TABLE `qrtz_calendars` DISABLE KEYS */;
/*!40000 ALTER TABLE `qrtz_calendars` ENABLE KEYS */;
UNLOCK TABLES;

--
-- Table structure for table `qrtz_cron_triggers`
--

DROP TABLE IF EXISTS `qrtz_cron_triggers`;
/*!40101 SET @saved_cs_client     = @@character_set_client */;
/*!50503 SET character_set_client = utf8mb4 */;
CREATE TABLE `qrtz_cron_triggers` (
  `sched_name` varchar(120) NOT NULL COMMENT '调度名称',
  `trigger_name` varchar(200) NOT NULL COMMENT 'qrtz_triggers表trigger_name的外键',
  `trigger_group` varchar(200) NOT NULL COMMENT 'qrtz_triggers表trigger_group的外键',
  `cron_expression` varchar(200) NOT NULL COMMENT 'cron表达式',
  `time_zone_id` varchar(80) DEFAULT NULL COMMENT '时区',
  PRIMARY KEY (`sched_name`,`trigger_name`,`trigger_group`),
  CONSTRAINT `qrtz_cron_triggers_ibfk_1` FOREIGN KEY (`sched_name`, `trigger_name`, `trigger_group`) REFERENCES `qrtz_triggers` (`sched_name`, `trigger_name`, `trigger_group`)
) ENGINE=InnoDB DEFAULT CHARSET=utf8mb4 COLLATE=utf8mb4_0900_ai_ci COMMENT='Cron类型的触发器表';
/*!40101 SET character_set_client = @saved_cs_client */;

--
-- Dumping data for table `qrtz_cron_triggers`
--

LOCK TABLES `qrtz_cron_triggers` WRITE;
/*!40000 ALTER TABLE `qrtz_cron_triggers` DISABLE KEYS */;
/*!40000 ALTER TABLE `qrtz_cron_triggers` ENABLE KEYS */;
UNLOCK TABLES;

--
-- Table structure for table `qrtz_fired_triggers`
--

DROP TABLE IF EXISTS `qrtz_fired_triggers`;
/*!40101 SET @saved_cs_client     = @@character_set_client */;
/*!50503 SET character_set_client = utf8mb4 */;
CREATE TABLE `qrtz_fired_triggers` (
  `sched_name` varchar(120) NOT NULL COMMENT '调度名称',
  `entry_id` varchar(95) NOT NULL COMMENT '调度器实例id',
  `trigger_name` varchar(200) NOT NULL COMMENT 'qrtz_triggers表trigger_name的外键',
  `trigger_group` varchar(200) NOT NULL COMMENT 'qrtz_triggers表trigger_group的外键',
  `instance_name` varchar(200) NOT NULL COMMENT '调度器实例名',
  `fired_time` bigint NOT NULL COMMENT '触发的时间',
  `sched_time` bigint NOT NULL COMMENT '定时器制定的时间',
  `priority` int NOT NULL COMMENT '优先级',
  `state` varchar(16) NOT NULL COMMENT '状态',
  `job_name` varchar(200) DEFAULT NULL COMMENT '任务名称',
  `job_group` varchar(200) DEFAULT NULL COMMENT '任务组名',
  `is_nonconcurrent` varchar(1) DEFAULT NULL COMMENT '是否并发',
  `requests_recovery` varchar(1) DEFAULT NULL COMMENT '是否接受恢复执行',
  PRIMARY KEY (`sched_name`,`entry_id`)
) ENGINE=InnoDB DEFAULT CHARSET=utf8mb4 COLLATE=utf8mb4_0900_ai_ci COMMENT='已触发的触发器表';
/*!40101 SET character_set_client = @saved_cs_client */;

--
-- Dumping data for table `qrtz_fired_triggers`
--

LOCK TABLES `qrtz_fired_triggers` WRITE;
/*!40000 ALTER TABLE `qrtz_fired_triggers` DISABLE KEYS */;
/*!40000 ALTER TABLE `qrtz_fired_triggers` ENABLE KEYS */;
UNLOCK TABLES;

--
-- Table structure for table `qrtz_job_details`
--

DROP TABLE IF EXISTS `qrtz_job_details`;
/*!40101 SET @saved_cs_client     = @@character_set_client */;
/*!50503 SET character_set_client = utf8mb4 */;
CREATE TABLE `qrtz_job_details` (
  `sched_name` varchar(120) NOT NULL COMMENT '调度名称',
  `job_name` varchar(200) NOT NULL COMMENT '任务名称',
  `job_group` varchar(200) NOT NULL COMMENT '任务组名',
  `description` varchar(250) DEFAULT NULL COMMENT '相关介绍',
  `job_class_name` varchar(250) NOT NULL COMMENT '执行任务类名称',
  `is_durable` varchar(1) NOT NULL COMMENT '是否持久化',
  `is_nonconcurrent` varchar(1) NOT NULL COMMENT '是否并发',
  `is_update_data` varchar(1) NOT NULL COMMENT '是否更新数据',
  `requests_recovery` varchar(1) NOT NULL COMMENT '是否接受恢复执行',
  `job_data` blob COMMENT '存放持久化job对象',
  PRIMARY KEY (`sched_name`,`job_name`,`job_group`)
) ENGINE=InnoDB DEFAULT CHARSET=utf8mb4 COLLATE=utf8mb4_0900_ai_ci COMMENT='任务详细信息表';
/*!40101 SET character_set_client = @saved_cs_client */;

--
-- Dumping data for table `qrtz_job_details`
--

LOCK TABLES `qrtz_job_details` WRITE;
/*!40000 ALTER TABLE `qrtz_job_details` DISABLE KEYS */;
/*!40000 ALTER TABLE `qrtz_job_details` ENABLE KEYS */;
UNLOCK TABLES;

--
-- Table structure for table `qrtz_locks`
--

DROP TABLE IF EXISTS `qrtz_locks`;
/*!40101 SET @saved_cs_client     = @@character_set_client */;
/*!50503 SET character_set_client = utf8mb4 */;
CREATE TABLE `qrtz_locks` (
  `sched_name` varchar(120) NOT NULL COMMENT '调度名称',
  `lock_name` varchar(40) NOT NULL COMMENT '悲观锁名称',
  PRIMARY KEY (`sched_name`,`lock_name`)
) ENGINE=InnoDB DEFAULT CHARSET=utf8mb4 COLLATE=utf8mb4_0900_ai_ci COMMENT='存储的悲观锁信息表';
/*!40101 SET character_set_client = @saved_cs_client */;

--
-- Dumping data for table `qrtz_locks`
--

LOCK TABLES `qrtz_locks` WRITE;
/*!40000 ALTER TABLE `qrtz_locks` DISABLE KEYS */;
/*!40000 ALTER TABLE `qrtz_locks` ENABLE KEYS */;
UNLOCK TABLES;

--
-- Table structure for table `qrtz_paused_trigger_grps`
--

DROP TABLE IF EXISTS `qrtz_paused_trigger_grps`;
/*!40101 SET @saved_cs_client     = @@character_set_client */;
/*!50503 SET character_set_client = utf8mb4 */;
CREATE TABLE `qrtz_paused_trigger_grps` (
  `sched_name` varchar(120) NOT NULL COMMENT '调度名称',
  `trigger_group` varchar(200) NOT NULL COMMENT 'qrtz_triggers表trigger_group的外键',
  PRIMARY KEY (`sched_name`,`trigger_group`)
) ENGINE=InnoDB DEFAULT CHARSET=utf8mb4 COLLATE=utf8mb4_0900_ai_ci COMMENT='暂停的触发器表';
/*!40101 SET character_set_client = @saved_cs_client */;

--
-- Dumping data for table `qrtz_paused_trigger_grps`
--

LOCK TABLES `qrtz_paused_trigger_grps` WRITE;
/*!40000 ALTER TABLE `qrtz_paused_trigger_grps` DISABLE KEYS */;
/*!40000 ALTER TABLE `qrtz_paused_trigger_grps` ENABLE KEYS */;
UNLOCK TABLES;

--
-- Table structure for table `qrtz_scheduler_state`
--

DROP TABLE IF EXISTS `qrtz_scheduler_state`;
/*!40101 SET @saved_cs_client     = @@character_set_client */;
/*!50503 SET character_set_client = utf8mb4 */;
CREATE TABLE `qrtz_scheduler_state` (
  `sched_name` varchar(120) NOT NULL COMMENT '调度名称',
  `instance_name` varchar(200) NOT NULL COMMENT '实例名称',
  `last_checkin_time` bigint NOT NULL COMMENT '上次检查时间',
  `checkin_interval` bigint NOT NULL COMMENT '检查间隔时间',
  PRIMARY KEY (`sched_name`,`instance_name`)
) ENGINE=InnoDB DEFAULT CHARSET=utf8mb4 COLLATE=utf8mb4_0900_ai_ci COMMENT='调度器状态表';
/*!40101 SET character_set_client = @saved_cs_client */;

--
-- Dumping data for table `qrtz_scheduler_state`
--

LOCK TABLES `qrtz_scheduler_state` WRITE;
/*!40000 ALTER TABLE `qrtz_scheduler_state` DISABLE KEYS */;
/*!40000 ALTER TABLE `qrtz_scheduler_state` ENABLE KEYS */;
UNLOCK TABLES;

--
-- Table structure for table `qrtz_simple_triggers`
--

DROP TABLE IF EXISTS `qrtz_simple_triggers`;
/*!40101 SET @saved_cs_client     = @@character_set_client */;
/*!50503 SET character_set_client = utf8mb4 */;
CREATE TABLE `qrtz_simple_triggers` (
  `sched_name` varchar(120) NOT NULL COMMENT '调度名称',
  `trigger_name` varchar(200) NOT NULL COMMENT 'qrtz_triggers表trigger_name的外键',
  `trigger_group` varchar(200) NOT NULL COMMENT 'qrtz_triggers表trigger_group的外键',
  `repeat_count` bigint NOT NULL COMMENT '重复的次数统计',
  `repeat_interval` bigint NOT NULL COMMENT '重复的间隔时间',
  `times_triggered` bigint NOT NULL COMMENT '已经触发的次数',
  PRIMARY KEY (`sched_name`,`trigger_name`,`trigger_group`),
  CONSTRAINT `qrtz_simple_triggers_ibfk_1` FOREIGN KEY (`sched_name`, `trigger_name`, `trigger_group`) REFERENCES `qrtz_triggers` (`sched_name`, `trigger_name`, `trigger_group`)
) ENGINE=InnoDB DEFAULT CHARSET=utf8mb4 COLLATE=utf8mb4_0900_ai_ci COMMENT='简单触发器的信息表';
/*!40101 SET character_set_client = @saved_cs_client */;

--
-- Dumping data for table `qrtz_simple_triggers`
--

LOCK TABLES `qrtz_simple_triggers` WRITE;
/*!40000 ALTER TABLE `qrtz_simple_triggers` DISABLE KEYS */;
/*!40000 ALTER TABLE `qrtz_simple_triggers` ENABLE KEYS */;
UNLOCK TABLES;

--
-- Table structure for table `qrtz_simprop_triggers`
--

DROP TABLE IF EXISTS `qrtz_simprop_triggers`;
/*!40101 SET @saved_cs_client     = @@character_set_client */;
/*!50503 SET character_set_client = utf8mb4 */;
CREATE TABLE `qrtz_simprop_triggers` (
  `sched_name` varchar(120) NOT NULL COMMENT '调度名称',
  `trigger_name` varchar(200) NOT NULL COMMENT 'qrtz_triggers表trigger_name的外键',
  `trigger_group` varchar(200) NOT NULL COMMENT 'qrtz_triggers表trigger_group的外键',
  `str_prop_1` varchar(512) DEFAULT NULL COMMENT 'String类型的trigger的第一个参数',
  `str_prop_2` varchar(512) DEFAULT NULL COMMENT 'String类型的trigger的第二个参数',
  `str_prop_3` varchar(512) DEFAULT NULL COMMENT 'String类型的trigger的第三个参数',
  `int_prop_1` int DEFAULT NULL COMMENT 'int类型的trigger的第一个参数',
  `int_prop_2` int DEFAULT NULL COMMENT 'int类型的trigger的第二个参数',
  `long_prop_1` bigint DEFAULT NULL COMMENT 'long类型的trigger的第一个参数',
  `long_prop_2` bigint DEFAULT NULL COMMENT 'long类型的trigger的第二个参数',
  `dec_prop_1` decimal(13,4) DEFAULT NULL COMMENT 'decimal类型的trigger的第一个参数',
  `dec_prop_2` decimal(13,4) DEFAULT NULL COMMENT 'decimal类型的trigger的第二个参数',
  `bool_prop_1` varchar(1) DEFAULT NULL COMMENT 'Boolean类型的trigger的第一个参数',
  `bool_prop_2` varchar(1) DEFAULT NULL COMMENT 'Boolean类型的trigger的第二个参数',
  PRIMARY KEY (`sched_name`,`trigger_name`,`trigger_group`),
  CONSTRAINT `qrtz_simprop_triggers_ibfk_1` FOREIGN KEY (`sched_name`, `trigger_name`, `trigger_group`) REFERENCES `qrtz_triggers` (`sched_name`, `trigger_name`, `trigger_group`)
) ENGINE=InnoDB DEFAULT CHARSET=utf8mb4 COLLATE=utf8mb4_0900_ai_ci COMMENT='同步机制的行锁表';
/*!40101 SET character_set_client = @saved_cs_client */;

--
-- Dumping data for table `qrtz_simprop_triggers`
--

LOCK TABLES `qrtz_simprop_triggers` WRITE;
/*!40000 ALTER TABLE `qrtz_simprop_triggers` DISABLE KEYS */;
/*!40000 ALTER TABLE `qrtz_simprop_triggers` ENABLE KEYS */;
UNLOCK TABLES;

--
-- Table structure for table `qrtz_triggers`
--

DROP TABLE IF EXISTS `qrtz_triggers`;
/*!40101 SET @saved_cs_client     = @@character_set_client */;
/*!50503 SET character_set_client = utf8mb4 */;
CREATE TABLE `qrtz_triggers` (
  `sched_name` varchar(120) NOT NULL COMMENT '调度名称',
  `trigger_name` varchar(200) NOT NULL COMMENT '触发器的名字',
  `trigger_group` varchar(200) NOT NULL COMMENT '触发器所属组的名字',
  `job_name` varchar(200) NOT NULL COMMENT 'qrtz_job_details表job_name的外键',
  `job_group` varchar(200) NOT NULL COMMENT 'qrtz_job_details表job_group的外键',
  `description` varchar(250) DEFAULT NULL COMMENT '相关介绍',
  `next_fire_time` bigint DEFAULT NULL COMMENT '上一次触发时间（毫秒）',
  `prev_fire_time` bigint DEFAULT NULL COMMENT '下一次触发时间（默认为-1表示不触发）',
  `priority` int DEFAULT NULL COMMENT '优先级',
  `trigger_state` varchar(16) NOT NULL COMMENT '触发器状态',
  `trigger_type` varchar(8) NOT NULL COMMENT '触发器的类型',
  `start_time` bigint NOT NULL COMMENT '开始时间',
  `end_time` bigint DEFAULT NULL COMMENT '结束时间',
  `calendar_name` varchar(200) DEFAULT NULL COMMENT '日程表名称',
  `misfire_instr` smallint DEFAULT NULL COMMENT '补偿执行的策略',
  `job_data` blob COMMENT '存放持久化job对象',
  PRIMARY KEY (`sched_name`,`trigger_name`,`trigger_group`),
  KEY `sched_name` (`sched_name`,`job_name`,`job_group`),
  CONSTRAINT `qrtz_triggers_ibfk_1` FOREIGN KEY (`sched_name`, `job_name`, `job_group`) REFERENCES `qrtz_job_details` (`sched_name`, `job_name`, `job_group`)
) ENGINE=InnoDB DEFAULT CHARSET=utf8mb4 COLLATE=utf8mb4_0900_ai_ci COMMENT='触发器详细信息表';
/*!40101 SET character_set_client = @saved_cs_client */;

--
-- Dumping data for table `qrtz_triggers`
--

LOCK TABLES `qrtz_triggers` WRITE;
/*!40000 ALTER TABLE `qrtz_triggers` DISABLE KEYS */;
/*!40000 ALTER TABLE `qrtz_triggers` ENABLE KEYS */;
UNLOCK TABLES;

--
-- Table structure for table `sys_config`
--

DROP TABLE IF EXISTS `sys_config`;
/*!40101 SET @saved_cs_client     = @@character_set_client */;
/*!50503 SET character_set_client = utf8mb4 */;
CREATE TABLE `sys_config` (
  `config_id` int NOT NULL AUTO_INCREMENT COMMENT '参数主键',
  `config_name` varchar(100) DEFAULT '' COMMENT '参数名称',
  `config_key` varchar(100) DEFAULT '' COMMENT '参数键名',
  `config_value` varchar(500) DEFAULT '' COMMENT '参数键值',
  `config_type` char(1) DEFAULT 'N' COMMENT '系统内置（Y是 N否）',
  `create_by` varchar(64) DEFAULT '' COMMENT '创建者',
  `create_time` datetime DEFAULT NULL COMMENT '创建时间',
  `update_by` varchar(64) DEFAULT '' COMMENT '更新者',
  `update_time` datetime DEFAULT NULL COMMENT '更新时间',
  `remark` varchar(500) DEFAULT NULL COMMENT '备注',
  PRIMARY KEY (`config_id`)
) ENGINE=InnoDB AUTO_INCREMENT=100 DEFAULT CHARSET=utf8mb4 COLLATE=utf8mb4_0900_ai_ci COMMENT='参数配置表';
/*!40101 SET character_set_client = @saved_cs_client */;

--
-- Dumping data for table `sys_config`
--

LOCK TABLES `sys_config` WRITE;
/*!40000 ALTER TABLE `sys_config` DISABLE KEYS */;
INSERT INTO `sys_config` VALUES (1,'主框架页-默认皮肤样式名称','sys.index.skinName','skin-blue','Y','admin','2026-01-20 15:48:58','',NULL,'蓝色 skin-blue、绿色 skin-green、紫色 skin-purple、红色 skin-red、黄色 skin-yellow'),(2,'用户管理-账号初始密码','sys.user.initPassword','123456','Y','admin','2026-01-20 15:48:58','',NULL,'初始化密码 123456'),(3,'主框架页-侧边栏主题','sys.index.sideTheme','theme-dark','Y','admin','2026-01-20 15:48:58','',NULL,'深色主题theme-dark，浅色主题theme-light'),(4,'账号自助-验证码开关','sys.account.captchaEnabled','true','Y','admin','2026-01-20 15:48:58','',NULL,'是否开启验证码功能（true开启，false关闭）'),(5,'账号自助-是否开启用户注册功能','sys.account.registerUser','false','Y','admin','2026-01-20 15:48:58','',NULL,'是否开启注册用户功能（true开启，false关闭）'),(6,'用户登录-黑名单列表','sys.login.blackIPList','','Y','admin','2026-01-20 15:48:58','',NULL,'设置登录IP黑名单限制，多个匹配项以;分隔，支持匹配（*通配、网段）'),(7,'用户管理-初始密码修改策略','sys.account.initPasswordModify','1','Y','admin','2026-01-20 15:48:58','',NULL,'0：初始密码修改策略关闭，没有任何提示，1：提醒用户，如果未修改初始密码，则在登录时就会提醒修改密码对话框'),(8,'用户管理-账号密码更新周期','sys.account.passwordValidateDays','0','Y','admin','2026-01-20 15:48:58','',NULL,'密码更新周期（填写数字，数据初始化值为0不限制，若修改必须为大于0小于365的正整数），如果超过这个周期登录系统时，则在登录时就会提醒修改密码对话框');
/*!40000 ALTER TABLE `sys_config` ENABLE KEYS */;
UNLOCK TABLES;

--
-- Table structure for table `sys_dept`
--

DROP TABLE IF EXISTS `sys_dept`;
/*!40101 SET @saved_cs_client     = @@character_set_client */;
/*!50503 SET character_set_client = utf8mb4 */;
CREATE TABLE `sys_dept` (
  `dept_id` bigint NOT NULL AUTO_INCREMENT COMMENT '部门id',
  `parent_id` bigint DEFAULT '0' COMMENT '父部门id',
  `ancestors` varchar(50) DEFAULT '' COMMENT '祖级列表',
  `dept_name` varchar(30) DEFAULT '' COMMENT '部门名称',
  `order_num` int DEFAULT '0' COMMENT '显示顺序',
  `leader` varchar(20) DEFAULT NULL COMMENT '负责人',
  `phone` varchar(11) DEFAULT NULL COMMENT '联系电话',
  `email` varchar(50) DEFAULT NULL COMMENT '邮箱',
  `status` char(1) DEFAULT '0' COMMENT '部门状态（0正常 1停用）',
  `del_flag` char(1) DEFAULT '0' COMMENT '删除标志（0代表存在 2代表删除）',
  `create_by` varchar(64) DEFAULT '' COMMENT '创建者',
  `create_time` datetime DEFAULT NULL COMMENT '创建时间',
  `update_by` varchar(64) DEFAULT '' COMMENT '更新者',
  `update_time` datetime DEFAULT NULL COMMENT '更新时间',
  PRIMARY KEY (`dept_id`)
) ENGINE=InnoDB AUTO_INCREMENT=200 DEFAULT CHARSET=utf8mb4 COLLATE=utf8mb4_0900_ai_ci COMMENT='部门表';
/*!40101 SET character_set_client = @saved_cs_client */;

--
-- Dumping data for table `sys_dept`
--

LOCK TABLES `sys_dept` WRITE;
/*!40000 ALTER TABLE `sys_dept` DISABLE KEYS */;
INSERT INTO `sys_dept` VALUES (100,0,'0','若依科技',0,'若依','15888888888','ry@qq.com','0','0','admin','2026-01-20 15:48:54','',NULL),(101,100,'0,100','深圳总公司',1,'若依','15888888888','ry@qq.com','0','0','admin','2026-01-20 15:48:54','',NULL),(102,100,'0,100','长沙分公司',2,'若依','15888888888','ry@qq.com','0','0','admin','2026-01-20 15:48:54','',NULL),(103,101,'0,100,101','研发部门',1,'若依','15888888888','ry@qq.com','0','0','admin','2026-01-20 15:48:54','',NULL),(104,101,'0,100,101','市场部门',2,'若依','15888888888','ry@qq.com','0','0','admin','2026-01-20 15:48:54','',NULL),(105,101,'0,100,101','测试部门',3,'若依','15888888888','ry@qq.com','0','0','admin','2026-01-20 15:48:54','',NULL),(106,101,'0,100,101','财务部门',4,'若依','15888888888','ry@qq.com','0','0','admin','2026-01-20 15:48:54','',NULL),(107,101,'0,100,101','运维部门',5,'若依','15888888888','ry@qq.com','0','0','admin','2026-01-20 15:48:54','',NULL),(108,102,'0,100,102','市场部门',1,'若依','15888888888','ry@qq.com','0','0','admin','2026-01-20 15:48:54','',NULL),(109,102,'0,100,102','财务部门',2,'若依','15888888888','ry@qq.com','0','0','admin','2026-01-20 15:48:54','',NULL);
/*!40000 ALTER TABLE `sys_dept` ENABLE KEYS */;
UNLOCK TABLES;

--
-- Table structure for table `sys_dict_data`
--

DROP TABLE IF EXISTS `sys_dict_data`;
/*!40101 SET @saved_cs_client     = @@character_set_client */;
/*!50503 SET character_set_client = utf8mb4 */;
CREATE TABLE `sys_dict_data` (
  `dict_code` bigint NOT NULL AUTO_INCREMENT COMMENT '字典编码',
  `dict_sort` int DEFAULT '0' COMMENT '字典排序',
  `dict_label` varchar(100) DEFAULT '' COMMENT '字典标签',
  `dict_value` varchar(100) DEFAULT '' COMMENT '字典键值',
  `dict_type` varchar(100) DEFAULT '' COMMENT '字典类型',
  `css_class` varchar(100) DEFAULT NULL COMMENT '样式属性（其他样式扩展）',
  `list_class` varchar(100) DEFAULT NULL COMMENT '表格回显样式',
  `is_default` char(1) DEFAULT 'N' COMMENT '是否默认（Y是 N否）',
  `status` char(1) DEFAULT '0' COMMENT '状态（0正常 1停用）',
  `create_by` varchar(64) DEFAULT '' COMMENT '创建者',
  `create_time` datetime DEFAULT NULL COMMENT '创建时间',
  `update_by` varchar(64) DEFAULT '' COMMENT '更新者',
  `update_time` datetime DEFAULT NULL COMMENT '更新时间',
  `remark` varchar(500) DEFAULT NULL COMMENT '备注',
  PRIMARY KEY (`dict_code`)
) ENGINE=InnoDB AUTO_INCREMENT=100 DEFAULT CHARSET=utf8mb4 COLLATE=utf8mb4_0900_ai_ci COMMENT='字典数据表';
/*!40101 SET character_set_client = @saved_cs_client */;

--
-- Dumping data for table `sys_dict_data`
--

LOCK TABLES `sys_dict_data` WRITE;
/*!40000 ALTER TABLE `sys_dict_data` DISABLE KEYS */;
INSERT INTO `sys_dict_data` VALUES (1,1,'男','0','sys_user_sex','','','Y','0','admin','2026-01-20 15:48:57','',NULL,'性别男'),(2,2,'女','1','sys_user_sex','','','N','0','admin','2026-01-20 15:48:57','',NULL,'性别女'),(3,3,'未知','2','sys_user_sex','','','N','0','admin','2026-01-20 15:48:57','',NULL,'性别未知'),(4,1,'显示','0','sys_show_hide','','primary','Y','0','admin','2026-01-20 15:48:57','',NULL,'显示菜单'),(5,2,'隐藏','1','sys_show_hide','','danger','N','0','admin','2026-01-20 15:48:57','',NULL,'隐藏菜单'),(6,1,'正常','0','sys_normal_disable','','primary','Y','0','admin','2026-01-20 15:48:57','',NULL,'正常状态'),(7,2,'停用','1','sys_normal_disable','','danger','N','0','admin','2026-01-20 15:48:57','',NULL,'停用状态'),(8,1,'正常','0','sys_job_status','','primary','Y','0','admin','2026-01-20 15:48:57','',NULL,'正常状态'),(9,2,'暂停','1','sys_job_status','','danger','N','0','admin','2026-01-20 15:48:57','',NULL,'停用状态'),(10,1,'默认','DEFAULT','sys_job_group','','','Y','0','admin','2026-01-20 15:48:57','',NULL,'默认分组'),(11,2,'系统','SYSTEM','sys_job_group','','','N','0','admin','2026-01-20 15:48:57','',NULL,'系统分组'),(12,1,'是','Y','sys_yes_no','','primary','Y','0','admin','2026-01-20 15:48:58','',NULL,'系统默认是'),(13,2,'否','N','sys_yes_no','','danger','N','0','admin','2026-01-20 15:48:58','',NULL,'系统默认否'),(14,1,'通知','1','sys_notice_type','','warning','Y','0','admin','2026-01-20 15:48:58','',NULL,'通知'),(15,2,'公告','2','sys_notice_type','','success','N','0','admin','2026-01-20 15:48:58','',NULL,'公告'),(16,1,'正常','0','sys_notice_status','','primary','Y','0','admin','2026-01-20 15:48:58','',NULL,'正常状态'),(17,2,'关闭','1','sys_notice_status','','danger','N','0','admin','2026-01-20 15:48:58','',NULL,'关闭状态'),(18,99,'其他','0','sys_oper_type','','info','N','0','admin','2026-01-20 15:48:58','',NULL,'其他操作'),(19,1,'新增','1','sys_oper_type','','info','N','0','admin','2026-01-20 15:48:58','',NULL,'新增操作'),(20,2,'修改','2','sys_oper_type','','info','N','0','admin','2026-01-20 15:48:58','',NULL,'修改操作'),(21,3,'删除','3','sys_oper_type','','danger','N','0','admin','2026-01-20 15:48:58','',NULL,'删除操作'),(22,4,'授权','4','sys_oper_type','','primary','N','0','admin','2026-01-20 15:48:58','',NULL,'授权操作'),(23,5,'导出','5','sys_oper_type','','warning','N','0','admin','2026-01-20 15:48:58','',NULL,'导出操作'),(24,6,'导入','6','sys_oper_type','','warning','N','0','admin','2026-01-20 15:48:58','',NULL,'导入操作'),(25,7,'强退','7','sys_oper_type','','danger','N','0','admin','2026-01-20 15:48:58','',NULL,'强退操作'),(26,8,'生成代码','8','sys_oper_type','','warning','N','0','admin','2026-01-20 15:48:58','',NULL,'生成操作'),(27,9,'清空数据','9','sys_oper_type','','danger','N','0','admin','2026-01-20 15:48:58','',NULL,'清空操作'),(28,1,'成功','0','sys_common_status','','primary','N','0','admin','2026-01-20 15:48:58','',NULL,'正常状态'),(29,2,'失败','1','sys_common_status','','danger','N','0','admin','2026-01-20 15:48:58','',NULL,'停用状态');
/*!40000 ALTER TABLE `sys_dict_data` ENABLE KEYS */;
UNLOCK TABLES;

--
-- Table structure for table `sys_dict_type`
--

DROP TABLE IF EXISTS `sys_dict_type`;
/*!40101 SET @saved_cs_client     = @@character_set_client */;
/*!50503 SET character_set_client = utf8mb4 */;
CREATE TABLE `sys_dict_type` (
  `dict_id` bigint NOT NULL AUTO_INCREMENT COMMENT '字典主键',
  `dict_name` varchar(100) DEFAULT '' COMMENT '字典名称',
  `dict_type` varchar(100) DEFAULT '' COMMENT '字典类型',
  `status` char(1) DEFAULT '0' COMMENT '状态（0正常 1停用）',
  `create_by` varchar(64) DEFAULT '' COMMENT '创建者',
  `create_time` datetime DEFAULT NULL COMMENT '创建时间',
  `update_by` varchar(64) DEFAULT '' COMMENT '更新者',
  `update_time` datetime DEFAULT NULL COMMENT '更新时间',
  `remark` varchar(500) DEFAULT NULL COMMENT '备注',
  PRIMARY KEY (`dict_id`),
  UNIQUE KEY `dict_type` (`dict_type`)
) ENGINE=InnoDB AUTO_INCREMENT=100 DEFAULT CHARSET=utf8mb4 COLLATE=utf8mb4_0900_ai_ci COMMENT='字典类型表';
/*!40101 SET character_set_client = @saved_cs_client */;

--
-- Dumping data for table `sys_dict_type`
--

LOCK TABLES `sys_dict_type` WRITE;
/*!40000 ALTER TABLE `sys_dict_type` DISABLE KEYS */;
INSERT INTO `sys_dict_type` VALUES (1,'用户性别','sys_user_sex','0','admin','2026-01-20 15:48:57','',NULL,'用户性别列表'),(2,'菜单状态','sys_show_hide','0','admin','2026-01-20 15:48:57','',NULL,'菜单状态列表'),(3,'系统开关','sys_normal_disable','0','admin','2026-01-20 15:48:57','',NULL,'系统开关列表'),(4,'任务状态','sys_job_status','0','admin','2026-01-20 15:48:57','',NULL,'任务状态列表'),(5,'任务分组','sys_job_group','0','admin','2026-01-20 15:48:57','',NULL,'任务分组列表'),(6,'系统是否','sys_yes_no','0','admin','2026-01-20 15:48:57','',NULL,'系统是否列表'),(7,'通知类型','sys_notice_type','0','admin','2026-01-20 15:48:57','',NULL,'通知类型列表'),(8,'通知状态','sys_notice_status','0','admin','2026-01-20 15:48:57','',NULL,'通知状态列表'),(9,'操作类型','sys_oper_type','0','admin','2026-01-20 15:48:57','',NULL,'操作类型列表'),(10,'系统状态','sys_common_status','0','admin','2026-01-20 15:48:57','',NULL,'登录状态列表');
/*!40000 ALTER TABLE `sys_dict_type` ENABLE KEYS */;
UNLOCK TABLES;

--
-- Table structure for table `sys_job`
--

DROP TABLE IF EXISTS `sys_job`;
/*!40101 SET @saved_cs_client     = @@character_set_client */;
/*!50503 SET character_set_client = utf8mb4 */;
CREATE TABLE `sys_job` (
  `job_id` bigint NOT NULL AUTO_INCREMENT COMMENT '任务ID',
  `job_name` varchar(64) NOT NULL DEFAULT '' COMMENT '任务名称',
  `job_group` varchar(64) NOT NULL DEFAULT 'DEFAULT' COMMENT '任务组名',
  `invoke_target` varchar(500) NOT NULL COMMENT '调用目标字符串',
  `cron_expression` varchar(255) DEFAULT '' COMMENT 'cron执行表达式',
  `misfire_policy` varchar(20) DEFAULT '3' COMMENT '计划执行错误策略（1立即执行 2执行一次 3放弃执行）',
  `concurrent` char(1) DEFAULT '1' COMMENT '是否并发执行（0允许 1禁止）',
  `status` char(1) DEFAULT '0' COMMENT '状态（0正常 1暂停）',
  `create_by` varchar(64) DEFAULT '' COMMENT '创建者',
  `create_time` datetime DEFAULT NULL COMMENT '创建时间',
  `update_by` varchar(64) DEFAULT '' COMMENT '更新者',
  `update_time` datetime DEFAULT NULL COMMENT '更新时间',
  `remark` varchar(500) DEFAULT '' COMMENT '备注信息',
  PRIMARY KEY (`job_id`,`job_name`,`job_group`)
) ENGINE=InnoDB AUTO_INCREMENT=100 DEFAULT CHARSET=utf8mb4 COLLATE=utf8mb4_0900_ai_ci COMMENT='定时任务调度表';
/*!40101 SET character_set_client = @saved_cs_client */;

--
-- Dumping data for table `sys_job`
--

LOCK TABLES `sys_job` WRITE;
/*!40000 ALTER TABLE `sys_job` DISABLE KEYS */;
INSERT INTO `sys_job` VALUES (1,'系统默认（无参）','DEFAULT','ryTask.ryNoParams','0/10 * * * * ?','3','1','1','admin','2026-01-20 15:48:58','',NULL,''),(2,'系统默认（有参）','DEFAULT','ryTask.ryParams(\'ry\')','0/15 * * * * ?','3','1','1','admin','2026-01-20 15:48:58','',NULL,''),(3,'系统默认（多参）','DEFAULT','ryTask.ryMultipleParams(\'ry\', true, 2000L, 316.50D, 100)','0/20 * * * * ?','3','1','1','admin','2026-01-20 15:48:58','',NULL,'');
/*!40000 ALTER TABLE `sys_job` ENABLE KEYS */;
UNLOCK TABLES;

--
-- Table structure for table `sys_job_log`
--

DROP TABLE IF EXISTS `sys_job_log`;
/*!40101 SET @saved_cs_client     = @@character_set_client */;
/*!50503 SET character_set_client = utf8mb4 */;
CREATE TABLE `sys_job_log` (
  `job_log_id` bigint NOT NULL AUTO_INCREMENT COMMENT '任务日志ID',
  `job_name` varchar(64) NOT NULL COMMENT '任务名称',
  `job_group` varchar(64) NOT NULL COMMENT '任务组名',
  `invoke_target` varchar(500) NOT NULL COMMENT '调用目标字符串',
  `job_message` varchar(500) DEFAULT NULL COMMENT '日志信息',
  `status` char(1) DEFAULT '0' COMMENT '执行状态（0正常 1失败）',
  `exception_info` varchar(2000) DEFAULT '' COMMENT '异常信息',
  `create_time` datetime DEFAULT NULL COMMENT '创建时间',
  PRIMARY KEY (`job_log_id`)
) ENGINE=InnoDB DEFAULT CHARSET=utf8mb4 COLLATE=utf8mb4_0900_ai_ci COMMENT='定时任务调度日志表';
/*!40101 SET character_set_client = @saved_cs_client */;

--
-- Dumping data for table `sys_job_log`
--

LOCK TABLES `sys_job_log` WRITE;
/*!40000 ALTER TABLE `sys_job_log` DISABLE KEYS */;
/*!40000 ALTER TABLE `sys_job_log` ENABLE KEYS */;
UNLOCK TABLES;

--
-- Table structure for table `sys_logininfor`
--

DROP TABLE IF EXISTS `sys_logininfor`;
/*!40101 SET @saved_cs_client     = @@character_set_client */;
/*!50503 SET character_set_client = utf8mb4 */;
CREATE TABLE `sys_logininfor` (
  `info_id` bigint NOT NULL AUTO_INCREMENT COMMENT '访问ID',
  `user_name` varchar(50) DEFAULT '' COMMENT '用户账号',
  `ipaddr` varchar(128) DEFAULT '' COMMENT '登录IP地址',
  `login_location` varchar(255) DEFAULT '' COMMENT '登录地点',
  `browser` varchar(50) DEFAULT '' COMMENT '浏览器类型',
  `os` varchar(50) DEFAULT '' COMMENT '操作系统',
  `status` char(1) DEFAULT '0' COMMENT '登录状态（0成功 1失败）',
  `msg` varchar(255) DEFAULT '' COMMENT '提示消息',
  `login_time` datetime DEFAULT NULL COMMENT '访问时间',
  PRIMARY KEY (`info_id`),
  KEY `idx_sys_logininfor_s` (`status`),
  KEY `idx_sys_logininfor_lt` (`login_time`)
) ENGINE=InnoDB AUTO_INCREMENT=189 DEFAULT CHARSET=utf8mb4 COLLATE=utf8mb4_0900_ai_ci COMMENT='系统访问记录';
/*!40101 SET character_set_client = @saved_cs_client */;

--
-- Dumping data for table `sys_logininfor`
--

LOCK TABLES `sys_logininfor` WRITE;
/*!40000 ALTER TABLE `sys_logininfor` DISABLE KEYS */;
INSERT INTO `sys_logininfor` VALUES (100,'admin','127.0.0.1','内网IP','Chrome 143','Windows10','0','登录成功','2026-01-20 15:58:59'),(101,'admin','127.0.0.1','内网IP','Chrome 143','Windows10','0','退出成功','2026-01-20 16:00:51'),(102,'admin','127.0.0.1','内网IP','Chrome 143','Windows10','0','登录成功','2026-01-20 16:01:46'),(103,'admin','127.0.0.1','内网IP','Chrome 143','Windows10','0','登录成功','2026-01-20 18:40:51'),(104,'admin','127.0.0.1','内网IP','Chrome 144','Windows10','0','登录成功','2026-01-22 08:31:10'),(105,'admin','127.0.0.1','内网IP','Chrome 144','Windows10','0','登录成功','2026-01-22 16:10:30'),(106,'admin','127.0.0.1','内网IP','Chrome 144','Windows10','0','登录成功','2026-01-22 20:06:35'),(107,'admin','127.0.0.1','内网IP','Chrome 144','Windows10','1','验证码已失效','2026-01-22 20:06:35'),(108,'admin','127.0.0.1','内网IP','Chrome 144','Windows10','0','登录成功','2026-01-23 08:33:12'),(109,'admin','127.0.0.1','内网IP','Chrome 144','Windows10','0','登录成功','2026-01-23 11:11:52'),(110,'admin','127.0.0.1','内网IP','Chrome 144','Windows10','0','登录成功','2026-01-23 16:07:48'),(111,'admin','127.0.0.1','内网IP','Chrome 144','Windows10','0','登录成功','2026-01-23 17:45:15'),(112,'admin','127.0.0.1','内网IP','Chrome 144','Windows10','0','登录成功','2026-01-24 08:41:46'),(113,'admin','127.0.0.1','内网IP','Chrome 144','Windows10','0','登录成功','2026-01-25 08:53:20'),(114,'admin','127.0.0.1','内网IP','Chrome 144','Windows10','0','登录成功','2026-01-25 08:53:24'),(115,'admin','127.0.0.1','内网IP','Chrome 144','Windows10','0','登录成功','2026-01-26 08:55:20'),(116,'admin','127.0.0.1','内网IP','Chrome 144','Windows10','0','登录成功','2026-01-27 10:33:25'),(117,'admin','127.0.0.1','内网IP','Chrome 144','Windows10','0','登录成功','2026-01-27 15:16:23'),(118,'admin','127.0.0.1','内网IP','Chrome 144','Windows10','0','退出成功','2026-01-27 16:11:36'),(119,'admin','127.0.0.1','内网IP','Chrome 144','Windows10','0','登录成功','2026-01-27 16:11:43'),(120,'admin','127.0.0.1','内网IP','Chrome 144','Windows10','0','登录成功','2026-01-27 17:34:03'),(121,'admin','127.0.0.1','内网IP','Chrome 144','Windows10','0','登录成功','2026-01-29 08:29:42'),(122,'admin','127.0.0.1','内网IP','Chrome 144','Windows10','0','登录成功','2026-01-29 10:25:05'),(123,'admin','127.0.0.1','内网IP','Chrome 144','Windows10','0','登录成功','2026-01-30 08:35:55'),(124,'admin','127.0.0.1','内网IP','Chrome 144','Windows10','0','登录成功','2026-01-30 09:42:31'),(125,'admin','127.0.0.1','内网IP','Chrome 144','Windows10','0','登录成功','2026-01-30 10:48:34'),(126,'admin','127.0.0.1','内网IP','Chrome 144','Windows10','0','登录成功','2026-02-01 08:31:54'),(127,'admin','127.0.0.1','内网IP','Chrome 144','Windows10','0','登录成功','2026-02-01 09:10:49'),(128,'admin','127.0.0.1','内网IP','Chrome 144','Windows10','0','登录成功','2026-02-02 08:38:53'),(129,'admin','127.0.0.1','内网IP','Chrome 144','Windows10','0','登录成功','2026-02-02 08:48:56'),(130,'admin','127.0.0.1','内网IP','Chrome 144','Windows10','0','登录成功','2026-02-02 10:41:27'),(131,'admin','127.0.0.1','内网IP','Chrome 144','Windows10','0','登录成功','2026-02-02 11:14:33'),(132,'admin','127.0.0.1','内网IP','Chrome 144','Windows10','0','登录成功','2026-02-03 09:29:11'),(133,'admin','127.0.0.1','内网IP','Chrome 144','Windows10','0','登录成功','2026-02-03 10:06:18'),(134,'admin','127.0.0.1','内网IP','Chrome 144','Windows10','0','登录成功','2026-02-03 19:05:21'),(135,'admin','127.0.0.1','内网IP','Chrome 144','Windows10','0','登录成功','2026-02-04 08:18:47'),(136,'admin','127.0.0.1','内网IP','Chrome 144','Windows10','0','登录成功','2026-02-05 08:53:21'),(137,'admin','127.0.0.1','内网IP','Chrome 144','Windows10','0','登录成功','2026-02-05 10:24:49'),(138,'admin','127.0.0.1','内网IP','Chrome 144','Windows10','0','登录成功','2026-02-06 08:43:33'),(139,'admin','127.0.0.1','内网IP','Chrome 144','Windows10','0','登录成功','2026-02-06 09:13:44'),(140,'admin','127.0.0.1','内网IP','Chrome 144','Windows10','0','登录成功','2026-02-12 20:00:24'),(141,'admin','127.0.0.1','内网IP','Chrome 144','Windows10','1','验证码错误','2026-02-12 20:00:46'),(142,'admin','127.0.0.1','内网IP','Chrome 144','Windows10','0','登录成功','2026-02-12 20:00:51'),(143,'admin','127.0.0.1','内网IP','Chrome 144','Windows10','0','登录成功','2026-02-12 20:08:43'),(144,'admin','127.0.0.1','内网IP','Chrome 144','Windows10','0','登录成功','2026-02-17 10:10:06'),(145,'admin','127.0.0.1','内网IP','Chrome 144','Windows10','0','登录成功','2026-02-17 11:05:51'),(146,'admin','127.0.0.1','内网IP','Chrome 145','Windows10','0','登录成功','2026-02-19 09:13:55'),(147,'admin','127.0.0.1','内网IP','Chrome 145','Windows10','0','登录成功','2026-02-19 09:14:03'),(148,'admin','127.0.0.1','内网IP','Chrome 145','Windows10','0','登录成功','2026-02-20 09:08:07'),(149,'admin','127.0.0.1','内网IP','Chrome 145','Windows10','0','登录成功','2026-02-20 19:15:24'),(150,'admin','127.0.0.1','内网IP','Chrome 145','Windows10','0','登录成功','2026-02-23 10:41:28'),(151,'admin','127.0.0.1','内网IP','Chrome 145','Windows10','0','登录成功','2026-02-23 12:52:15'),(152,'admin','127.0.0.1','内网IP','Chrome 145','Windows10','0','登录成功','2026-03-09 08:26:50'),(153,'admin','127.0.0.1','内网IP','Chrome 145','Windows10','0','登录成功','2026-03-09 10:53:52'),(154,'admin','127.0.0.1','内网IP','Chrome 145','Windows10','0','登录成功','2026-03-09 14:45:33'),(155,'admin','127.0.0.1','内网IP','Chrome 146','Windows10','0','登录成功','2026-03-16 15:29:28'),(156,'admin','127.0.0.1','内网IP','Chrome 146','Windows10','0','登录成功','2026-03-18 09:45:27'),(157,'admin','127.0.0.1','内网IP','Chrome 146','Mac OS >=10.15.7','1','验证码错误','2026-03-25 07:19:24'),(158,'admin','127.0.0.1','内网IP','Chrome 146','Mac OS >=10.15.7','0','登录成功','2026-03-25 07:19:28'),(159,'admin','127.0.0.1','内网IP','Chrome 146','Mac OS >=10.15.7','0','登录成功','2026-03-26 03:36:51'),(160,'admin','127.0.0.1','内网IP','Chrome 146','Mac OS >=10.15.7','0','登录成功','2026-03-27 00:00:14'),(161,'admin','127.0.0.1','内网IP','Chrome 146','Mac OS >=10.15.7','0','登录成功','2026-03-27 01:36:01'),(162,'admin','127.0.0.1','内网IP','Chrome 146','Mac OS >=10.15.7','0','登录成功','2026-03-27 01:36:23'),(163,'admin','127.0.0.1','内网IP','Chrome 146','Mac OS >=10.15.7','0','登录成功','2026-03-27 04:12:52'),(164,'admin','127.0.0.1','内网IP','Chrome 146','Mac OS >=10.15.7','0','登录成功','2026-03-27 05:20:07'),(165,'admin','127.0.0.1','内网IP','Chrome 146','Mac OS >=10.15.7','0','登录成功','2026-03-28 00:05:10'),(166,'admin','127.0.0.1','内网IP','Chrome 146','Mac OS >=10.15.7','0','登录成功','2026-03-28 03:25:57'),(167,'admin','127.0.0.1','内网IP','Chrome 146','Mac OS >=10.15.7','0','登录成功','2026-03-29 06:36:47'),(168,'admin','127.0.0.1','内网IP','Chrome 146','Mac OS >=10.15.7','0','登录成功','2026-03-29 09:22:17'),(169,'admin','127.0.0.1','内网IP','Chrome 146','Mac OS >=10.15.7','0','登录成功','2026-03-29 11:58:19'),(170,'admin','127.0.0.1','内网IP','Chrome 146','Mac OS >=10.15.7','0','登录成功','2026-03-29 13:14:38'),(171,'admin','127.0.0.1','内网IP','Chrome 146','Mac OS >=10.15.7','0','登录成功','2026-03-30 00:26:42'),(172,'admin','127.0.0.1','内网IP','Chrome 146','Mac OS >=10.15.7','0','登录成功','2026-03-30 02:10:28'),(173,'admin','127.0.0.1','内网IP','Chrome 146','Mac OS >=10.15.7','0','登录成功','2026-03-31 02:09:12'),(174,'admin','127.0.0.1','内网IP','Chrome 146','Mac OS >=10.15.7','0','登录成功','2026-03-31 09:41:38'),(175,'admin','127.0.0.1','内网IP','Chrome 146','Mac OS >=10.15.7','0','登录成功','2026-03-31 10:20:32'),(176,'admin','127.0.0.1','内网IP','Chrome 146','Mac OS >=10.15.7','0','登录成功','2026-03-31 12:53:25'),(177,'admin','127.0.0.1','内网IP','Chrome 146','Mac OS >=10.15.7','0','登录成功','2026-04-01 06:57:04'),(178,'admin','127.0.0.1','内网IP','Chrome 146','Mac OS >=10.15.7','0','登录成功','2026-04-02 00:03:04'),(179,'admin','127.0.0.1','内网IP','Chrome 146','Mac OS >=10.15.7','0','登录成功','2026-04-02 11:40:35'),(180,'admin','127.0.0.1','内网IP','Chrome 146','Mac OS >=10.15.7','0','登录成功','2026-04-02 12:33:18'),(181,'admin','127.0.0.1','内网IP','Chrome 146','Mac OS >=10.15.7','1','验证码错误','2026-04-11 02:42:37'),(182,'admin','127.0.0.1','内网IP','Chrome 146','Mac OS >=10.15.7','0','登录成功','2026-04-11 02:42:40'),(183,'admin','127.0.0.1','内网IP','Chrome 146','Mac OS >=10.15.7','0','登录成功','2026-04-13 00:23:11'),(184,'admin','127.0.0.1','内网IP','Chrome 147','Mac OS >=10.15.7','0','登录成功','2026-04-19 10:29:46'),(185,'admin','127.0.0.1','内网IP','Chrome 147','Mac OS >=10.15.7','0','登录成功','2026-04-19 12:16:35'),(186,'admin','127.0.0.1','内网IP','Chrome 147','Mac OS >=10.15.7','0','登录成功','2026-04-22 01:23:20'),(187,'admin','127.0.0.1','内网IP','Chrome 147','Mac OS >=10.15.7','0','登录成功','2026-04-23 02:14:35'),(188,'admin','127.0.0.1','内网IP','Chrome 147','Mac OS >=10.15.7','0','登录成功','2026-04-25 11:47:33');
/*!40000 ALTER TABLE `sys_logininfor` ENABLE KEYS */;
UNLOCK TABLES;

--
-- Table structure for table `sys_menu`
--

DROP TABLE IF EXISTS `sys_menu`;
/*!40101 SET @saved_cs_client     = @@character_set_client */;
/*!50503 SET character_set_client = utf8mb4 */;
CREATE TABLE `sys_menu` (
  `menu_id` bigint NOT NULL AUTO_INCREMENT COMMENT '菜单ID',
  `menu_name` varchar(50) NOT NULL COMMENT '菜单名称',
  `parent_id` bigint DEFAULT '0' COMMENT '父菜单ID',
  `order_num` int DEFAULT '0' COMMENT '显示顺序',
  `path` varchar(200) DEFAULT '' COMMENT '路由地址',
  `component` varchar(255) DEFAULT NULL COMMENT '组件路径',
  `query` varchar(255) DEFAULT NULL COMMENT '路由参数',
  `route_name` varchar(50) DEFAULT '' COMMENT '路由名称',
  `is_frame` int DEFAULT '1' COMMENT '是否为外链（0是 1否）',
  `is_cache` int DEFAULT '0' COMMENT '是否缓存（0缓存 1不缓存）',
  `menu_type` char(1) DEFAULT '' COMMENT '菜单类型（M目录 C菜单 F按钮）',
  `visible` char(1) DEFAULT '0' COMMENT '菜单状态（0显示 1隐藏）',
  `status` char(1) DEFAULT '0' COMMENT '菜单状态（0正常 1停用）',
  `perms` varchar(100) DEFAULT NULL COMMENT '权限标识',
  `icon` varchar(100) DEFAULT '#' COMMENT '菜单图标',
  `create_by` varchar(64) DEFAULT '' COMMENT '创建者',
  `create_time` datetime DEFAULT NULL COMMENT '创建时间',
  `update_by` varchar(64) DEFAULT '' COMMENT '更新者',
  `update_time` datetime DEFAULT NULL COMMENT '更新时间',
  `remark` varchar(500) DEFAULT '' COMMENT '备注',
  PRIMARY KEY (`menu_id`)
) ENGINE=InnoDB AUTO_INCREMENT=2088 DEFAULT CHARSET=utf8mb4 COLLATE=utf8mb4_0900_ai_ci COMMENT='菜单权限表';
/*!40101 SET character_set_client = @saved_cs_client */;

--
-- Dumping data for table `sys_menu`
--

LOCK TABLES `sys_menu` WRITE;
/*!40000 ALTER TABLE `sys_menu` DISABLE KEYS */;
INSERT INTO `sys_menu` VALUES (1,'系统管理',0,1,'system',NULL,'','',1,0,'M','0','0','','system','admin','2026-01-20 15:48:55','',NULL,'系统管理目录'),(2,'系统监控',0,2,'monitor',NULL,'','',1,0,'M','1','0','','monitor','admin','2026-01-20 15:48:55','admin','2026-01-22 08:32:44','系统监控目录'),(3,'系统工具',0,3,'tool',NULL,'','',1,0,'M','0','0','','tool','admin','2026-01-20 15:48:55','',NULL,'系统工具目录'),(4,'若依官网',0,4,'http://ruoyi.vip',NULL,'','',0,0,'M','1','0','','guide','admin','2026-01-20 15:48:55','admin','2026-01-22 08:31:56','若依官网地址'),(100,'用户管理',1,1,'user','system/user/index','','',1,0,'C','0','0','system:user:list','user','admin','2026-01-20 15:48:55','admin','2026-01-22 16:13:38','用户管理菜单'),(101,'角色管理',1,2,'role','system/role/index','','',1,0,'C','0','0','system:role:list','peoples','admin','2026-01-20 15:48:55','',NULL,'角色管理菜单'),(102,'菜单管理',1,3,'menu','system/menu/index','','',1,0,'C','0','0','system:menu:list','tree-table','admin','2026-01-20 15:48:55','',NULL,'菜单管理菜单'),(103,'部门管理',1,4,'dept','system/dept/index','','',1,0,'C','1','0','system:dept:list','tree','admin','2026-01-20 15:48:55','admin','2026-01-20 16:02:10','部门管理菜单'),(104,'岗位管理',1,5,'post','system/post/index','','',1,0,'C','1','0','system:post:list','post','admin','2026-01-20 15:48:55','admin','2026-01-22 08:34:15','岗位管理菜单'),(105,'字典管理',1,6,'dict','system/dict/index','','',1,0,'C','1','0','system:dict:list','dict','admin','2026-01-20 15:48:55','admin','2026-01-22 08:33:18','字典管理菜单'),(106,'参数设置',1,7,'config','system/config/index','','',1,0,'C','1','0','system:config:list','edit','admin','2026-01-20 15:48:55','admin','2026-01-22 16:14:18','参数设置菜单'),(107,'通知公告',1,8,'notice','system/notice/index','','',1,0,'C','1','0','system:notice:list','message','admin','2026-01-20 15:48:55','admin','2026-01-22 16:14:08','通知公告菜单'),(108,'日志管理',1,9,'log','','','',1,0,'M','1','0','','log','admin','2026-01-20 15:48:55','admin','2026-01-22 08:32:58','日志管理菜单'),(109,'在线用户',2,1,'online','monitor/online/index','','',1,0,'C','0','0','monitor:online:list','online','admin','2026-01-20 15:48:55','',NULL,'在线用户菜单'),(110,'定时任务',2,2,'job','monitor/job/index','','',1,0,'C','0','0','monitor:job:list','job','admin','2026-01-20 15:48:55','',NULL,'定时任务菜单'),(111,'数据监控',2,3,'druid','monitor/druid/index','','',1,0,'C','0','0','monitor:druid:list','druid','admin','2026-01-20 15:48:55','',NULL,'数据监控菜单'),(112,'服务监控',2,4,'server','monitor/server/index','','',1,0,'C','0','0','monitor:server:list','server','admin','2026-01-20 15:48:55','',NULL,'服务监控菜单'),(113,'缓存监控',2,5,'cache','monitor/cache/index','','',1,0,'C','0','0','monitor:cache:list','redis','admin','2026-01-20 15:48:55','',NULL,'缓存监控菜单'),(114,'缓存列表',2,6,'cacheList','monitor/cache/list','','',1,0,'C','0','0','monitor:cache:list','redis-list','admin','2026-01-20 15:48:55','',NULL,'缓存列表菜单'),(115,'表单构建',3,1,'build','tool/build/index','','',1,0,'C','0','0','tool:build:list','build','admin','2026-01-20 15:48:55','',NULL,'表单构建菜单'),(116,'代码生成',3,2,'gen','tool/gen/index','','',1,0,'C','0','0','tool:gen:list','code','admin','2026-01-20 15:48:55','admin','2026-01-22 09:23:14','代码生成菜单'),(117,'系统接口',3,3,'swagger','tool/swagger/index','','',1,0,'C','0','0','tool:swagger:list','swagger','admin','2026-01-20 15:48:55','',NULL,'系统接口菜单'),(500,'操作日志',108,1,'operlog','monitor/operlog/index','','',1,0,'C','0','0','monitor:operlog:list','form','admin','2026-01-20 15:48:55','',NULL,'操作日志菜单'),(501,'登录日志',108,2,'logininfor','monitor/logininfor/index','','',1,0,'C','0','0','monitor:logininfor:list','logininfor','admin','2026-01-20 15:48:55','',NULL,'登录日志菜单'),(1000,'用户查询',100,1,'','','','',1,0,'F','0','0','system:user:query','#','admin','2026-01-20 15:48:55','',NULL,''),(1001,'用户新增',100,2,'','','','',1,0,'F','0','0','system:user:add','#','admin','2026-01-20 15:48:55','',NULL,''),(1002,'用户修改',100,3,'','','','',1,0,'F','0','0','system:user:edit','#','admin','2026-01-20 15:48:55','',NULL,''),(1003,'用户删除',100,4,'','','','',1,0,'F','0','0','system:user:remove','#','admin','2026-01-20 15:48:55','',NULL,''),(1004,'用户导出',100,5,'','','','',1,0,'F','0','0','system:user:export','#','admin','2026-01-20 15:48:55','',NULL,''),(1005,'用户导入',100,6,'','','','',1,0,'F','0','0','system:user:import','#','admin','2026-01-20 15:48:55','',NULL,''),(1006,'重置密码',100,7,'','','','',1,0,'F','0','0','system:user:resetPwd','#','admin','2026-01-20 15:48:55','',NULL,''),(1007,'角色查询',101,1,'','','','',1,0,'F','0','0','system:role:query','#','admin','2026-01-20 15:48:55','',NULL,''),(1008,'角色新增',101,2,'','','','',1,0,'F','0','0','system:role:add','#','admin','2026-01-20 15:48:55','',NULL,''),(1009,'角色修改',101,3,'','','','',1,0,'F','0','0','system:role:edit','#','admin','2026-01-20 15:48:55','',NULL,''),(1010,'角色删除',101,4,'','','','',1,0,'F','0','0','system:role:remove','#','admin','2026-01-20 15:48:55','',NULL,''),(1011,'角色导出',101,5,'','','','',1,0,'F','0','0','system:role:export','#','admin','2026-01-20 15:48:55','',NULL,''),(1012,'菜单查询',102,1,'','','','',1,0,'F','0','0','system:menu:query','#','admin','2026-01-20 15:48:55','',NULL,''),(1013,'菜单新增',102,2,'','','','',1,0,'F','0','0','system:menu:add','#','admin','2026-01-20 15:48:55','',NULL,''),(1014,'菜单修改',102,3,'','','','',1,0,'F','0','0','system:menu:edit','#','admin','2026-01-20 15:48:55','',NULL,''),(1015,'菜单删除',102,4,'','','','',1,0,'F','0','0','system:menu:remove','#','admin','2026-01-20 15:48:55','',NULL,''),(1016,'部门查询',103,1,'','','','',1,0,'F','0','0','system:dept:query','#','admin','2026-01-20 15:48:55','',NULL,''),(1017,'部门新增',103,2,'','','','',1,0,'F','0','0','system:dept:add','#','admin','2026-01-20 15:48:55','',NULL,''),(1018,'部门修改',103,3,'','','','',1,0,'F','0','0','system:dept:edit','#','admin','2026-01-20 15:48:55','',NULL,''),(1019,'部门删除',103,4,'','','','',1,0,'F','0','0','system:dept:remove','#','admin','2026-01-20 15:48:55','',NULL,''),(1020,'岗位查询',104,1,'','','','',1,0,'F','0','0','system:post:query','#','admin','2026-01-20 15:48:55','',NULL,''),(1021,'岗位新增',104,2,'','','','',1,0,'F','0','0','system:post:add','#','admin','2026-01-20 15:48:55','',NULL,''),(1022,'岗位修改',104,3,'','','','',1,0,'F','0','0','system:post:edit','#','admin','2026-01-20 15:48:55','',NULL,''),(1023,'岗位删除',104,4,'','','','',1,0,'F','0','0','system:post:remove','#','admin','2026-01-20 15:48:55','',NULL,''),(1024,'岗位导出',104,5,'','','','',1,0,'F','0','0','system:post:export','#','admin','2026-01-20 15:48:55','',NULL,''),(1025,'字典查询',105,1,'#','','','',1,0,'F','0','0','system:dict:query','#','admin','2026-01-20 15:48:55','',NULL,''),(1026,'字典新增',105,2,'#','','','',1,0,'F','0','0','system:dict:add','#','admin','2026-01-20 15:48:55','',NULL,''),(1027,'字典修改',105,3,'#','','','',1,0,'F','0','0','system:dict:edit','#','admin','2026-01-20 15:48:55','',NULL,''),(1028,'字典删除',105,4,'#','','','',1,0,'F','0','0','system:dict:remove','#','admin','2026-01-20 15:48:55','',NULL,''),(1029,'字典导出',105,5,'#','','','',1,0,'F','0','0','system:dict:export','#','admin','2026-01-20 15:48:55','',NULL,''),(1030,'参数查询',106,1,'#','','','',1,0,'F','0','0','system:config:query','#','admin','2026-01-20 15:48:56','',NULL,''),(1031,'参数新增',106,2,'#','','','',1,0,'F','0','0','system:config:add','#','admin','2026-01-20 15:48:56','',NULL,''),(1032,'参数修改',106,3,'#','','','',1,0,'F','0','0','system:config:edit','#','admin','2026-01-20 15:48:56','',NULL,''),(1033,'参数删除',106,4,'#','','','',1,0,'F','0','0','system:config:remove','#','admin','2026-01-20 15:48:56','',NULL,''),(1034,'参数导出',106,5,'#','','','',1,0,'F','0','0','system:config:export','#','admin','2026-01-20 15:48:56','',NULL,''),(1035,'公告查询',107,1,'#','','','',1,0,'F','0','0','system:notice:query','#','admin','2026-01-20 15:48:56','',NULL,''),(1036,'公告新增',107,2,'#','','','',1,0,'F','0','0','system:notice:add','#','admin','2026-01-20 15:48:56','',NULL,''),(1037,'公告修改',107,3,'#','','','',1,0,'F','0','0','system:notice:edit','#','admin','2026-01-20 15:48:56','',NULL,''),(1038,'公告删除',107,4,'#','','','',1,0,'F','0','0','system:notice:remove','#','admin','2026-01-20 15:48:56','',NULL,''),(1039,'操作查询',500,1,'#','','','',1,0,'F','0','0','monitor:operlog:query','#','admin','2026-01-20 15:48:56','',NULL,''),(1040,'操作删除',500,2,'#','','','',1,0,'F','0','0','monitor:operlog:remove','#','admin','2026-01-20 15:48:56','',NULL,''),(1041,'日志导出',500,3,'#','','','',1,0,'F','0','0','monitor:operlog:export','#','admin','2026-01-20 15:48:56','',NULL,''),(1042,'登录查询',501,1,'#','','','',1,0,'F','0','0','monitor:logininfor:query','#','admin','2026-01-20 15:48:56','',NULL,''),(1043,'登录删除',501,2,'#','','','',1,0,'F','0','0','monitor:logininfor:remove','#','admin','2026-01-20 15:48:56','',NULL,''),(1044,'日志导出',501,3,'#','','','',1,0,'F','0','0','monitor:logininfor:export','#','admin','2026-01-20 15:48:56','',NULL,''),(1045,'账户解锁',501,4,'#','','','',1,0,'F','0','0','monitor:logininfor:unlock','#','admin','2026-01-20 15:48:56','',NULL,''),(1046,'在线查询',109,1,'#','','','',1,0,'F','0','0','monitor:online:query','#','admin','2026-01-20 15:48:56','',NULL,''),(1047,'批量强退',109,2,'#','','','',1,0,'F','0','0','monitor:online:batchLogout','#','admin','2026-01-20 15:48:56','',NULL,''),(1048,'单条强退',109,3,'#','','','',1,0,'F','0','0','monitor:online:forceLogout','#','admin','2026-01-20 15:48:56','',NULL,''),(1049,'任务查询',110,1,'#','','','',1,0,'F','0','0','monitor:job:query','#','admin','2026-01-20 15:48:56','',NULL,''),(1050,'任务新增',110,2,'#','','','',1,0,'F','0','0','monitor:job:add','#','admin','2026-01-20 15:48:56','',NULL,''),(1051,'任务修改',110,3,'#','','','',1,0,'F','0','0','monitor:job:edit','#','admin','2026-01-20 15:48:56','',NULL,''),(1052,'任务删除',110,4,'#','','','',1,0,'F','0','0','monitor:job:remove','#','admin','2026-01-20 15:48:56','',NULL,''),(1053,'状态修改',110,5,'#','','','',1,0,'F','0','0','monitor:job:changeStatus','#','admin','2026-01-20 15:48:56','',NULL,''),(1054,'任务导出',110,6,'#','','','',1,0,'F','0','0','monitor:job:export','#','admin','2026-01-20 15:48:56','',NULL,''),(1055,'生成查询',116,1,'#','','','',1,0,'F','0','0','tool:gen:query','#','admin','2026-01-20 15:48:56','',NULL,''),(1056,'生成修改',116,2,'#','','','',1,0,'F','0','0','tool:gen:edit','#','admin','2026-01-20 15:48:56','',NULL,''),(1057,'生成删除',116,3,'#','','','',1,0,'F','0','0','tool:gen:remove','#','admin','2026-01-20 15:48:56','',NULL,''),(1058,'导入代码',116,4,'#','','','',1,0,'F','0','0','tool:gen:import','#','admin','2026-01-20 15:48:56','',NULL,''),(1059,'预览代码',116,5,'#','','','',1,0,'F','0','0','tool:gen:preview','#','admin','2026-01-20 15:48:56','',NULL,''),(1060,'生成代码',116,6,'#','','','',1,0,'F','0','0','tool:gen:code','#','admin','2026-01-20 15:48:56','',NULL,''),(2000,'签证产品',2055,1,'product','visa/product/index',NULL,'',1,0,'C','0','0','visa:product:list','education','admin','2026-01-22 09:13:51','admin','2026-02-01 09:58:12','签证产品菜单'),(2001,'签证产品查询',2000,1,'#','',NULL,'',1,0,'F','0','0','visa:product:query','#','admin','2026-01-22 09:13:51','',NULL,''),(2002,'签证产品新增',2000,2,'#','',NULL,'',1,0,'F','0','0','visa:product:add','#','admin','2026-01-22 09:13:51','',NULL,''),(2003,'签证产品修改',2000,3,'#','',NULL,'',1,0,'F','0','0','visa:product:edit','#','admin','2026-01-22 09:13:51','',NULL,''),(2004,'签证产品删除',2000,4,'#','',NULL,'',1,0,'F','0','0','visa:product:remove','#','admin','2026-01-22 09:13:51','',NULL,''),(2005,'签证产品导出',2000,5,'#','',NULL,'',1,0,'F','0','0','visa:product:export','#','admin','2026-01-22 09:13:51','',NULL,''),(2006,'国家配置',2055,1,'country','visa/country/index',NULL,'',1,0,'C','0','0','visa:country:list','list','admin','2026-01-23 11:23:15','admin','2026-02-01 09:58:21','国家配置菜单'),(2007,'国家配置查询',2006,1,'#','',NULL,'',1,0,'F','0','0','system:country:query','#','admin','2026-01-23 11:23:15','',NULL,''),(2008,'国家配置新增',2006,2,'#','',NULL,'',1,0,'F','0','0','system:country:add','#','admin','2026-01-23 11:23:15','',NULL,''),(2009,'国家配置修改',2006,3,'#','',NULL,'',1,0,'F','0','0','system:country:edit','#','admin','2026-01-23 11:23:15','',NULL,''),(2010,'国家配置删除',2006,4,'#','',NULL,'',1,0,'F','0','0','system:country:remove','#','admin','2026-01-23 11:23:15','',NULL,''),(2011,'国家配置导出',2006,5,'#','',NULL,'',1,0,'F','0','0','system:country:export','#','admin','2026-01-23 11:23:15','',NULL,''),(2012,'签证类型',2055,1,'type','visa/type/index',NULL,'',1,0,'C','0','0','visa:type:list','documentation','admin','2026-01-23 16:36:33','admin','2026-02-01 09:58:29','签证类型菜单'),(2013,'签证类型查询',2012,1,'#','',NULL,'',1,0,'F','0','0','visa:type:query','#','admin','2026-01-23 16:36:33','',NULL,''),(2014,'签证类型新增',2012,2,'#','',NULL,'',1,0,'F','0','0','visa:type:add','#','admin','2026-01-23 16:36:33','',NULL,''),(2015,'签证类型修改',2012,3,'#','',NULL,'',1,0,'F','0','0','visa:type:edit','#','admin','2026-01-23 16:36:33','',NULL,''),(2016,'签证类型删除',2012,4,'#','',NULL,'',1,0,'F','0','0','visa:type:remove','#','admin','2026-01-23 16:36:33','',NULL,''),(2017,'签证类型导出',2012,5,'#','',NULL,'',1,0,'F','0','0','visa:type:export','#','admin','2026-01-23 16:36:33','',NULL,''),(2018,'领区配置',2055,1,'district','visa/district/index',NULL,'',1,0,'C','0','0','visa:district:list','international','admin','2026-01-23 16:51:47','admin','2026-02-01 09:58:37','领区配置菜单'),(2019,'领区配置查询',2018,1,'#','',NULL,'',1,0,'F','0','0','visa:district:query','#','admin','2026-01-23 16:51:47','',NULL,''),(2020,'领区配置新增',2018,2,'#','',NULL,'',1,0,'F','0','0','visa:district:add','#','admin','2026-01-23 16:51:47','',NULL,''),(2021,'领区配置修改',2018,3,'#','',NULL,'',1,0,'F','0','0','visa:district:edit','#','admin','2026-01-23 16:51:47','',NULL,''),(2022,'领区配置删除',2018,4,'#','',NULL,'',1,0,'F','0','0','visa:district:remove','#','admin','2026-01-23 16:51:47','',NULL,''),(2023,'领区配置导出',2018,5,'#','',NULL,'',1,0,'F','0','0','visa:district:export','#','admin','2026-01-23 16:51:47','',NULL,''),(2030,'C端客户',0,1,'customer','visa/customer/index',NULL,'',1,0,'C','0','0','visa:customer:list','people','admin','2026-01-26 09:14:08','admin','2026-01-26 09:19:52','C端客户菜单'),(2031,'C端客户查询',2030,1,'#','',NULL,'',1,0,'F','0','0','visa:customer:query','#','admin','2026-01-26 09:14:08','',NULL,''),(2032,'C端客户新增',2030,2,'#','',NULL,'',1,0,'F','0','0','visa:customer:add','#','admin','2026-01-26 09:14:08','',NULL,''),(2033,'C端客户修改',2030,3,'#','',NULL,'',1,0,'F','0','0','visa:customer:edit','#','admin','2026-01-26 09:14:08','',NULL,''),(2034,'C端客户删除',2030,4,'#','',NULL,'',1,0,'F','0','0','visa:customer:remove','#','admin','2026-01-26 09:14:09','',NULL,''),(2035,'C端客户导出',2030,5,'#','',NULL,'',1,0,'F','0','0','visa:customer:export','#','admin','2026-01-26 09:14:09','',NULL,''),(2036,'签证订单',2054,1,'order','visa/order/index',NULL,'',1,0,'C','0','0','visa:order:list','form','admin','2026-01-27 15:03:49','admin','2026-02-01 09:57:09','签证订单菜单'),(2037,'签证订单查询',2036,1,'#','',NULL,'',1,0,'F','0','0','visa:order:query','#','admin','2026-01-27 15:03:49','',NULL,''),(2038,'签证订单新增',2036,2,'#','',NULL,'',1,0,'F','0','0','visa:order:add','#','admin','2026-01-27 15:03:49','',NULL,''),(2039,'签证订单修改',2036,3,'#','',NULL,'',1,0,'F','0','0','visa:order:edit','#','admin','2026-01-27 15:03:49','',NULL,''),(2040,'签证订单删除',2036,4,'#','',NULL,'',1,0,'F','0','0','visa:order:remove','#','admin','2026-01-27 15:03:49','',NULL,''),(2041,'签证订单导出',2036,5,'#','',NULL,'',1,0,'F','0','0','visa:order:export','#','admin','2026-01-27 15:03:49','',NULL,''),(2042,'购物车',3,1,'cart','visa/cart/index',NULL,'',1,0,'C','1','0','visa:cart:list','#','admin','2026-01-29 08:43:29','admin','2026-01-29 08:48:55','购物车菜单'),(2043,'购物车查询',2042,1,'#','',NULL,'',1,0,'F','0','0','visa:cart:query','#','admin','2026-01-29 08:43:30','',NULL,''),(2044,'购物车新增',2042,2,'#','',NULL,'',1,0,'F','0','0','visa:cart:add','#','admin','2026-01-29 08:43:30','',NULL,''),(2045,'购物车修改',2042,3,'#','',NULL,'',1,0,'F','0','0','visa:cart:edit','#','admin','2026-01-29 08:43:30','',NULL,''),(2046,'购物车删除',2042,4,'#','',NULL,'',1,0,'F','0','0','visa:cart:remove','#','admin','2026-01-29 08:43:30','',NULL,''),(2047,'购物车导出',2042,5,'#','',NULL,'',1,0,'F','0','0','visa:cart:export','#','admin','2026-01-29 08:43:30','',NULL,''),(2054,'签证业务管理',0,1,'visa-order',NULL,NULL,'',1,0,'M','0','0','','edit','admin','2026-02-01 09:52:25','admin','2026-02-01 10:04:51',''),(2055,'签证产品管理',0,1,'visa',NULL,NULL,'',1,0,'M','0','0',NULL,'dict','admin','2026-02-01 09:57:53','',NULL,''),(2056,'签证审核管理',2054,1,'audit','visa/order/audit',NULL,'',1,0,'C','0','0','visa:audit:list','skill','admin','2026-02-01 10:06:11','admin','2026-02-01 10:11:29',''),(2057,'签证知识库',0,1,'knowledge','visa/knowledge/index',NULL,'',1,0,'C','0','0','visa:knowledge:list','education','admin','2026-02-17 11:10:44','admin','2026-02-20 19:15:49','签证知识库菜单'),(2058,'签证知识库查询',2057,1,'#','',NULL,'',1,0,'F','0','0','visa:knowledge:query','#','admin','2026-02-17 11:10:45','',NULL,''),(2059,'签证知识库新增',2057,2,'#','',NULL,'',1,0,'F','0','0','visa:knowledge:add','#','admin','2026-02-17 11:10:45','',NULL,''),(2060,'签证知识库修改',2057,3,'#','',NULL,'',1,0,'F','0','0','visa:knowledge:edit','#','admin','2026-02-17 11:10:45','',NULL,''),(2061,'签证知识库删除',2057,4,'#','',NULL,'',1,0,'F','0','0','visa:knowledge:remove','#','admin','2026-02-17 11:10:45','',NULL,''),(2062,'签证知识库导出',2057,5,'#','',NULL,'',1,0,'F','0','0','visa:knowledge:export','#','admin','2026-02-17 11:10:45','',NULL,''),(2063,'签证评价',0,1,'comment','visa/comment/index',NULL,'',1,0,'C','0','0','visa:comment:list','rate','admin','2026-02-20 19:19:00','admin','2026-02-20 19:22:46','签证评价菜单'),(2064,'签证评价查询',2063,1,'#','',NULL,'',1,0,'F','0','0','visa:comment:query','#','admin','2026-02-20 19:19:01','',NULL,''),(2065,'签证评价新增',2063,2,'#','',NULL,'',1,0,'F','0','0','visa:comment:add','#','admin','2026-02-20 19:19:01','',NULL,''),(2066,'签证评价修改',2063,3,'#','',NULL,'',1,0,'F','0','0','visa:comment:edit','#','admin','2026-02-20 19:19:01','',NULL,''),(2067,'签证评价删除',2063,4,'#','',NULL,'',1,0,'F','0','0','visa:comment:remove','#','admin','2026-02-20 19:19:01','',NULL,''),(2068,'签证评价导出',2063,5,'#','',NULL,'',1,0,'F','0','0','visa:comment:export','#','admin','2026-02-20 19:19:01','',NULL,''),(2069,'订单留言记录',0,1,'message','visa/message/index',NULL,'',1,0,'C','0','0','visa:message:list','email','admin','2026-03-09 10:55:29','admin','2026-03-09 10:58:00','订单留言记录菜单'),(2070,'订单留言记录查询',2069,1,'#','',NULL,'',1,0,'F','0','0','visa:message:query','#','admin','2026-03-09 10:55:29','',NULL,''),(2071,'订单留言记录新增',2069,2,'#','',NULL,'',1,0,'F','0','0','visa:message:add','#','admin','2026-03-09 10:55:29','',NULL,''),(2072,'订单留言记录修改',2069,3,'#','',NULL,'',1,0,'F','0','0','visa:message:edit','#','admin','2026-03-09 10:55:29','',NULL,''),(2073,'订单留言记录删除',2069,4,'#','',NULL,'',1,0,'F','0','0','visa:message:remove','#','admin','2026-03-09 10:55:29','',NULL,''),(2074,'订单留言记录导出',2069,5,'#','',NULL,'',1,0,'F','0','0','visa:message:export','#','admin','2026-03-09 10:55:29','',NULL,''),(2075,'在线客服中心',0,1,'chat','visa/chat/index',NULL,'',1,0,'C','0','0','visa:chat:list','wechat','admin','2026-03-09 11:18:44','',NULL,''),(2076,'客户信息',2054,1,'applicant','visa/applicant/index',NULL,'',1,0,'C','0','0','visa:applicant:list','documentation','admin','2026-03-28 01:20:21','admin','2026-03-31 02:44:02','订单申请人基本信息菜单'),(2077,'订单申请人基本信息查询',2076,1,'#','',NULL,'',1,0,'F','0','0','visa:applicant:query','#','admin','2026-03-28 01:20:21','',NULL,''),(2078,'订单申请人基本信息新增',2076,2,'#','',NULL,'',1,0,'F','0','0','visa:applicant:add','#','admin','2026-03-28 01:20:21','',NULL,''),(2079,'订单申请人基本信息修改',2076,3,'#','',NULL,'',1,0,'F','0','0','visa:applicant:edit','#','admin','2026-03-28 01:20:21','',NULL,''),(2080,'订单申请人基本信息删除',2076,4,'#','',NULL,'',1,0,'F','0','0','visa:applicant:remove','#','admin','2026-03-28 01:20:21','',NULL,''),(2081,'订单申请人基本信息导出',2076,5,'#','',NULL,'',1,0,'F','0','0','visa:applicant:export','#','admin','2026-03-28 01:20:21','',NULL,''),(2082,'订单物流信息',2054,1,'logistics','visa/logistics/index',NULL,'',1,0,'C','0','0','visa:logistics:list','checkbox','admin','2026-03-29 07:27:01','admin','2026-03-29 07:38:04','订单物流信息菜单'),(2083,'订单物流信息查询',2082,1,'#','',NULL,'',1,0,'F','0','0','visa:logistics:query','#','admin','2026-03-29 07:27:02','',NULL,''),(2084,'订单物流信息新增',2082,2,'#','',NULL,'',1,0,'F','0','0','visa:logistics:add','#','admin','2026-03-29 07:27:02','',NULL,''),(2085,'订单物流信息修改',2082,3,'#','',NULL,'',1,0,'F','0','0','visa:logistics:edit','#','admin','2026-03-29 07:27:02','',NULL,''),(2086,'订单物流信息删除',2082,4,'#','',NULL,'',1,0,'F','0','0','visa:logistics:remove','#','admin','2026-03-29 07:27:02','',NULL,''),(2087,'订单物流信息导出',2082,5,'#','',NULL,'',1,0,'F','0','0','visa:logistics:export','#','admin','2026-03-29 07:27:02','',NULL,'');
/*!40000 ALTER TABLE `sys_menu` ENABLE KEYS */;
UNLOCK TABLES;

--
-- Table structure for table `sys_notice`
--

DROP TABLE IF EXISTS `sys_notice`;
/*!40101 SET @saved_cs_client     = @@character_set_client */;
/*!50503 SET character_set_client = utf8mb4 */;
CREATE TABLE `sys_notice` (
  `notice_id` int NOT NULL AUTO_INCREMENT COMMENT '公告ID',
  `notice_title` varchar(50) NOT NULL COMMENT '公告标题',
  `notice_type` char(1) NOT NULL COMMENT '公告类型（1通知 2公告）',
  `notice_content` longblob COMMENT '公告内容',
  `status` char(1) DEFAULT '0' COMMENT '公告状态（0正常 1关闭）',
  `create_by` varchar(64) DEFAULT '' COMMENT '创建者',
  `create_time` datetime DEFAULT NULL COMMENT '创建时间',
  `update_by` varchar(64) DEFAULT '' COMMENT '更新者',
  `update_time` datetime DEFAULT NULL COMMENT '更新时间',
  `remark` varchar(255) DEFAULT NULL COMMENT '备注',
  PRIMARY KEY (`notice_id`)
) ENGINE=InnoDB AUTO_INCREMENT=10 DEFAULT CHARSET=utf8mb4 COLLATE=utf8mb4_0900_ai_ci COMMENT='通知公告表';
/*!40101 SET character_set_client = @saved_cs_client */;

--
-- Dumping data for table `sys_notice`
--

LOCK TABLES `sys_notice` WRITE;
/*!40000 ALTER TABLE `sys_notice` DISABLE KEYS */;
INSERT INTO `sys_notice` VALUES (1,'温馨提醒：2018-07-01 若依新版本发布啦','2',_binary '新版本内容','0','admin','2026-01-20 15:48:58','',NULL,'管理员'),(2,'维护通知：2018-07-01 若依系统凌晨维护','1',_binary '维护内容','0','admin','2026-01-20 15:48:58','',NULL,'管理员');
/*!40000 ALTER TABLE `sys_notice` ENABLE KEYS */;
UNLOCK TABLES;

--
-- Table structure for table `sys_oper_log`
--

DROP TABLE IF EXISTS `sys_oper_log`;
/*!40101 SET @saved_cs_client     = @@character_set_client */;
/*!50503 SET character_set_client = utf8mb4 */;
CREATE TABLE `sys_oper_log` (
  `oper_id` bigint NOT NULL AUTO_INCREMENT COMMENT '日志主键',
  `title` varchar(50) DEFAULT '' COMMENT '模块标题',
  `business_type` int DEFAULT '0' COMMENT '业务类型（0其它 1新增 2修改 3删除）',
  `method` varchar(200) DEFAULT '' COMMENT '方法名称',
  `request_method` varchar(10) DEFAULT '' COMMENT '请求方式',
  `operator_type` int DEFAULT '0' COMMENT '操作类别（0其它 1后台用户 2手机端用户）',
  `oper_name` varchar(50) DEFAULT '' COMMENT '操作人员',
  `dept_name` varchar(50) DEFAULT '' COMMENT '部门名称',
  `oper_url` varchar(255) DEFAULT '' COMMENT '请求URL',
  `oper_ip` varchar(128) DEFAULT '' COMMENT '主机地址',
  `oper_location` varchar(255) DEFAULT '' COMMENT '操作地点',
  `oper_param` varchar(2000) DEFAULT '' COMMENT '请求参数',
  `json_result` varchar(2000) DEFAULT '' COMMENT '返回参数',
  `status` int DEFAULT '0' COMMENT '操作状态（0正常 1异常）',
  `error_msg` varchar(2000) DEFAULT '' COMMENT '错误消息',
  `oper_time` datetime DEFAULT NULL COMMENT '操作时间',
  `cost_time` bigint DEFAULT '0' COMMENT '消耗时间',
  PRIMARY KEY (`oper_id`),
  KEY `idx_sys_oper_log_bt` (`business_type`),
  KEY `idx_sys_oper_log_s` (`status`),
  KEY `idx_sys_oper_log_ot` (`oper_time`)
) ENGINE=InnoDB AUTO_INCREMENT=452 DEFAULT CHARSET=utf8mb4 COLLATE=utf8mb4_0900_ai_ci COMMENT='操作日志记录';
/*!40101 SET character_set_client = @saved_cs_client */;

--
-- Dumping data for table `sys_oper_log`
--

LOCK TABLES `sys_oper_log` WRITE;
/*!40000 ALTER TABLE `sys_oper_log` DISABLE KEYS */;
INSERT INTO `sys_oper_log` VALUES (100,'菜单管理',2,'com.ruoyi.web.controller.system.SysMenuController.edit()','PUT',1,'admin','研发部门','/system/menu','127.0.0.1','内网IP','{\"children\":[],\"component\":\"system/dept/index\",\"createTime\":\"2026-01-20 15:48:55\",\"icon\":\"tree\",\"isCache\":\"0\",\"isFrame\":\"1\",\"menuId\":103,\"menuName\":\"部门管理\",\"menuType\":\"C\",\"orderNum\":4,\"params\":{},\"parentId\":1,\"path\":\"dept\",\"perms\":\"system:dept:list\",\"query\":\"\",\"routeName\":\"\",\"status\":\"0\",\"updateBy\":\"admin\",\"visible\":\"1\"} ','{\"msg\":\"操作成功\",\"code\":200}',0,NULL,'2026-01-20 16:02:10',62),(101,'菜单管理',2,'com.ruoyi.web.controller.system.SysMenuController.edit()','PUT',1,'admin','研发部门','/system/menu','127.0.0.1','内网IP','{\"children\":[],\"createTime\":\"2026-01-20 15:48:55\",\"icon\":\"guide\",\"isCache\":\"0\",\"isFrame\":\"0\",\"menuId\":4,\"menuName\":\"若依官网\",\"menuType\":\"M\",\"orderNum\":4,\"params\":{},\"parentId\":0,\"path\":\"http://ruoyi.vip\",\"perms\":\"\",\"query\":\"\",\"routeName\":\"\",\"status\":\"0\",\"updateBy\":\"admin\",\"visible\":\"1\"} ','{\"msg\":\"操作成功\",\"code\":200}',0,NULL,'2026-01-22 08:31:56',147),(102,'菜单管理',2,'com.ruoyi.web.controller.system.SysMenuController.edit()','PUT',1,'admin','研发部门','/system/menu','127.0.0.1','内网IP','{\"children\":[],\"createTime\":\"2026-01-20 15:48:55\",\"icon\":\"monitor\",\"isCache\":\"0\",\"isFrame\":\"1\",\"menuId\":2,\"menuName\":\"系统监控\",\"menuType\":\"M\",\"orderNum\":2,\"params\":{},\"parentId\":0,\"path\":\"monitor\",\"perms\":\"\",\"query\":\"\",\"routeName\":\"\",\"status\":\"0\",\"updateBy\":\"admin\",\"visible\":\"1\"} ','{\"msg\":\"操作成功\",\"code\":200}',0,NULL,'2026-01-22 08:32:44',56),(103,'菜单管理',2,'com.ruoyi.web.controller.system.SysMenuController.edit()','PUT',1,'admin','研发部门','/system/menu','127.0.0.1','内网IP','{\"children\":[],\"component\":\"\",\"createTime\":\"2026-01-20 15:48:55\",\"icon\":\"log\",\"isCache\":\"0\",\"isFrame\":\"1\",\"menuId\":108,\"menuName\":\"日志管理\",\"menuType\":\"M\",\"orderNum\":9,\"params\":{},\"parentId\":1,\"path\":\"log\",\"perms\":\"\",\"query\":\"\",\"routeName\":\"\",\"status\":\"0\",\"updateBy\":\"admin\",\"visible\":\"1\"} ','{\"msg\":\"操作成功\",\"code\":200}',0,NULL,'2026-01-22 08:32:58',37),(104,'菜单管理',2,'com.ruoyi.web.controller.system.SysMenuController.edit()','PUT',1,'admin','研发部门','/system/menu','127.0.0.1','内网IP','{\"children\":[],\"component\":\"system/dict/index\",\"createTime\":\"2026-01-20 15:48:55\",\"icon\":\"dict\",\"isCache\":\"0\",\"isFrame\":\"1\",\"menuId\":105,\"menuName\":\"字典管理\",\"menuType\":\"C\",\"orderNum\":6,\"params\":{},\"parentId\":1,\"path\":\"dict\",\"perms\":\"system:dict:list\",\"query\":\"\",\"routeName\":\"\",\"status\":\"0\",\"updateBy\":\"admin\",\"visible\":\"1\"} ','{\"msg\":\"操作成功\",\"code\":200}',0,NULL,'2026-01-22 08:33:18',34),(105,'个人信息',2,'com.ruoyi.web.controller.system.SysProfileController.updateProfile()','PUT',1,'admin','研发部门','/system/user/profile','127.0.0.1','内网IP','{\"admin\":false,\"email\":\"ry@163.com\",\"nickName\":\"bella\",\"params\":{},\"phonenumber\":\"15888888888\",\"sex\":\"1\"} ','{\"msg\":\"操作成功\",\"code\":200}',0,NULL,'2026-01-22 08:33:44',40),(106,'菜单管理',2,'com.ruoyi.web.controller.system.SysMenuController.edit()','PUT',1,'admin','研发部门','/system/menu','127.0.0.1','内网IP','{\"children\":[],\"component\":\"system/post/index\",\"createTime\":\"2026-01-20 15:48:55\",\"icon\":\"post\",\"isCache\":\"0\",\"isFrame\":\"1\",\"menuId\":104,\"menuName\":\"岗位管理\",\"menuType\":\"C\",\"orderNum\":5,\"params\":{},\"parentId\":1,\"path\":\"post\",\"perms\":\"system:post:list\",\"query\":\"\",\"routeName\":\"\",\"status\":\"0\",\"updateBy\":\"admin\",\"visible\":\"1\"} ','{\"msg\":\"操作成功\",\"code\":200}',0,NULL,'2026-01-22 08:34:15',54),(107,'代码生成',6,'com.ruoyi.generator.controller.GenController.importTableSave()','POST',1,'admin','研发部门','/tool/gen/importTable','127.0.0.1','内网IP','{\"tables\":\"visa_product\"}','{\"msg\":\"操作成功\",\"code\":200}',0,NULL,'2026-01-22 08:59:16',888),(108,'代码生成',2,'com.ruoyi.generator.controller.GenController.editSave()','PUT',1,'admin','研发部门','/tool/gen','127.0.0.1','内网IP','{\"businessName\":\"product\",\"className\":\"VisaProduct\",\"columns\":[{\"capJavaField\":\"Id\",\"columnComment\":\"主键，自增ID\",\"columnId\":1,\"columnName\":\"id\",\"columnType\":\"bigint\",\"createBy\":\"admin\",\"createTime\":\"2026-01-22 08:59:16\",\"dictType\":\"\",\"edit\":false,\"htmlType\":\"input\",\"increment\":true,\"insert\":true,\"isIncrement\":\"1\",\"isInsert\":\"1\",\"isPk\":\"1\",\"isRequired\":\"0\",\"javaField\":\"id\",\"javaType\":\"Long\",\"list\":false,\"params\":{},\"pk\":true,\"query\":false,\"queryType\":\"EQ\",\"required\":false,\"sort\":1,\"superColumn\":false,\"tableId\":1,\"updateBy\":\"\",\"usableColumn\":false},{\"capJavaField\":\"Title\",\"columnComment\":\"产品标题（如：美国B1/B2十年多次签）\",\"columnId\":2,\"columnName\":\"title\",\"columnType\":\"varchar(100)\",\"createBy\":\"admin\",\"createTime\":\"2026-01-22 08:59:16\",\"dictType\":\"\",\"edit\":true,\"htmlType\":\"input\",\"increment\":false,\"insert\":true,\"isEdit\":\"1\",\"isIncrement\":\"0\",\"isInsert\":\"1\",\"isList\":\"1\",\"isPk\":\"0\",\"isQuery\":\"1\",\"isRequired\":\"1\",\"javaField\":\"title\",\"javaType\":\"String\",\"list\":true,\"params\":{},\"pk\":false,\"query\":true,\"queryType\":\"EQ\",\"required\":true,\"sort\":2,\"superColumn\":false,\"tableId\":1,\"updateBy\":\"\",\"usableColumn\":false},{\"capJavaField\":\"Country\",\"columnComment\":\"国家（如：日本、美国）\",\"columnId\":3,\"columnName\":\"country\",\"columnType\":\"varchar(50)\",\"createBy\":\"admin\",\"createTime\":\"2026-01-22 08:59:16\",\"dictType\":\"\",\"edit\":true,\"htmlType\":\"input\",\"increment\":false,\"insert\":true,\"isEdit\":\"1\",\"isIncrement\":\"0\",\"isInsert\":\"1\",\"isList\":\"1\",\"isPk\":\"0\",\"isQuery\":\"1\",\"isRequired\":\"1\",\"javaField\":\"country\",\"javaType\":\"String\",\"list\":true,\"params\":{},\"pk\":false,\"query\":true,\"queryType\":\"EQ\",\"required\":true,\"sort\":3,\"superColumn\":false,\"tableId\":1,\"updateBy\":\"\",\"usableColumn\":false},{\"capJavaField\":\"VisaType\",\"columnComment\":\"签证类型（旅游/商务/留学/探亲）\",\"columnId\":4,\"columnName\":\"visa_type\",\"columnType\":\"varchar(50)\",\"createBy\":\"admin\",\"createTime\":\"2026-01-22 08:59:16\",\"dictType\":\"\",\"edit\":true,\"htmlType\":\"select\",\"increment\":false,\"insert\":true,\"isEdit\":\"1\",\"isIncrement\":\"0\",\"isInsert\":\"1\",\"isList\":\"1\",\"isPk\":\"0\",\"isQuery\":\"1\",','{\"msg\":\"操作成功\",\"code\":200}',0,NULL,'2026-01-22 09:02:44',267),(109,'代码生成',8,'com.ruoyi.generator.controller.GenController.batchGenCode()','GET',1,'admin','研发部门','/tool/gen/batchGenCode','127.0.0.1','内网IP','{\"tables\":\"visa_product\"}',NULL,0,NULL,'2026-01-22 09:04:27',843),(110,'菜单管理',2,'com.ruoyi.web.controller.system.SysMenuController.edit()','PUT',1,'admin','研发部门','/system/menu','127.0.0.1','内网IP','{\"children\":[],\"component\":\"tool/gen/index\",\"createTime\":\"2026-01-20 15:48:55\",\"icon\":\"code\",\"isCache\":\"0\",\"isFrame\":\"1\",\"menuId\":116,\"menuName\":\"代码生成\",\"menuType\":\"C\",\"orderNum\":2,\"params\":{},\"parentId\":1,\"path\":\"gen\",\"perms\":\"tool:gen:list\",\"query\":\"\",\"routeName\":\"\",\"status\":\"0\",\"updateBy\":\"admin\",\"visible\":\"0\"} ','{\"msg\":\"操作成功\",\"code\":200}',0,NULL,'2026-01-22 09:22:47',73),(111,'菜单管理',2,'com.ruoyi.web.controller.system.SysMenuController.edit()','PUT',1,'admin','研发部门','/system/menu','127.0.0.1','内网IP','{\"children\":[],\"component\":\"tool/gen/index\",\"createTime\":\"2026-01-20 15:48:55\",\"icon\":\"code\",\"isCache\":\"0\",\"isFrame\":\"1\",\"menuId\":116,\"menuName\":\"代码生成\",\"menuType\":\"C\",\"orderNum\":2,\"params\":{},\"parentId\":3,\"path\":\"gen\",\"perms\":\"tool:gen:list\",\"query\":\"\",\"routeName\":\"\",\"status\":\"0\",\"updateBy\":\"admin\",\"visible\":\"0\"} ','{\"msg\":\"操作成功\",\"code\":200}',0,NULL,'2026-01-22 09:23:14',34),(112,'菜单管理',2,'com.ruoyi.web.controller.system.SysMenuController.edit()','PUT',1,'admin','研发部门','/system/menu','127.0.0.1','内网IP','{\"children\":[],\"component\":\"visa/product/index\",\"createTime\":\"2026-01-22 09:13:51\",\"icon\":\"education\",\"isCache\":\"0\",\"isFrame\":\"1\",\"menuId\":2000,\"menuName\":\"签证产品\",\"menuType\":\"C\",\"orderNum\":1,\"params\":{},\"parentId\":1,\"path\":\"product\",\"perms\":\"visa:product:list\",\"routeName\":\"\",\"status\":\"0\",\"updateBy\":\"admin\",\"visible\":\"0\"} ','{\"msg\":\"操作成功\",\"code\":200}',0,NULL,'2026-01-22 09:23:58',32),(113,'签证产品',1,'com.ruoyi.visa.controller.VisaProductController.add()','POST',1,'admin','研发部门','/visa/product','127.0.0.1','内网IP','{\"consularDistrict\":\"北京\",\"country\":\"美国\",\"createTime\":\"2026-01-22 09:37:30\",\"image\":\"/profile/upload/2026/01/22/American_Flag_Waving_on_a_Flag_Pole_20260122093633A001.jpg\",\"isInterviewRequired\":1,\"maxStayDays\":\"180天\",\"params\":{},\"price\":1299.00,\"processingTime\":\"预约后3-5工作日\",\"requirementsConfig\":\"{\\\"name\\\": \\\"护照首页\\\", \\\"type\\\": \\\"image\\\", \\\"required\\\": true, \\\"desc\\\": \\\"有效期需在6个月以上\\\"},\\n    {\\\"name\\\": \\\"身份证号\\\", \\\"type\\\": \\\"text\\\", \\\"required\\\": true, \\\"desc\\\": \\\"请输入申请人的18位身份证号码\\\"},\\n    {\\\"name\\\": \\\"DS-160信息表\\\", \\\"type\\\": \\\"file\\\", \\\"required\\\": true, \\\"desc\\\": \\\"请下载模板填写后上传PDF\\\"},\\n    {\\\"name\\\": \\\"美签照片电子版\\\", \\\"type\\\": \\\"image\\\", \\\"required\\\": true, \\\"desc\\\": \\\"51mm*51mm方形电子照\\\"}\",\"title\":\"美国B1/B2十年多次往返签证\",\"validityPeriod\":\"10年\"} ',NULL,1,'\r\n### Error updating database.  Cause: com.mysql.cj.jdbc.exceptions.MysqlDataTruncation: Data truncation: Invalid JSON text: \"The document root must not be followed by other values.\" at position 99 in value for column \'visa_product.requirements_config\'.\r\n### The error may exist in file [D:\\VisaManagementSystem\\RuoYi-Vue\\ruoyi-system\\target\\classes\\mapper\\system\\VisaProductMapper.xml]\r\n### The error may involve com.ruoyi.visa.mapper.VisaProductMapper.insertVisaProduct-Inline\r\n### The error occurred while setting parameters\r\n### SQL: insert into visa_product          ( title,             country,                          price,             image,             requirements_config,             is_interview_required,             processing_time,             validity_period,             max_stay_days,             consular_district,                          create_time )           values ( ?,             ?,                          ?,             ?,             ?,             ?,             ?,             ?,             ?,             ?,                          ? )\r\n### Cause: com.mysql.cj.jdbc.exceptions.MysqlDataTruncation: Data truncation: Invalid JSON text: \"The document root must not be followed by other values.\" at position 99 in value for column \'visa_product.requirements_config\'.\n; Data truncation: Invalid JSON text: \"The document root must not be followed by other values.\" at position 99 in value for column \'visa_product.requirements_config\'.; nested exception is com.mysql.cj.jdbc.exceptions.MysqlDataTruncation: Data truncation: Invalid JSON text: \"The document root must not be followed by other values.\" at position 99 in value for column \'visa_product.requirements_config\'.','2026-01-22 09:37:30',311),(114,'签证产品',1,'com.ruoyi.visa.controller.VisaProductController.add()','POST',1,'admin','研发部门','/visa/product','127.0.0.1','内网IP','{\"consularDistrict\":\"北京\",\"country\":\"美国\",\"createTime\":\"2026-01-22 09:39:33\",\"image\":\"/profile/upload/2026/01/22/American_Flag_Waving_on_a_Flag_Pole_20260122093633A001.jpg\",\"isInterviewRequired\":1,\"maxStayDays\":\"180天\",\"params\":{},\"price\":1299.00,\"processingTime\":\"预约后3-5工作日\",\"requirementsConfig\":\"[\\n    {\\\"name\\\": \\\"护照首页\\\", \\\"type\\\": \\\"image\\\", \\\"required\\\": true, \\\"desc\\\": \\\"有效期需在6个月以上\\\"},\\n    {\\\"name\\\": \\\"身份证号\\\", \\\"type\\\": \\\"text\\\", \\\"required\\\": true, \\\"desc\\\": \\\"请输入申请人的18位身份证号码\\\"},\\n    {\\\"name\\\": \\\"DS-160信息表\\\", \\\"type\\\": \\\"file\\\", \\\"required\\\": true, \\\"desc\\\": \\\"请下载模板填写后上传PDF\\\"},\\n    {\\\"name\\\": \\\"美签照片电子版\\\", \\\"type\\\": \\\"image\\\", \\\"required\\\": true, \\\"desc\\\": \\\"51mm*51mm方形电子照\\\"}\\n]\",\"title\":\"美国B1/B2十年多次往返签证\",\"validityPeriod\":\"10年\"} ',NULL,1,'\r\n### Error updating database.  Cause: java.sql.SQLException: Field \'visa_type\' doesn\'t have a default value\r\n### The error may exist in file [D:\\VisaManagementSystem\\RuoYi-Vue\\ruoyi-system\\target\\classes\\mapper\\system\\VisaProductMapper.xml]\r\n### The error may involve com.ruoyi.visa.mapper.VisaProductMapper.insertVisaProduct-Inline\r\n### The error occurred while setting parameters\r\n### SQL: insert into visa_product          ( title,             country,                          price,             image,             requirements_config,             is_interview_required,             processing_time,             validity_period,             max_stay_days,             consular_district,                          create_time )           values ( ?,             ?,                          ?,             ?,             ?,             ?,             ?,             ?,             ?,             ?,                          ? )\r\n### Cause: java.sql.SQLException: Field \'visa_type\' doesn\'t have a default value\n; Field \'visa_type\' doesn\'t have a default value; nested exception is java.sql.SQLException: Field \'visa_type\' doesn\'t have a default value','2026-01-22 09:39:33',20),(115,'签证产品',1,'com.ruoyi.visa.controller.VisaProductController.add()','POST',1,'admin','研发部门','/visa/product','127.0.0.1','内网IP','{\"consularDistrict\":\"北京\",\"country\":\"美国\",\"createTime\":\"2026-01-22 09:44:47\",\"id\":1,\"image\":\"/profile/upload/2026/01/22/American_Flag_Waving_on_a_Flag_Pole_20260122094400A002.jpg\",\"isInterviewRequired\":1,\"maxStayDays\":\"180天\",\"params\":{},\"price\":1299,\"processingTime\":\"预约后3-5工作日\",\"requirementsConfig\":\"[\\n    {\\\"name\\\": \\\"护照首页\\\", \\\"type\\\": \\\"image\\\", \\\"required\\\": true, \\\"desc\\\": \\\"有效期需在6个月以上\\\"},\\n    {\\\"name\\\": \\\"身份证号\\\", \\\"type\\\": \\\"text\\\", \\\"required\\\": true, \\\"desc\\\": \\\"请输入申请人的18位身份证号码\\\"},\\n    {\\\"name\\\": \\\"DS-160信息表\\\", \\\"type\\\": \\\"file\\\", \\\"required\\\": true, \\\"desc\\\": \\\"请下载模板填写后上传PDF\\\"},\\n    {\\\"name\\\": \\\"美签照片电子版\\\", \\\"type\\\": \\\"image\\\", \\\"required\\\": true, \\\"desc\\\": \\\"51mm*51mm方形电子照\\\"}\\n]\",\"title\":\"美国B1/B2十年多次往返签证\",\"validityPeriod\":\"10年\",\"visaType\":\"商务/旅游\"} ','{\"msg\":\"操作成功\",\"code\":200}',0,NULL,'2026-01-22 09:44:48',34),(116,'签证产品',3,'com.ruoyi.visa.controller.VisaProductController.remove()','DELETE',1,'admin','研发部门','/visa/product/1','127.0.0.1','内网IP','[1] ','{\"msg\":\"操作成功\",\"code\":200}',0,NULL,'2026-01-22 09:58:17',92),(117,'签证产品',1,'com.ruoyi.visa.controller.VisaProductController.add()','POST',1,'admin','研发部门','/visa/product','127.0.0.1','内网IP','{\"consularDistrict\":\"北京\",\"country\":\"美国\",\"createTime\":\"2026-01-22 10:00:08\",\"id\":2,\"image\":\"/profile/upload/2026/01/22/American_Flag_Waving_on_a_Flag_Pole_20260122095856A003.jpg\",\"isInterviewRequired\":1,\"maxStayDays\":\"180天\",\"params\":{},\"price\":1299,\"processingTime\":\"3-5天\",\"requirementsConfig\":\"[{\\\"name\\\":\\\"护照首页\\\",\\\"type\\\":\\\"image\\\",\\\"required\\\":true,\\\"desc\\\":\\\"\\\"},{\\\"name\\\":\\\"身份证号\\\",\\\"type\\\":\\\"text\\\",\\\"required\\\":true,\\\"desc\\\":\\\"\\\"},{\\\"name\\\":\\\"DS-160信息表\\\",\\\"type\\\":\\\"file\\\",\\\"required\\\":true,\\\"desc\\\":\\\"\\\"},{\\\"name\\\":\\\"美签照片电子版\\\",\\\"type\\\":\\\"image\\\",\\\"required\\\":true,\\\"desc\\\":\\\"\\\"}]\",\"title\":\"美国B1/B2十年多次往返签证\",\"validityPeriod\":\"10年\",\"visaType\":\"商务/旅行\"} ','{\"msg\":\"操作成功\",\"code\":200}',0,NULL,'2026-01-22 10:00:08',33),(118,'签证产品',2,'com.ruoyi.visa.controller.VisaProductController.edit()','PUT',1,'admin','研发部门','/visa/product','127.0.0.1','内网IP','{\"consularDistrict\":\"北京\",\"country\":\"美国\",\"createTime\":\"2026-01-22 10:00:08\",\"id\":2,\"image\":\"/profile/upload/2026/01/22/American_Flag_Waving_on_a_Flag_Pole_20260122095856A003.jpg\",\"isInterviewRequired\":1,\"maxStayDays\":\"180天\",\"params\":{},\"price\":1299,\"processingTime\":\"3-5天\",\"requirementsConfig\":\"[{\\\"desc\\\":\\\"\\\",\\\"name\\\":\\\"护照首页\\\",\\\"type\\\":\\\"image\\\",\\\"required\\\":true},{\\\"desc\\\":\\\"\\\",\\\"name\\\":\\\"身份证号\\\",\\\"type\\\":\\\"text\\\",\\\"required\\\":true},{\\\"desc\\\":\\\"\\\",\\\"name\\\":\\\"DS-160信息表\\\",\\\"type\\\":\\\"file\\\",\\\"required\\\":true},{\\\"desc\\\":\\\"\\\",\\\"name\\\":\\\"美签照片电子版\\\",\\\"type\\\":\\\"image\\\",\\\"required\\\":true}]\",\"status\":1,\"title\":\"美国B1/B2十年多次往返签证\",\"validityPeriod\":\"10年\",\"visaType\":\"商务/旅行\"} ','{\"msg\":\"操作成功\",\"code\":200}',0,NULL,'2026-01-22 10:18:42',49),(119,'签证产品',2,'com.ruoyi.visa.controller.VisaProductController.edit()','PUT',1,'admin','研发部门','/visa/product','127.0.0.1','内网IP','{\"consularDistrict\":\"北京\",\"country\":\"美国\",\"createTime\":\"2026-01-22 10:00:08\",\"id\":2,\"image\":\"/profile/upload/2026/01/22/American_Flag_Waving_on_a_Flag_Pole_20260122095856A003.jpg\",\"isInterviewRequired\":1,\"maxStayDays\":\"180天\",\"params\":{},\"price\":1299,\"processingTime\":\"3-5天\",\"requirementsConfig\":\"[{\\\"desc\\\":\\\"\\\",\\\"name\\\":\\\"护照首页\\\",\\\"type\\\":\\\"image\\\",\\\"required\\\":true},{\\\"desc\\\":\\\"\\\",\\\"name\\\":\\\"身份证号\\\",\\\"type\\\":\\\"text\\\",\\\"required\\\":true},{\\\"desc\\\":\\\"\\\",\\\"name\\\":\\\"DS-160信息表\\\",\\\"type\\\":\\\"file\\\",\\\"required\\\":true},{\\\"desc\\\":\\\"\\\",\\\"name\\\":\\\"美签照片电子版\\\",\\\"type\\\":\\\"image\\\",\\\"required\\\":true},{\\\"name\\\":\\\"1\\\",\\\"type\\\":\\\"image\\\",\\\"required\\\":true,\\\"desc\\\":\\\"\\\"}]\",\"status\":1,\"title\":\"美国B1/B2十年多次往返签证\",\"validityPeriod\":\"10年\",\"visaType\":\"商务/旅行\"} ','{\"msg\":\"操作成功\",\"code\":200}',0,NULL,'2026-01-22 10:18:50',25),(120,'用户头像',2,'com.ruoyi.web.controller.system.SysProfileController.avatar()','POST',1,'admin','研发部门','/system/user/profile/avatar','127.0.0.1','内网IP','','{\"msg\":\"操作成功\",\"imgUrl\":\"/profile/avatar/2026/01/22/85fe3dfde0e14b649f0ae674bd22472d.jpg\",\"code\":200}',0,NULL,'2026-01-22 10:21:03',63),(121,'个人信息',2,'com.ruoyi.web.controller.system.SysProfileController.updateProfile()','PUT',1,'admin','研发部门','/system/user/profile','127.0.0.1','内网IP','{\"admin\":false,\"email\":\"ry@163.com\",\"nickName\":\"bella\",\"params\":{},\"phonenumber\":\"15888888888\",\"sex\":\"1\"} ','{\"msg\":\"操作成功\",\"code\":200}',0,NULL,'2026-01-22 10:21:10',177),(122,'菜单管理',2,'com.ruoyi.web.controller.system.SysMenuController.edit()','PUT',1,'admin','研发部门','/system/menu','127.0.0.1','内网IP','{\"children\":[],\"component\":\"visa/product/index\",\"createTime\":\"2026-01-22 09:13:51\",\"icon\":\"education\",\"isCache\":\"0\",\"isFrame\":\"1\",\"menuId\":2000,\"menuName\":\"签证产品\",\"menuType\":\"C\",\"orderNum\":1,\"params\":{},\"parentId\":0,\"path\":\"product\",\"perms\":\"visa:product:list\",\"routeName\":\"\",\"status\":\"0\",\"updateBy\":\"admin\",\"visible\":\"0\"} ','{\"msg\":\"操作成功\",\"code\":200}',0,NULL,'2026-01-22 16:12:14',39),(123,'菜单管理',2,'com.ruoyi.web.controller.system.SysMenuController.edit()','PUT',1,'admin','研发部门','/system/menu','127.0.0.1','内网IP','{\"children\":[],\"component\":\"system/user/index\",\"createTime\":\"2026-01-20 15:48:55\",\"icon\":\"user\",\"isCache\":\"0\",\"isFrame\":\"1\",\"menuId\":100,\"menuName\":\"用户管理\",\"menuType\":\"C\",\"orderNum\":1,\"params\":{},\"parentId\":0,\"path\":\"user\",\"perms\":\"system:user:list\",\"query\":\"\",\"routeName\":\"\",\"status\":\"0\",\"updateBy\":\"admin\",\"visible\":\"0\"} ','{\"msg\":\"操作成功\",\"code\":200}',0,NULL,'2026-01-22 16:13:12',28),(124,'菜单管理',2,'com.ruoyi.web.controller.system.SysMenuController.edit()','PUT',1,'admin','研发部门','/system/menu','127.0.0.1','内网IP','{\"children\":[],\"component\":\"system/user/index\",\"createTime\":\"2026-01-20 15:48:55\",\"icon\":\"user\",\"isCache\":\"0\",\"isFrame\":\"1\",\"menuId\":100,\"menuName\":\"用户管理\",\"menuType\":\"C\",\"orderNum\":1,\"params\":{},\"parentId\":1,\"path\":\"user\",\"perms\":\"system:user:list\",\"query\":\"\",\"routeName\":\"\",\"status\":\"0\",\"updateBy\":\"admin\",\"visible\":\"0\"} ','{\"msg\":\"操作成功\",\"code\":200}',0,NULL,'2026-01-22 16:13:38',25),(125,'菜单管理',2,'com.ruoyi.web.controller.system.SysMenuController.edit()','PUT',1,'admin','研发部门','/system/menu','127.0.0.1','内网IP','{\"children\":[],\"component\":\"system/notice/index\",\"createTime\":\"2026-01-20 15:48:55\",\"icon\":\"message\",\"isCache\":\"0\",\"isFrame\":\"1\",\"menuId\":107,\"menuName\":\"通知公告\",\"menuType\":\"C\",\"orderNum\":8,\"params\":{},\"parentId\":1,\"path\":\"notice\",\"perms\":\"system:notice:list\",\"query\":\"\",\"routeName\":\"\",\"status\":\"0\",\"updateBy\":\"admin\",\"visible\":\"1\"} ','{\"msg\":\"操作成功\",\"code\":200}',0,NULL,'2026-01-22 16:14:08',87),(126,'菜单管理',2,'com.ruoyi.web.controller.system.SysMenuController.edit()','PUT',1,'admin','研发部门','/system/menu','127.0.0.1','内网IP','{\"children\":[],\"component\":\"system/config/index\",\"createTime\":\"2026-01-20 15:48:55\",\"icon\":\"edit\",\"isCache\":\"0\",\"isFrame\":\"1\",\"menuId\":106,\"menuName\":\"参数设置\",\"menuType\":\"C\",\"orderNum\":7,\"params\":{},\"parentId\":1,\"path\":\"config\",\"perms\":\"system:config:list\",\"query\":\"\",\"routeName\":\"\",\"status\":\"0\",\"updateBy\":\"admin\",\"visible\":\"1\"} ','{\"msg\":\"操作成功\",\"code\":200}',0,NULL,'2026-01-22 16:14:18',27),(127,'签证产品',2,'com.ruoyi.visa.controller.VisaProductController.edit()','PUT',1,'admin','研发部门','/visa/product','127.0.0.1','内网IP','{\"consularDistrict\":\"北京\",\"country\":\"美国\",\"createTime\":\"2026-01-22 10:00:08\",\"id\":2,\"image\":\"/profile/upload/2026/01/22/American_Flag_Waving_on_a_Flag_Pole_20260122095856A003.jpg\",\"isInterviewRequired\":1,\"maxStayDays\":\"180天\",\"params\":{},\"price\":1299,\"processingTime\":\"3-5天\",\"requirementsConfig\":\"[{\\\"desc\\\":\\\"\\\",\\\"name\\\":\\\"护照首页\\\",\\\"type\\\":\\\"image\\\",\\\"required\\\":true},{\\\"desc\\\":\\\"\\\",\\\"name\\\":\\\"身份证号\\\",\\\"type\\\":\\\"text\\\",\\\"required\\\":true},{\\\"desc\\\":\\\"\\\",\\\"name\\\":\\\"DS-160信息表\\\",\\\"type\\\":\\\"file\\\",\\\"required\\\":true},{\\\"desc\\\":\\\"\\\",\\\"name\\\":\\\"美签照片电子版\\\",\\\"type\\\":\\\"image\\\",\\\"required\\\":true},{\\\"desc\\\":\\\"\\\",\\\"name\\\":\\\"1\\\",\\\"type\\\":\\\"image\\\",\\\"required\\\":true}]\",\"status\":1,\"title\":\"美国B1/B2十年多次往返签证\",\"validityPeriod\":\"10年\",\"visaType\":\"商务/旅行\"} ','{\"msg\":\"操作成功\",\"code\":200}',0,NULL,'2026-01-22 16:19:28',15),(128,'签证产品',2,'com.ruoyi.visa.controller.VisaProductController.changeStatus()','PUT',1,'admin','研发部门','/visa/product/changeStatus/2/0','127.0.0.1','内网IP','2 0 ',NULL,1,'nested exception is org.apache.ibatis.binding.BindingException: Parameter \'status\' not found. Available parameters are [arg1, arg0, param1, param2]','2026-01-22 16:46:35',60),(129,'签证产品',2,'com.ruoyi.visa.controller.VisaProductController.changeStatus()','PUT',1,'admin','研发部门','/visa/product/changeStatus/2/0','127.0.0.1','内网IP','2 0 ',NULL,1,'nested exception is org.apache.ibatis.binding.BindingException: Parameter \'status\' not found. Available parameters are [arg1, arg0, param1, param2]','2026-01-22 16:49:43',23),(130,'签证产品',2,'com.ruoyi.visa.controller.VisaProductController.changeStatus()','PUT',1,'admin','研发部门','/visa/product/changeStatus/2/0','127.0.0.1','内网IP','2 0 ','{\"msg\":\"操作成功\",\"code\":200}',0,NULL,'2026-01-22 16:52:45',54),(131,'签证产品',2,'com.ruoyi.visa.controller.VisaProductController.changeStatus()','PUT',1,'admin','研发部门','/visa/product/changeStatus/2/1','127.0.0.1','内网IP','2 1 ','{\"msg\":\"操作成功\",\"code\":200}',0,NULL,'2026-01-22 16:52:48',19),(132,'签证产品',1,'com.ruoyi.visa.controller.VisaProductController.add()','POST',1,'admin','研发部门','/visa/product','127.0.0.1','内网IP','{\"consularDistrict\":\"全国受理\",\"country\":\"日本\",\"createTime\":\"2026-01-23 08:35:04\",\"id\":3,\"image\":\"/profile/upload/2026/01/23/tokyo_20260123083331A001.jpg\",\"isInterviewRequired\":0,\"maxStayDays\":\"15天\",\"params\":{},\"price\":299,\"processingTime\":\"5-7个工作日\",\"requirementsConfig\":\"[{\\\"name\\\":\\\"护照首页\\\",\\\"type\\\":\\\"image\\\",\\\"required\\\":true,\\\"desc\\\":\\\"请拍摄护照信息页，确保文字清晰无反光\\\"},{\\\"name\\\":\\\"2寸白底照片\\\",\\\"type\\\":\\\"image\\\",\\\"required\\\":true,\\\"desc\\\":\\\"近6个月内拍摄的4.5cm*4.5cm白底彩照\\\"},{\\\"name\\\":\\\"身份证\\\",\\\"type\\\":\\\"image\\\",\\\"required\\\":true,\\\"desc\\\":\\\"身份证正反面拼接在同一张图片\\\"},{\\\"name\\\":\\\"申请表\\\",\\\"type\\\":\\\"file\\\",\\\"required\\\":true,\\\"desc\\\":\\\"已签字的赴日申请表扫描件(PDF)\\\"}]\",\"title\":\"日本单次旅游签证 [极速出签]\",\"validityPeriod\":\"3个月\",\"visaType\":\"旅游签\"} ','{\"msg\":\"操作成功\",\"code\":200}',0,NULL,'2026-01-23 08:35:04',111),(133,'签证产品',2,'com.ruoyi.visa.controller.VisaProductController.edit()','PUT',1,'admin','研发部门','/visa/product','127.0.0.1','内网IP','{\"consularDistrict\":\"北京\",\"country\":\"美国\",\"createTime\":\"2026-01-22 10:00:08\",\"id\":2,\"image\":\"/profile/upload/2026/01/22/American_Flag_Waving_on_a_Flag_Pole_20260122095856A003.jpg\",\"isInterviewRequired\":1,\"maxStayDays\":\"180天\",\"params\":{},\"price\":1299,\"processingTime\":\"3-5天\",\"requirementsConfig\":\"[{\\\"desc\\\":\\\"有效期需在6个月以上\\\",\\\"name\\\":\\\"护照首页\\\",\\\"type\\\":\\\"image\\\",\\\"required\\\":true},{\\\"desc\\\":\\\"请输入申请人的18位身份证号码\\\",\\\"name\\\":\\\"身份证号\\\",\\\"type\\\":\\\"text\\\",\\\"required\\\":true},{\\\"desc\\\":\\\"请下载模板填写后上传PDF\\\",\\\"name\\\":\\\"DS-160信息表\\\",\\\"type\\\":\\\"file\\\",\\\"required\\\":true},{\\\"desc\\\":\\\"51mm*51mm方形电子照\\\",\\\"name\\\":\\\"美签照片电子版\\\",\\\"type\\\":\\\"image\\\",\\\"required\\\":true}]\",\"status\":1,\"title\":\"美国B1/B2十年多次往返签证\",\"validityPeriod\":\"10年\",\"visaType\":\"商务/旅行\"} ','{\"msg\":\"操作成功\",\"code\":200}',0,NULL,'2026-01-23 08:43:02',45),(134,'签证产品',2,'com.ruoyi.visa.controller.VisaProductController.edit()','PUT',1,'admin','研发部门','/visa/product','127.0.0.1','内网IP','{\"consularDistrict\":\"北京\",\"country\":\"美国\",\"createTime\":\"2026-01-22 10:00:08\",\"id\":2,\"image\":\"/profile/upload/2026/01/22/American_Flag_Waving_on_a_Flag_Pole_20260122095856A003.jpg\",\"isInterviewRequired\":1,\"maxStayDays\":\"180天\",\"params\":{},\"price\":1299,\"processingTime\":\"3-5天\",\"requirementsConfig\":\"[{\\\"desc\\\":\\\"有效期需在6个月以上\\\",\\\"name\\\":\\\"护照首页\\\",\\\"type\\\":\\\"image\\\",\\\"required\\\":true,\\\"templateUrl\\\":\\\"http://localhost:8080/profile/upload/2026/01/23/软英2201_20226648_杨静涵_平时作业_20260123085117A002.docx\\\",\\\"templateName\\\":\\\"软英2201_20226648_杨静涵_平时作业.docx\\\"},{\\\"desc\\\":\\\"请输入申请人的18位身份证号码\\\",\\\"name\\\":\\\"身份证号\\\",\\\"type\\\":\\\"text\\\",\\\"required\\\":true},{\\\"desc\\\":\\\"请下载模板填写后上传PDF\\\",\\\"name\\\":\\\"DS-160信息表\\\",\\\"type\\\":\\\"file\\\",\\\"required\\\":true},{\\\"desc\\\":\\\"51mm*51mm方形电子照\\\",\\\"name\\\":\\\"美签照片电子版\\\",\\\"type\\\":\\\"image\\\",\\\"required\\\":true}]\",\"status\":1,\"title\":\"美国B1/B2十年多次往返签证\",\"validityPeriod\":\"10年\",\"visaType\":\"商务/旅行\"} ','{\"msg\":\"操作成功\",\"code\":200}',0,NULL,'2026-01-23 08:51:21',63),(135,'代码生成',6,'com.ruoyi.generator.controller.GenController.importTableSave()','POST',1,'admin','研发部门','/tool/gen/importTable','127.0.0.1','内网IP','{\"tables\":\"visa_country,visa_district,visa_type\"}','{\"msg\":\"操作成功\",\"code\":200}',0,NULL,'2026-01-23 11:12:25',777),(136,'代码生成',8,'com.ruoyi.generator.controller.GenController.batchGenCode()','GET',1,'admin','研发部门','/tool/gen/batchGenCode','127.0.0.1','内网IP','{\"tables\":\"visa_district\"}',NULL,0,NULL,'2026-01-23 11:13:14',1286),(137,'代码生成',8,'com.ruoyi.generator.controller.GenController.batchGenCode()','GET',1,'admin','研发部门','/tool/gen/batchGenCode','127.0.0.1','内网IP','{\"tables\":\"visa_type\"}',NULL,0,NULL,'2026-01-23 11:13:16',93),(138,'代码生成',8,'com.ruoyi.generator.controller.GenController.batchGenCode()','GET',1,'admin','研发部门','/tool/gen/batchGenCode','127.0.0.1','内网IP','{\"tables\":\"visa_country\"}',NULL,0,NULL,'2026-01-23 11:13:18',156),(139,'代码生成',8,'com.ruoyi.generator.controller.GenController.batchGenCode()','GET',1,'admin','研发部门','/tool/gen/batchGenCode','127.0.0.1','内网IP','{\"tables\":\"visa_type\"}',NULL,0,NULL,'2026-01-23 11:19:28',94),(140,'菜单管理',2,'com.ruoyi.web.controller.system.SysMenuController.edit()','PUT',1,'admin','研发部门','/system/menu','127.0.0.1','内网IP','{\"children\":[],\"component\":\"visa/country/index\",\"createTime\":\"2026-01-23 11:23:15\",\"icon\":\"list\",\"isCache\":\"0\",\"isFrame\":\"1\",\"menuId\":2006,\"menuName\":\"国家配置\",\"menuType\":\"C\",\"orderNum\":1,\"params\":{},\"parentId\":3,\"path\":\"country\",\"perms\":\"visa:country:list\",\"routeName\":\"\",\"status\":\"0\",\"updateBy\":\"admin\",\"visible\":\"0\"} ','{\"msg\":\"操作成功\",\"code\":200}',0,NULL,'2026-01-23 11:45:45',81),(141,'国家配置',2,'com.ruoyi.visa.controller.VisaCountryController.edit()','PUT',1,'admin','研发部门','/visa/country','127.0.0.1','内网IP','{\"code\":\"USA\",\"continent\":\"北美洲\",\"flagUrl\":\"/profile/upload/2026/01/23/American_Flag_Waving_on_a_Flag_Pole_20260123161156A001.jpg\",\"id\":1,\"name\":\"美国\",\"params\":{},\"sort\":1,\"status\":\"1\"} ','{\"msg\":\"操作成功\",\"code\":200}',0,NULL,'2026-01-23 16:12:05',41),(142,'国家配置',2,'com.ruoyi.visa.controller.VisaCountryController.edit()','PUT',1,'admin','研发部门','/visa/country','127.0.0.1','内网IP','{\"code\":\"JP\",\"continent\":\"亚洲\",\"flagUrl\":\"/profile/upload/2026/01/23/images_20260123161244A002.jpg\",\"id\":2,\"name\":\"日本\",\"params\":{},\"sort\":2,\"status\":\"1\"} ','{\"msg\":\"操作成功\",\"code\":200}',0,NULL,'2026-01-23 16:12:48',11),(143,'国家配置',2,'com.ruoyi.visa.controller.VisaCountryController.edit()','PUT',1,'admin','研发部门','/visa/country','127.0.0.1','内网IP','{\"code\":\"USA\",\"continent\":\"北美洲\",\"flagUrl\":\"/profile/upload/2026/01/23/American_Flag_Waving_on_a_Flag_Pole_20260123161156A001.jpg\",\"id\":1,\"name\":\"美国\",\"params\":{},\"sort\":1,\"status\":\"1\"} ','{\"msg\":\"操作成功\",\"code\":200}',0,NULL,'2026-01-23 16:21:02',51),(144,'国家状态',2,'com.ruoyi.visa.controller.VisaCountryController.changeStatus()','PUT',1,'admin','研发部门','/visa/country/changeStatus/1/1','127.0.0.1','内网IP','1 1 ',NULL,1,'nested exception is org.apache.ibatis.binding.BindingException: Parameter \'status\' not found. Available parameters are [arg1, arg0, param1, param2]','2026-01-23 16:23:26',53),(145,'国家状态',2,'com.ruoyi.visa.controller.VisaCountryController.changeStatus()','PUT',1,'admin','研发部门','/visa/country/changeStatus/1/1','127.0.0.1','内网IP','1 1 ','{\"msg\":\"操作成功\",\"code\":200}',0,NULL,'2026-01-23 16:25:21',26),(146,'国家状态',2,'com.ruoyi.visa.controller.VisaCountryController.changeStatus()','PUT',1,'admin','研发部门','/visa/country/changeStatus/2/1','127.0.0.1','内网IP','2 1 ','{\"msg\":\"操作成功\",\"code\":200}',0,NULL,'2026-01-23 16:25:28',9),(147,'菜单管理',2,'com.ruoyi.web.controller.system.SysMenuController.edit()','PUT',1,'admin','研发部门','/system/menu','127.0.0.1','内网IP','{\"children\":[],\"component\":\"visa/country/index\",\"createTime\":\"2026-01-23 11:23:15\",\"icon\":\"list\",\"isCache\":\"0\",\"isFrame\":\"1\",\"menuId\":2006,\"menuName\":\"国家配置\",\"menuType\":\"C\",\"orderNum\":1,\"params\":{},\"parentId\":2000,\"path\":\"country\",\"perms\":\"visa:country:list\",\"routeName\":\"\",\"status\":\"0\",\"updateBy\":\"admin\",\"visible\":\"0\"} ','{\"msg\":\"操作成功\",\"code\":200}',0,NULL,'2026-01-23 16:25:54',45),(148,'菜单管理',2,'com.ruoyi.web.controller.system.SysMenuController.edit()','PUT',1,'admin','研发部门','/system/menu','127.0.0.1','内网IP','{\"children\":[],\"component\":\"visa/country/index\",\"createTime\":\"2026-01-23 11:23:15\",\"icon\":\"list\",\"isCache\":\"0\",\"isFrame\":\"1\",\"menuId\":2006,\"menuName\":\"国家配置\",\"menuType\":\"C\",\"orderNum\":1,\"params\":{},\"parentId\":0,\"path\":\"country\",\"perms\":\"visa:country:list\",\"routeName\":\"\",\"status\":\"0\",\"updateBy\":\"admin\",\"visible\":\"0\"} ','{\"msg\":\"操作成功\",\"code\":200}',0,NULL,'2026-01-23 16:26:34',174),(149,'国家状态',2,'com.ruoyi.visa.controller.VisaCountryController.changeStatus()','PUT',1,'admin','研发部门','/visa/country/changeStatus/1/1','127.0.0.1','内网IP','1 1 ','{\"msg\":\"操作成功\",\"code\":200}',0,NULL,'2026-01-23 16:26:49',49),(150,'国家状态',2,'com.ruoyi.visa.controller.VisaCountryController.changeStatus()','PUT',1,'admin','研发部门','/visa/country/changeStatus/1/1','127.0.0.1','内网IP','1 1 ','{\"msg\":\"操作成功\",\"code\":200}',0,NULL,'2026-01-23 16:26:59',7),(151,'国家状态',2,'com.ruoyi.visa.controller.VisaCountryController.changeStatus()','PUT',1,'admin','研发部门','/visa/country/changeStatus/1/1','127.0.0.1','内网IP','1 1 ','{\"msg\":\"操作成功\",\"code\":200}',0,NULL,'2026-01-23 16:32:00',37),(152,'代码生成',2,'com.ruoyi.generator.controller.GenController.editSave()','PUT',1,'admin','研发部门','/tool/gen','127.0.0.1','内网IP','{\"businessName\":\"type\",\"className\":\"VisaType\",\"columns\":[{\"capJavaField\":\"Id\",\"columnComment\":\"ID\",\"columnId\":27,\"columnName\":\"id\",\"columnType\":\"bigint\",\"createBy\":\"admin\",\"createTime\":\"2026-01-23 11:12:25\",\"dictType\":\"\",\"edit\":false,\"htmlType\":\"input\",\"increment\":true,\"insert\":true,\"isIncrement\":\"1\",\"isInsert\":\"1\",\"isPk\":\"1\",\"isRequired\":\"0\",\"javaField\":\"id\",\"javaType\":\"Long\",\"list\":false,\"params\":{},\"pk\":true,\"query\":false,\"queryType\":\"EQ\",\"required\":false,\"sort\":1,\"superColumn\":false,\"tableId\":4,\"updateBy\":\"\",\"usableColumn\":false},{\"capJavaField\":\"Name\",\"columnComment\":\"类型名称(如:旅游签, 商务签)\",\"columnId\":28,\"columnName\":\"name\",\"columnType\":\"varchar(50)\",\"createBy\":\"admin\",\"createTime\":\"2026-01-23 11:12:25\",\"dictType\":\"\",\"edit\":true,\"htmlType\":\"input\",\"increment\":false,\"insert\":true,\"isEdit\":\"1\",\"isIncrement\":\"0\",\"isInsert\":\"1\",\"isList\":\"1\",\"isPk\":\"0\",\"isQuery\":\"1\",\"isRequired\":\"1\",\"javaField\":\"name\",\"javaType\":\"String\",\"list\":true,\"params\":{},\"pk\":false,\"query\":true,\"queryType\":\"LIKE\",\"required\":true,\"sort\":2,\"superColumn\":false,\"tableId\":4,\"updateBy\":\"\",\"usableColumn\":false},{\"capJavaField\":\"Code\",\"columnComment\":\"编码(如:TOURIST)\",\"columnId\":29,\"columnName\":\"code\",\"columnType\":\"varchar(50)\",\"createBy\":\"admin\",\"createTime\":\"2026-01-23 11:12:25\",\"dictType\":\"\",\"edit\":true,\"htmlType\":\"input\",\"increment\":false,\"insert\":true,\"isEdit\":\"1\",\"isIncrement\":\"0\",\"isInsert\":\"1\",\"isList\":\"1\",\"isPk\":\"0\",\"isQuery\":\"1\",\"isRequired\":\"0\",\"javaField\":\"code\",\"javaType\":\"String\",\"list\":true,\"params\":{},\"pk\":false,\"query\":true,\"queryType\":\"EQ\",\"required\":false,\"sort\":3,\"superColumn\":false,\"tableId\":4,\"updateBy\":\"\",\"usableColumn\":false},{\"capJavaField\":\"Sort\",\"columnComment\":\"排序\",\"columnId\":30,\"columnName\":\"sort\",\"columnType\":\"int\",\"createBy\":\"admin\",\"createTime\":\"2026-01-23 11:12:25\",\"dictType\":\"\",\"edit\":true,\"htmlType\":\"input\",\"increment\":false,\"insert\":true,\"isEdit\":\"1\",\"isIncrement\":\"0\",\"isInsert\":\"1\",\"isList\":\"1\",\"isPk\":\"0\",\"isQuery\":\"1\",\"isRequired\":\"0\",\"javaField\":\"sort\",\"javaType\":\"Long','{\"msg\":\"操作成功\",\"code\":200}',0,NULL,'2026-01-23 16:33:50',309),(153,'代码生成',8,'com.ruoyi.generator.controller.GenController.batchGenCode()','GET',1,'admin','研发部门','/tool/gen/batchGenCode','127.0.0.1','内网IP','{\"tables\":\"visa_type\"}',NULL,0,NULL,'2026-01-23 16:33:57',788),(154,'国家状态',2,'com.ruoyi.visa.controller.VisaTypeController.changeStatus()','PUT',1,'admin','研发部门','/visa/type/changeStatus/1/0','127.0.0.1','内网IP','1 0 ',NULL,1,'nested exception is org.apache.ibatis.binding.BindingException: Parameter \'status\' not found. Available parameters are [arg1, arg0, param1, param2]','2026-01-23 16:45:55',23),(155,'国家状态',2,'com.ruoyi.visa.controller.VisaTypeController.changeStatus()','PUT',1,'admin','研发部门','/visa/type/changeStatus/1/0','127.0.0.1','内网IP','1 0 ','{\"msg\":\"操作成功\",\"code\":200}',0,NULL,'2026-01-23 16:47:25',122),(156,'国家状态',2,'com.ruoyi.visa.controller.VisaTypeController.changeStatus()','PUT',1,'admin','研发部门','/visa/type/changeStatus/1/1','127.0.0.1','内网IP','1 1 ','{\"msg\":\"操作成功\",\"code\":200}',0,NULL,'2026-01-23 16:47:27',10),(157,'菜单管理',2,'com.ruoyi.web.controller.system.SysMenuController.edit()','PUT',1,'admin','研发部门','/system/menu','127.0.0.1','内网IP','{\"children\":[],\"component\":\"visa/type/index\",\"createTime\":\"2026-01-23 16:36:33\",\"icon\":\"documentation\",\"isCache\":\"0\",\"isFrame\":\"1\",\"menuId\":2012,\"menuName\":\"签证类型\",\"menuType\":\"C\",\"orderNum\":1,\"params\":{},\"parentId\":0,\"path\":\"type\",\"perms\":\"visa:type:list\",\"routeName\":\"\",\"status\":\"0\",\"updateBy\":\"admin\",\"visible\":\"0\"} ','{\"msg\":\"操作成功\",\"code\":200}',0,NULL,'2026-01-23 16:48:02',144),(158,'代码生成',2,'com.ruoyi.generator.controller.GenController.editSave()','PUT',1,'admin','研发部门','/tool/gen','127.0.0.1','内网IP','{\"businessName\":\"district\",\"className\":\"VisaDistrict\",\"columns\":[{\"capJavaField\":\"Id\",\"columnComment\":\"ID\",\"columnId\":22,\"columnName\":\"id\",\"columnType\":\"bigint\",\"createBy\":\"admin\",\"createTime\":\"2026-01-23 11:12:25\",\"dictType\":\"\",\"edit\":false,\"htmlType\":\"input\",\"increment\":true,\"insert\":true,\"isIncrement\":\"1\",\"isInsert\":\"1\",\"isPk\":\"1\",\"isRequired\":\"0\",\"javaField\":\"id\",\"javaType\":\"Long\",\"list\":false,\"params\":{},\"pk\":true,\"query\":false,\"queryType\":\"EQ\",\"required\":false,\"sort\":1,\"superColumn\":false,\"tableId\":3,\"updateBy\":\"\",\"usableColumn\":false},{\"capJavaField\":\"Name\",\"columnComment\":\"领区名称(如:北京领区)\",\"columnId\":23,\"columnName\":\"name\",\"columnType\":\"varchar(50)\",\"createBy\":\"admin\",\"createTime\":\"2026-01-23 11:12:25\",\"dictType\":\"\",\"edit\":true,\"htmlType\":\"input\",\"increment\":false,\"insert\":true,\"isEdit\":\"1\",\"isIncrement\":\"0\",\"isInsert\":\"1\",\"isList\":\"1\",\"isPk\":\"0\",\"isQuery\":\"1\",\"isRequired\":\"1\",\"javaField\":\"name\",\"javaType\":\"String\",\"list\":true,\"params\":{},\"pk\":false,\"query\":true,\"queryType\":\"LIKE\",\"required\":true,\"sort\":2,\"superColumn\":false,\"tableId\":3,\"updateBy\":\"\",\"usableColumn\":false},{\"capJavaField\":\"CoverArea\",\"columnComment\":\"覆盖省份(如:京,津,冀)\",\"columnId\":24,\"columnName\":\"cover_area\",\"columnType\":\"varchar(500)\",\"createBy\":\"admin\",\"createTime\":\"2026-01-23 11:12:25\",\"dictType\":\"\",\"edit\":true,\"htmlType\":\"textarea\",\"increment\":false,\"insert\":true,\"isEdit\":\"1\",\"isIncrement\":\"0\",\"isInsert\":\"1\",\"isList\":\"1\",\"isPk\":\"0\",\"isQuery\":\"1\",\"isRequired\":\"0\",\"javaField\":\"coverArea\",\"javaType\":\"String\",\"list\":true,\"params\":{},\"pk\":false,\"query\":true,\"queryType\":\"EQ\",\"required\":false,\"sort\":3,\"superColumn\":false,\"tableId\":3,\"updateBy\":\"\",\"usableColumn\":false},{\"capJavaField\":\"Sort\",\"columnComment\":\"排序\",\"columnId\":25,\"columnName\":\"sort\",\"columnType\":\"int\",\"createBy\":\"admin\",\"createTime\":\"2026-01-23 11:12:25\",\"dictType\":\"\",\"edit\":true,\"htmlType\":\"input\",\"increment\":false,\"insert\":true,\"isEdit\":\"1\",\"isIncrement\":\"0\",\"isInsert\":\"1\",\"isList\":\"1\",\"isPk\":\"0\",\"isQuery\":\"1\",\"isRequired\":\"0\",\"javaField\"','{\"msg\":\"操作成功\",\"code\":200}',0,NULL,'2026-01-23 16:49:09',179),(159,'代码生成',8,'com.ruoyi.generator.controller.GenController.batchGenCode()','GET',1,'admin','研发部门','/tool/gen/batchGenCode','127.0.0.1','内网IP','{\"tables\":\"visa_district\"}',NULL,0,NULL,'2026-01-23 16:49:16',572),(160,'国家状态',2,'com.ruoyi.visa.controller.VisaCountryController.changeStatus()','PUT',1,'admin','研发部门','/visa/country/changeStatus/1/0','127.0.0.1','内网IP','1 0 ','{\"msg\":\"操作成功\",\"code\":200}',0,NULL,'2026-01-23 17:18:58',48),(161,'国家状态',2,'com.ruoyi.visa.controller.VisaCountryController.changeStatus()','PUT',1,'admin','研发部门','/visa/country/changeStatus/1/1','127.0.0.1','内网IP','1 1 ','{\"msg\":\"操作成功\",\"code\":200}',0,NULL,'2026-01-23 17:19:01',12),(162,'领区状态',2,'com.ruoyi.visa.controller.VisaDistrictController.changeStatus()','PUT',1,'admin','研发部门','/visa/district/changeStatus/1/0','127.0.0.1','内网IP','1 \"0\" ','{\"msg\":\"操作成功\",\"code\":200}',0,NULL,'2026-01-23 17:45:26',16),(163,'领区状态',2,'com.ruoyi.visa.controller.VisaDistrictController.changeStatus()','PUT',1,'admin','研发部门','/visa/district/changeStatus/1/1','127.0.0.1','内网IP','1 \"1\" ','{\"msg\":\"操作成功\",\"code\":200}',0,NULL,'2026-01-23 17:45:28',15),(164,'菜单管理',2,'com.ruoyi.web.controller.system.SysMenuController.edit()','PUT',1,'admin','研发部门','/system/menu','127.0.0.1','内网IP','{\"children\":[],\"component\":\"visa/district/index\",\"createTime\":\"2026-01-23 16:51:47\",\"icon\":\"international\",\"isCache\":\"0\",\"isFrame\":\"1\",\"menuId\":2018,\"menuName\":\"领区配置\",\"menuType\":\"C\",\"orderNum\":1,\"params\":{},\"parentId\":3,\"path\":\"district\",\"perms\":\"visa:district:list\",\"routeName\":\"\",\"status\":\"0\",\"updateBy\":\"admin\",\"visible\":\"0\"} ','{\"msg\":\"操作成功\",\"code\":200}',0,NULL,'2026-01-24 08:42:47',87),(165,'菜单管理',2,'com.ruoyi.web.controller.system.SysMenuController.edit()','PUT',1,'admin','研发部门','/system/menu','127.0.0.1','内网IP','{\"children\":[],\"component\":\"visa/district/index\",\"createTime\":\"2026-01-23 16:51:47\",\"icon\":\"international\",\"isCache\":\"0\",\"isFrame\":\"1\",\"menuId\":2018,\"menuName\":\"领区配置\",\"menuType\":\"C\",\"orderNum\":1,\"params\":{},\"parentId\":0,\"path\":\"district\",\"perms\":\"visa:district:list\",\"routeName\":\"\",\"status\":\"0\",\"updateBy\":\"admin\",\"visible\":\"0\"} ','{\"msg\":\"操作成功\",\"code\":200}',0,NULL,'2026-01-24 08:42:54',43),(166,'代码生成',2,'com.ruoyi.generator.controller.GenController.synchDb()','GET',1,'admin','研发部门','/tool/gen/synchDb/visa_product','127.0.0.1','内网IP','{}','{\"msg\":\"操作成功\",\"code\":200}',0,NULL,'2026-01-24 08:45:47',349),(167,'代码生成',2,'com.ruoyi.generator.controller.GenController.editSave()','PUT',1,'admin','研发部门','/tool/gen','127.0.0.1','内网IP','{\"businessName\":\"product\",\"className\":\"VisaProduct\",\"columns\":[{\"capJavaField\":\"Id\",\"columnComment\":\"主键，自增ID\",\"columnId\":1,\"columnName\":\"id\",\"columnType\":\"bigint\",\"createBy\":\"admin\",\"createTime\":\"2026-01-22 08:59:16\",\"dictType\":\"\",\"edit\":false,\"htmlType\":\"input\",\"increment\":true,\"insert\":true,\"isIncrement\":\"1\",\"isInsert\":\"1\",\"isPk\":\"1\",\"isRequired\":\"0\",\"javaField\":\"id\",\"javaType\":\"Long\",\"list\":false,\"params\":{},\"pk\":true,\"query\":false,\"queryType\":\"EQ\",\"required\":false,\"sort\":1,\"superColumn\":false,\"tableId\":1,\"updateBy\":\"\",\"updateTime\":\"2026-01-24 08:45:46\",\"usableColumn\":false},{\"capJavaField\":\"Title\",\"columnComment\":\"产品标题（如：美国B1/B2十年多次签）\",\"columnId\":2,\"columnName\":\"title\",\"columnType\":\"varchar(100)\",\"createBy\":\"admin\",\"createTime\":\"2026-01-22 08:59:16\",\"dictType\":\"\",\"edit\":true,\"htmlType\":\"input\",\"increment\":false,\"insert\":true,\"isEdit\":\"1\",\"isIncrement\":\"0\",\"isInsert\":\"1\",\"isList\":\"1\",\"isPk\":\"0\",\"isQuery\":\"1\",\"isRequired\":\"1\",\"javaField\":\"title\",\"javaType\":\"String\",\"list\":true,\"params\":{},\"pk\":false,\"query\":true,\"queryType\":\"EQ\",\"required\":true,\"sort\":2,\"superColumn\":false,\"tableId\":1,\"updateBy\":\"\",\"updateTime\":\"2026-01-24 08:45:46\",\"usableColumn\":false},{\"capJavaField\":\"CountryId\",\"columnComment\":\"关联国家ID\",\"columnId\":32,\"columnName\":\"country_id\",\"columnType\":\"bigint\",\"createBy\":\"\",\"createTime\":\"2026-01-24 08:45:46\",\"dictType\":\"\",\"edit\":true,\"htmlType\":\"select\",\"increment\":false,\"insert\":true,\"isEdit\":\"1\",\"isIncrement\":\"0\",\"isInsert\":\"1\",\"isList\":\"1\",\"isPk\":\"0\",\"isQuery\":\"1\",\"isRequired\":\"1\",\"javaField\":\"countryId\",\"javaType\":\"Long\",\"list\":true,\"params\":{},\"pk\":false,\"query\":true,\"queryType\":\"EQ\",\"required\":true,\"sort\":3,\"superColumn\":false,\"tableId\":1,\"updateBy\":\"\",\"usableColumn\":false},{\"capJavaField\":\"TypeId\",\"columnComment\":\"关联类型ID\",\"columnId\":33,\"columnName\":\"type_id\",\"columnType\":\"bigint\",\"createBy\":\"\",\"createTime\":\"2026-01-24 08:45:46\",\"dictType\":\"\",\"edit\":true,\"htmlType\":\"select\",\"increment\":false,\"insert\":true,\"isEdit\":\"1\",\"isIncrement\":\"0\",\"isInsert\":\"1\",','{\"msg\":\"操作成功\",\"code\":200}',0,NULL,'2026-01-24 08:47:54',183),(168,'代码生成',8,'com.ruoyi.generator.controller.GenController.batchGenCode()','GET',1,'admin','研发部门','/tool/gen/batchGenCode','127.0.0.1','内网IP','{\"tables\":\"visa_product\"}',NULL,0,NULL,'2026-01-24 08:48:11',893),(169,'签证产品',1,'com.ruoyi.visa.controller.VisaProductController.add()','POST',1,'admin','研发部门','/visa/product','127.0.0.1','内网IP','{\"countryId\":1,\"createTime\":\"2026-01-24 09:07:30\",\"districtId\":1,\"id\":1,\"image\":\"/profile/upload/2026/01/24/American_Flag_Waving_on_a_Flag_Pole_20260124090718A001.jpg\",\"isInterviewRequired\":1,\"params\":{},\"price\":1299,\"title\":\"美国B1/B2十年多次往返签证\",\"typeId\":1} ','{\"msg\":\"操作成功\",\"code\":200}',0,NULL,'2026-01-24 09:07:31',520),(170,'签证产品',2,'com.ruoyi.visa.controller.VisaProductController.edit()','PUT',1,'admin','研发部门','/visa/product','127.0.0.1','内网IP','{\"countryId\":1,\"countryName\":\"美国\",\"districtId\":1,\"districtName\":\"北京领区\",\"id\":1,\"image\":\"/profile/upload/2026/01/24/American_Flag_Waving_on_a_Flag_Pole_20260124090718A001.jpg\",\"isInterviewRequired\":1,\"maxStayDays\":\"180天\",\"params\":{},\"price\":1299,\"processingTime\":\"12天\",\"requirementsConfig\":\"[{\\\"name\\\":\\\"护照首页\\\",\\\"type\\\":\\\"image\\\",\\\"required\\\":true,\\\"desc\\\":\\\"有效期需在6个月以上\\\",\\\"templateName\\\":\\\"SOP Advice.pdf\\\",\\\"templateUrl\\\":\\\"http://localhost:8080/profile/upload/2026/01/24/SOP Advice_20260124091909A001.pdf\\\"},{\\\"name\\\":\\\"身份证号\\\",\\\"type\\\":\\\"text\\\",\\\"required\\\":true,\\\"desc\\\":\\\"请输入申请人的18位身份证号码\\\",\\\"templateName\\\":\\\"\\\",\\\"templateUrl\\\":\\\"\\\"},{\\\"name\\\":\\\"DS-160信息表\\\",\\\"type\\\":\\\"file\\\",\\\"required\\\":true,\\\"desc\\\":\\\"请下载模板填写后上传PDF\\\",\\\"templateName\\\":\\\"SOP Advice.pdf\\\",\\\"templateUrl\\\":\\\"http://localhost:8080/profile/upload/2026/01/24/SOP Advice_20260124091959A002.pdf\\\"},{\\\"name\\\":\\\"美签照片电子版\\\",\\\"type\\\":\\\"image\\\",\\\"required\\\":true,\\\"desc\\\":\\\"51mm*51mm方形电子照\\\",\\\"templateName\\\":\\\"\\\",\\\"templateUrl\\\":\\\"\\\"}]\",\"status\":1,\"title\":\"美国B1/B2十年多次往返签证\",\"typeId\":1,\"typeName\":\"旅游签\",\"validityPeriod\":\"10年\"} ','{\"msg\":\"操作成功\",\"code\":200}',0,NULL,'2026-01-24 09:20:42',55),(171,'产品状态',2,'com.ruoyi.visa.controller.VisaProductController.changeStatus()','PUT',1,'admin','研发部门','/visa/product/changeStatus/1/0','127.0.0.1','内网IP','1 0 ','{\"msg\":\"操作成功\",\"code\":200}',0,NULL,'2026-01-24 09:50:38',66),(172,'产品状态',2,'com.ruoyi.visa.controller.VisaProductController.changeStatus()','PUT',1,'admin','研发部门','/visa/product/changeStatus/1/1','127.0.0.1','内网IP','1 1 ','{\"msg\":\"操作成功\",\"code\":200}',0,NULL,'2026-01-24 09:50:40',9),(173,'国家状态',2,'com.ruoyi.visa.controller.VisaCountryController.changeStatus()','PUT',1,'admin','研发部门','/visa/country/changeStatus/1/0','127.0.0.1','内网IP','1 0 ','{\"msg\":\"操作成功\",\"code\":200}',0,NULL,'2026-01-24 10:10:53',86),(174,'国家状态',2,'com.ruoyi.visa.controller.VisaCountryController.changeStatus()','PUT',1,'admin','研发部门','/visa/country/changeStatus/1/1','127.0.0.1','内网IP','1 \"1\" ','{\"msg\":\"操作成功\",\"code\":200}',0,NULL,'2026-01-24 10:15:27',104),(175,'国家状态',2,'com.ruoyi.visa.controller.VisaCountryController.changeStatus()','PUT',1,'admin','研发部门','/visa/country/changeStatus/1/0','127.0.0.1','内网IP','1 \"0\" ','{\"msg\":\"操作成功\",\"code\":200}',0,NULL,'2026-01-24 10:15:31',25),(176,'国家状态',2,'com.ruoyi.visa.controller.VisaCountryController.changeStatus()','PUT',1,'admin','研发部门','/visa/country/changeStatus/1/1','127.0.0.1','内网IP','1 \"1\" ','{\"msg\":\"操作成功\",\"code\":200}',0,NULL,'2026-01-24 10:18:06',24),(177,'产品状态',2,'com.ruoyi.visa.controller.VisaProductController.changeStatus()','PUT',1,'admin','研发部门','/visa/product/changeStatus/1/1','127.0.0.1','内网IP','1 1 ','{\"msg\":\"操作成功\",\"code\":200}',0,NULL,'2026-01-24 10:18:39',12),(178,'国家状态',2,'com.ruoyi.visa.controller.VisaTypeController.changeStatus()','PUT',1,'admin','研发部门','/visa/type/changeStatus/1/0','127.0.0.1','内网IP','1 0 ','{\"msg\":\"操作成功\",\"code\":200}',0,NULL,'2026-01-24 10:18:56',15),(179,'菜单管理',2,'com.ruoyi.web.controller.system.SysMenuController.edit()','PUT',1,'admin','研发部门','/system/menu','127.0.0.1','内网IP','{\"children\":[],\"component\":\"visa/product/index\",\"createTime\":\"2026-01-24 08:49:36\",\"icon\":\"#\",\"isCache\":\"0\",\"isFrame\":\"1\",\"menuId\":2024,\"menuName\":\"签证产品\",\"menuType\":\"C\",\"orderNum\":1,\"params\":{},\"parentId\":0,\"path\":\"product\",\"perms\":\"visa:product:list\",\"routeName\":\"\",\"status\":\"0\",\"visible\":\"1\"} ','{\"msg\":\"修改菜单\'签证产品\'失败，菜单名称已存在\",\"code\":500}',0,NULL,'2026-01-24 10:20:53',53),(180,'菜单管理',2,'com.ruoyi.web.controller.system.SysMenuController.edit()','PUT',1,'admin','研发部门','/system/menu','127.0.0.1','内网IP','{\"children\":[],\"component\":\"visa/product/index\",\"createTime\":\"2026-01-24 08:49:36\",\"icon\":\"#\",\"isCache\":\"0\",\"isFrame\":\"1\",\"menuId\":2024,\"menuName\":\"签证产品\",\"menuType\":\"C\",\"orderNum\":1,\"params\":{},\"parentId\":0,\"path\":\"product\",\"perms\":\"visa:product:list\",\"routeName\":\"\",\"status\":\"0\",\"visible\":\"0\"} ','{\"msg\":\"修改菜单\'签证产品\'失败，菜单名称已存在\",\"code\":500}',0,NULL,'2026-01-24 10:21:02',13),(181,'菜单管理',3,'com.ruoyi.web.controller.system.SysMenuController.remove()','DELETE',1,'admin','研发部门','/system/menu/2024','127.0.0.1','内网IP','2024 ','{\"msg\":\"存在子菜单,不允许删除\",\"code\":601}',0,NULL,'2026-01-24 10:21:31',15),(182,'菜单管理',3,'com.ruoyi.web.controller.system.SysMenuController.remove()','DELETE',1,'admin','研发部门','/system/menu/2029','127.0.0.1','内网IP','2029 ','{\"msg\":\"操作成功\",\"code\":200}',0,NULL,'2026-01-24 10:21:42',105),(183,'菜单管理',3,'com.ruoyi.web.controller.system.SysMenuController.remove()','DELETE',1,'admin','研发部门','/system/menu/2028','127.0.0.1','内网IP','2028 ','{\"msg\":\"操作成功\",\"code\":200}',0,NULL,'2026-01-24 10:22:06',42),(184,'菜单管理',3,'com.ruoyi.web.controller.system.SysMenuController.remove()','DELETE',1,'admin','研发部门','/system/menu/2027','127.0.0.1','内网IP','2027 ','{\"msg\":\"操作成功\",\"code\":200}',0,NULL,'2026-01-24 10:22:09',43),(185,'菜单管理',3,'com.ruoyi.web.controller.system.SysMenuController.remove()','DELETE',1,'admin','研发部门','/system/menu/2026','127.0.0.1','内网IP','2026 ','{\"msg\":\"操作成功\",\"code\":200}',0,NULL,'2026-01-24 10:22:11',30),(186,'菜单管理',3,'com.ruoyi.web.controller.system.SysMenuController.remove()','DELETE',1,'admin','研发部门','/system/menu/2025','127.0.0.1','内网IP','2025 ','{\"msg\":\"操作成功\",\"code\":200}',0,NULL,'2026-01-24 10:22:16',39),(187,'菜单管理',3,'com.ruoyi.web.controller.system.SysMenuController.remove()','DELETE',1,'admin','研发部门','/system/menu/2024','127.0.0.1','内网IP','2024 ','{\"msg\":\"操作成功\",\"code\":200}',0,NULL,'2026-01-24 10:22:19',30),(188,'国家状态',2,'com.ruoyi.visa.controller.VisaTypeController.changeStatus()','PUT',1,'admin','研发部门','/visa/type/changeStatus/1/1','127.0.0.1','内网IP','1 \"1\" ','{\"msg\":\"操作成功\",\"code\":200}',0,NULL,'2026-01-24 10:22:34',30),(189,'国家状态',2,'com.ruoyi.visa.controller.VisaTypeController.changeStatus()','PUT',1,'admin','研发部门','/visa/type/changeStatus/1/0','127.0.0.1','内网IP','1 \"0\" ','{\"msg\":\"操作成功\",\"code\":200}',0,NULL,'2026-01-24 10:22:36',19),(190,'产品状态',2,'com.ruoyi.visa.controller.VisaProductController.changeStatus()','PUT',1,'admin','研发部门','/visa/product/changeStatus/1/1','127.0.0.1','内网IP','1 1 ','{\"msg\":\"操作成功\",\"code\":200}',0,NULL,'2026-01-24 10:22:46',13),(191,'国家状态',2,'com.ruoyi.visa.controller.VisaTypeController.changeStatus()','PUT',1,'admin','研发部门','/visa/type/changeStatus/1/1','127.0.0.1','内网IP','1 \"1\" ','{\"msg\":\"操作成功\",\"code\":200}',0,NULL,'2026-01-24 10:22:50',16),(192,'国家状态',2,'com.ruoyi.visa.controller.VisaCountryController.changeStatus()','PUT',1,'admin','研发部门','/visa/country/changeStatus/1/0','127.0.0.1','内网IP','1 \"0\" ','{\"msg\":\"操作成功\",\"code\":200}',0,NULL,'2026-01-24 10:34:37',75),(193,'签证产品',2,'com.ruoyi.visa.controller.VisaProductController.changeStatus()','PUT',1,'admin','研发部门','/visa/product/changeStatus','127.0.0.1','内网IP','{\"id\":1,\"params\":{},\"status\":1} ',NULL,1,'所属国家【美国】已下架，无法上架该产品！','2026-01-24 10:34:48',59),(194,'国家状态',2,'com.ruoyi.visa.controller.VisaCountryController.changeStatus()','PUT',1,'admin','研发部门','/visa/country/changeStatus/1/1','127.0.0.1','内网IP','1 \"1\" ','{\"msg\":\"操作成功\",\"code\":200}',0,NULL,'2026-01-24 10:34:58',15),(195,'签证产品',2,'com.ruoyi.visa.controller.VisaProductController.changeStatus()','PUT',1,'admin','研发部门','/visa/product/changeStatus','127.0.0.1','内网IP','{\"id\":1,\"params\":{},\"status\":1,\"updateTime\":\"2026-01-24 10:35:02\"} ','{\"msg\":\"操作成功\",\"code\":200}',0,NULL,'2026-01-24 10:35:02',57),(196,'国家状态',2,'com.ruoyi.visa.controller.VisaCountryController.changeStatus()','PUT',1,'admin','研发部门','/visa/country/changeStatus/1/0','127.0.0.1','内网IP','1 \"0\" ','{\"msg\":\"操作成功\",\"code\":200}',0,NULL,'2026-01-24 10:35:14',22),(197,'国家状态',2,'com.ruoyi.visa.controller.VisaTypeController.changeStatus()','PUT',1,'admin','研发部门','/visa/type/changeStatus/3/0','127.0.0.1','内网IP','3 \"0\" ','{\"msg\":\"操作成功\",\"code\":200}',0,NULL,'2026-01-24 10:39:12',30),(198,'国家状态',2,'com.ruoyi.visa.controller.VisaCountryController.changeStatus()','PUT',1,'admin','研发部门','/visa/country/changeStatus/1/1','127.0.0.1','内网IP','1 \"1\" ','{\"msg\":\"操作成功\",\"code\":200}',0,NULL,'2026-01-24 10:39:51',29),(199,'国家状态',2,'com.ruoyi.visa.controller.VisaCountryController.changeStatus()','PUT',1,'admin','研发部门','/visa/country/changeStatus/1/0','127.0.0.1','内网IP','1 \"0\" ','{\"msg\":\"操作成功\",\"code\":200}',0,NULL,'2026-01-24 10:42:29',30),(200,'国家状态',2,'com.ruoyi.visa.controller.VisaCountryController.changeStatus()','PUT',1,'admin','研发部门','/visa/country/changeStatus/1/1','127.0.0.1','内网IP','1 \"1\" ','{\"msg\":\"操作成功\",\"code\":200}',0,NULL,'2026-01-24 10:42:47',16),(201,'签证产品',2,'com.ruoyi.visa.controller.VisaProductController.changeStatus()','PUT',1,'admin','研发部门','/visa/product/changeStatus','127.0.0.1','内网IP','{\"id\":1,\"params\":{},\"status\":1,\"updateTime\":\"2026-01-24 11:00:33\"} ','{\"msg\":\"操作成功\",\"code\":200}',0,NULL,'2026-01-24 11:00:33',109),(202,'国家状态',2,'com.ruoyi.visa.controller.VisaTypeController.changeStatus()','PUT',1,'admin','研发部门','/visa/type/changeStatus/3/1','127.0.0.1','内网IP','3 \"1\" ','{\"msg\":\"操作成功\",\"code\":200}',0,NULL,'2026-01-24 11:01:20',22),(203,'代码生成',6,'com.ruoyi.generator.controller.GenController.importTableSave()','POST',1,'admin','研发部门','/tool/gen/importTable','127.0.0.1','内网IP','{\"tables\":\"c_customer\"}','{\"msg\":\"操作成功\",\"code\":200}',0,NULL,'2026-01-26 09:10:10',345),(204,'代码生成',2,'com.ruoyi.generator.controller.GenController.editSave()','PUT',1,'admin','研发部门','/tool/gen','127.0.0.1','内网IP','{\"businessName\":\"customer\",\"className\":\"CCustomer\",\"columns\":[{\"capJavaField\":\"Id\",\"columnComment\":\"用户ID\",\"columnId\":35,\"columnName\":\"id\",\"columnType\":\"bigint\",\"createBy\":\"admin\",\"createTime\":\"2026-01-26 09:10:09\",\"dictType\":\"\",\"edit\":false,\"htmlType\":\"input\",\"increment\":true,\"insert\":true,\"isIncrement\":\"1\",\"isInsert\":\"1\",\"isPk\":\"1\",\"isRequired\":\"0\",\"javaField\":\"id\",\"javaType\":\"Long\",\"list\":false,\"params\":{},\"pk\":true,\"query\":false,\"queryType\":\"EQ\",\"required\":false,\"sort\":1,\"superColumn\":false,\"tableId\":5,\"updateBy\":\"\",\"usableColumn\":false},{\"capJavaField\":\"Phone\",\"columnComment\":\"手机号码(登录账号)\",\"columnId\":36,\"columnName\":\"phone\",\"columnType\":\"varchar(20)\",\"createBy\":\"admin\",\"createTime\":\"2026-01-26 09:10:09\",\"dictType\":\"\",\"edit\":true,\"htmlType\":\"input\",\"increment\":false,\"insert\":true,\"isEdit\":\"1\",\"isIncrement\":\"0\",\"isInsert\":\"1\",\"isList\":\"1\",\"isPk\":\"0\",\"isQuery\":\"1\",\"isRequired\":\"1\",\"javaField\":\"phone\",\"javaType\":\"String\",\"list\":true,\"params\":{},\"pk\":false,\"query\":true,\"queryType\":\"EQ\",\"required\":true,\"sort\":2,\"superColumn\":false,\"tableId\":5,\"updateBy\":\"\",\"usableColumn\":false},{\"capJavaField\":\"Password\",\"columnComment\":\"登录密码(加密)\",\"columnId\":37,\"columnName\":\"password\",\"columnType\":\"varchar(100)\",\"createBy\":\"admin\",\"createTime\":\"2026-01-26 09:10:09\",\"dictType\":\"\",\"edit\":true,\"htmlType\":\"input\",\"increment\":false,\"insert\":true,\"isEdit\":\"1\",\"isIncrement\":\"0\",\"isInsert\":\"1\",\"isList\":\"1\",\"isPk\":\"0\",\"isQuery\":\"1\",\"isRequired\":\"1\",\"javaField\":\"password\",\"javaType\":\"String\",\"list\":true,\"params\":{},\"pk\":false,\"query\":true,\"queryType\":\"EQ\",\"required\":true,\"sort\":3,\"superColumn\":false,\"tableId\":5,\"updateBy\":\"\",\"usableColumn\":false},{\"capJavaField\":\"Nickname\",\"columnComment\":\"用户昵称\",\"columnId\":38,\"columnName\":\"nickname\",\"columnType\":\"varchar(50)\",\"createBy\":\"admin\",\"createTime\":\"2026-01-26 09:10:09\",\"dictType\":\"\",\"edit\":true,\"htmlType\":\"input\",\"increment\":false,\"insert\":true,\"isEdit\":\"1\",\"isIncrement\":\"0\",\"isInsert\":\"1\",\"isList\":\"1\",\"isPk\":\"0\",\"isQuery\":\"1\",\"isRequired\":\"0\",\"javaFie','{\"msg\":\"操作成功\",\"code\":200}',0,NULL,'2026-01-26 09:10:58',168),(205,'代码生成',8,'com.ruoyi.generator.controller.GenController.batchGenCode()','GET',1,'admin','研发部门','/tool/gen/batchGenCode','127.0.0.1','内网IP','{\"tables\":\"c_customer\"}',NULL,0,NULL,'2026-01-26 09:11:04',983),(206,'菜单管理',2,'com.ruoyi.web.controller.system.SysMenuController.edit()','PUT',1,'admin','研发部门','/system/menu','127.0.0.1','内网IP','{\"children\":[],\"component\":\"visa/customer/index\",\"createTime\":\"2026-01-26 09:14:08\",\"icon\":\"people\",\"isCache\":\"0\",\"isFrame\":\"1\",\"menuId\":2030,\"menuName\":\"C端客户\",\"menuType\":\"C\",\"orderNum\":1,\"params\":{},\"parentId\":0,\"path\":\"customer\",\"perms\":\"visa:customer:list\",\"routeName\":\"\",\"status\":\"0\",\"updateBy\":\"admin\",\"visible\":\"0\"} ','{\"msg\":\"操作成功\",\"code\":200}',0,NULL,'2026-01-26 09:19:52',43),(207,'国家配置',1,'com.ruoyi.visa.controller.VisaCountryController.add()','POST',1,'admin','研发部门','/visa/country','127.0.0.1','内网IP','{\"code\":\"USA\",\"continent\":\"北美洲\",\"flagUrl\":\"/profile/upload/2026/01/26/American_Flag_Waving_on_a_Flag_Pole_20260126094022A001.jpg\",\"id\":1,\"name\":\"美国\",\"params\":{},\"sort\":1} ','{\"msg\":\"操作成功\",\"code\":200}',0,NULL,'2026-01-26 09:40:25',588),(208,'国家配置',1,'com.ruoyi.visa.controller.VisaCountryController.add()','POST',1,'admin','研发部门','/visa/country','127.0.0.1','内网IP','{\"code\":\"JP\",\"continent\":\"亚洲\",\"flagUrl\":\"/profile/upload/2026/01/26/images_20260126094037A002.jpg\",\"id\":2,\"name\":\"日本\",\"params\":{},\"sort\":2} ','{\"msg\":\"操作成功\",\"code\":200}',0,NULL,'2026-01-26 09:40:39',14),(209,'国家状态',2,'com.ruoyi.visa.controller.VisaCountryController.changeStatus()','PUT',1,'admin','研发部门','/visa/country/changeStatus/1/1','127.0.0.1','内网IP','1 \"1\" ','{\"msg\":\"操作成功\",\"code\":200}',0,NULL,'2026-01-26 09:40:41',43),(210,'国家状态',2,'com.ruoyi.visa.controller.VisaCountryController.changeStatus()','PUT',1,'admin','研发部门','/visa/country/changeStatus/2/1','127.0.0.1','内网IP','2 \"1\" ','{\"msg\":\"操作成功\",\"code\":200}',0,NULL,'2026-01-26 09:40:44',23),(211,'签证类型',1,'com.ruoyi.visa.controller.VisaTypeController.add()','POST',1,'admin','研发部门','/visa/type','127.0.0.1','内网IP','{\"code\":\"Travel\",\"id\":1,\"name\":\"旅游签\",\"params\":{},\"sort\":1} ','{\"msg\":\"操作成功\",\"code\":200}',0,NULL,'2026-01-26 09:40:56',24),(212,'签证类型',1,'com.ruoyi.visa.controller.VisaTypeController.add()','POST',1,'admin','研发部门','/visa/type','127.0.0.1','内网IP','{\"code\":\"Student\",\"id\":2,\"name\":\"学生签\",\"params\":{},\"sort\":2} ','{\"msg\":\"操作成功\",\"code\":200}',0,NULL,'2026-01-26 09:41:05',12),(213,'国家状态',2,'com.ruoyi.visa.controller.VisaTypeController.changeStatus()','PUT',1,'admin','研发部门','/visa/type/changeStatus/1/1','127.0.0.1','内网IP','1 \"1\" ','{\"msg\":\"操作成功\",\"code\":200}',0,NULL,'2026-01-26 09:41:08',12),(214,'国家状态',2,'com.ruoyi.visa.controller.VisaTypeController.changeStatus()','PUT',1,'admin','研发部门','/visa/type/changeStatus/2/1','127.0.0.1','内网IP','2 \"1\" ','{\"msg\":\"操作成功\",\"code\":200}',0,NULL,'2026-01-26 09:41:10',11),(215,'领区配置',1,'com.ruoyi.visa.controller.VisaDistrictController.add()','POST',1,'admin','研发部门','/visa/district','127.0.0.1','内网IP','{\"coverArea\":\"京津冀\",\"id\":1,\"name\":\"北京领区\",\"params\":{},\"sort\":1} ','{\"msg\":\"操作成功\",\"code\":200}',0,NULL,'2026-01-26 09:41:23',41),(216,'领区配置',1,'com.ruoyi.visa.controller.VisaDistrictController.add()','POST',1,'admin','研发部门','/visa/district','127.0.0.1','内网IP','{\"coverArea\":\"江浙沪\",\"id\":2,\"name\":\"上海领区\",\"params\":{},\"sort\":2} ','{\"msg\":\"操作成功\",\"code\":200}',0,NULL,'2026-01-26 09:41:34',10),(217,'领区配置',1,'com.ruoyi.visa.controller.VisaDistrictController.add()','POST',1,'admin','研发部门','/visa/district','127.0.0.1','内网IP','{\"coverArea\":\"全国\",\"id\":3,\"name\":\"全国通用\",\"params\":{},\"sort\":3} ','{\"msg\":\"操作成功\",\"code\":200}',0,NULL,'2026-01-26 09:41:50',40),(218,'领区状态',2,'com.ruoyi.visa.controller.VisaDistrictController.changeStatus()','PUT',1,'admin','研发部门','/visa/district/changeStatus/1/1','127.0.0.1','内网IP','1 \"1\" ','{\"msg\":\"操作成功\",\"code\":200}',0,NULL,'2026-01-26 09:41:52',12),(219,'领区状态',2,'com.ruoyi.visa.controller.VisaDistrictController.changeStatus()','PUT',1,'admin','研发部门','/visa/district/changeStatus/2/1','127.0.0.1','内网IP','2 \"1\" ','{\"msg\":\"操作成功\",\"code\":200}',0,NULL,'2026-01-26 09:41:54',20),(220,'领区状态',2,'com.ruoyi.visa.controller.VisaDistrictController.changeStatus()','PUT',1,'admin','研发部门','/visa/district/changeStatus/3/1','127.0.0.1','内网IP','3 \"1\" ','{\"msg\":\"操作成功\",\"code\":200}',0,NULL,'2026-01-26 09:41:55',16),(221,'签证产品',1,'com.ruoyi.visa.controller.VisaProductController.add()','POST',1,'admin','研发部门','/visa/product','127.0.0.1','内网IP','{\"countryId\":1,\"createTime\":\"2026-01-26 09:45:26\",\"districtId\":1,\"id\":1,\"image\":\"/profile/upload/2026/01/26/American_Flag_Waving_on_a_Flag_Pole_20260126094240A003.jpg\",\"isInterviewRequired\":1,\"maxStayDays\":\"180天\",\"params\":{},\"price\":1299,\"processingTime\":\"12天\",\"requirementsConfig\":\"[{\\\"name\\\":\\\"护照首页\\\",\\\"type\\\":\\\"image\\\",\\\"required\\\":true,\\\"desc\\\":\\\"不能反光\\\",\\\"templateName\\\":\\\"微信图片_20260122102019_284_5.jpg\\\",\\\"templateUrl\\\":\\\"http://localhost:8080/profile/upload/2026/01/26/微信图片_20260122102019_284_5_20260126094337A004.jpg\\\"},{\\\"name\\\":\\\"照片\\\",\\\"type\\\":\\\"image\\\",\\\"required\\\":true,\\\"desc\\\":\\\"不能反光\\\",\\\"templateName\\\":\\\"\\\",\\\"templateUrl\\\":\\\"\\\"},{\\\"name\\\":\\\"邀请函\\\",\\\"type\\\":\\\"image\\\",\\\"required\\\":true,\\\"desc\\\":\\\"看模板\\\",\\\"templateName\\\":\\\"A 2021 Guide to improving CNNs.docx\\\",\\\"templateUrl\\\":\\\"http://localhost:8080/profile/upload/2026/01/26/A 2021 Guide to improving CNNs_20260126094515A005.docx\\\"}]\",\"title\":\"美国B1/B2十年多次签证\",\"typeId\":1,\"validityPeriod\":\"10年\"} ','{\"msg\":\"操作成功\",\"code\":200}',0,NULL,'2026-01-26 09:45:26',212),(222,'签证产品',1,'com.ruoyi.visa.controller.VisaProductController.add()','POST',1,'admin','研发部门','/visa/product','127.0.0.1','内网IP','{\"countryId\":2,\"createTime\":\"2026-01-26 09:46:35\",\"districtId\":3,\"id\":2,\"image\":\"/profile/upload/2026/01/26/tokyo_20260126094559A006.jpg\",\"isInterviewRequired\":0,\"maxStayDays\":\"30天\",\"params\":{},\"price\":200,\"processingTime\":\"5天\",\"requirementsConfig\":\"[{\\\"name\\\":\\\"护照\\\",\\\"type\\\":\\\"image\\\",\\\"required\\\":true,\\\"desc\\\":\\\"不能反光\\\",\\\"templateName\\\":\\\"\\\",\\\"templateUrl\\\":\\\"\\\"},{\\\"name\\\":\\\"行程单\\\",\\\"type\\\":\\\"file\\\",\\\"required\\\":true,\\\"desc\\\":\\\"\\\",\\\"templateName\\\":\\\"\\\",\\\"templateUrl\\\":\\\"\\\"}]\",\"title\":\"日本旅游签证\",\"typeId\":1,\"validityPeriod\":\"3年\"} ','{\"msg\":\"操作成功\",\"code\":200}',0,NULL,'2026-01-26 09:46:35',16),(223,'代码生成',6,'com.ruoyi.generator.controller.GenController.importTableSave()','POST',1,'admin','研发部门','/tool/gen/importTable','127.0.0.1','内网IP','{\"tables\":\"visa_order\"}','{\"msg\":\"操作成功\",\"code\":200}',0,NULL,'2026-01-27 10:54:32',273),(224,'代码生成',2,'com.ruoyi.generator.controller.GenController.editSave()','PUT',1,'admin','研发部门','/tool/gen','127.0.0.1','内网IP','{\"businessName\":\"order\",\"className\":\"VisaOrder\",\"columns\":[{\"capJavaField\":\"Id\",\"columnComment\":\"订单ID\",\"columnId\":53,\"columnName\":\"id\",\"columnType\":\"bigint\",\"createBy\":\"admin\",\"createTime\":\"2026-01-27 10:54:32\",\"dictType\":\"\",\"edit\":false,\"htmlType\":\"input\",\"increment\":true,\"insert\":true,\"isIncrement\":\"1\",\"isInsert\":\"1\",\"isPk\":\"1\",\"isRequired\":\"0\",\"javaField\":\"id\",\"javaType\":\"Long\",\"list\":false,\"params\":{},\"pk\":true,\"query\":false,\"queryType\":\"EQ\",\"required\":false,\"sort\":1,\"superColumn\":false,\"tableId\":6,\"updateBy\":\"\",\"usableColumn\":false},{\"capJavaField\":\"OrderNo\",\"columnComment\":\"订单编号\",\"columnId\":54,\"columnName\":\"order_no\",\"columnType\":\"varchar(32)\",\"createBy\":\"admin\",\"createTime\":\"2026-01-27 10:54:32\",\"dictType\":\"\",\"edit\":true,\"htmlType\":\"input\",\"increment\":false,\"insert\":true,\"isEdit\":\"1\",\"isIncrement\":\"0\",\"isInsert\":\"1\",\"isList\":\"1\",\"isPk\":\"0\",\"isQuery\":\"1\",\"isRequired\":\"1\",\"javaField\":\"orderNo\",\"javaType\":\"String\",\"list\":true,\"params\":{},\"pk\":false,\"query\":true,\"queryType\":\"EQ\",\"required\":true,\"sort\":2,\"superColumn\":false,\"tableId\":6,\"updateBy\":\"\",\"usableColumn\":false},{\"capJavaField\":\"CustomerId\",\"columnComment\":\"客户ID\",\"columnId\":55,\"columnName\":\"customer_id\",\"columnType\":\"bigint\",\"createBy\":\"admin\",\"createTime\":\"2026-01-27 10:54:32\",\"dictType\":\"\",\"edit\":true,\"htmlType\":\"input\",\"increment\":false,\"insert\":true,\"isEdit\":\"1\",\"isIncrement\":\"0\",\"isInsert\":\"1\",\"isList\":\"1\",\"isPk\":\"0\",\"isQuery\":\"1\",\"isRequired\":\"1\",\"javaField\":\"customerId\",\"javaType\":\"Long\",\"list\":true,\"params\":{},\"pk\":false,\"query\":true,\"queryType\":\"EQ\",\"required\":true,\"sort\":3,\"superColumn\":false,\"tableId\":6,\"updateBy\":\"\",\"usableColumn\":false},{\"capJavaField\":\"ProductId\",\"columnComment\":\"产品ID\",\"columnId\":56,\"columnName\":\"product_id\",\"columnType\":\"bigint\",\"createBy\":\"admin\",\"createTime\":\"2026-01-27 10:54:32\",\"dictType\":\"\",\"edit\":true,\"htmlType\":\"input\",\"increment\":false,\"insert\":true,\"isEdit\":\"1\",\"isIncrement\":\"0\",\"isInsert\":\"1\",\"isList\":\"1\",\"isPk\":\"0\",\"isQuery\":\"1\",\"isRequired\":\"1\",\"javaField\":\"prod','{\"msg\":\"操作成功\",\"code\":200}',0,NULL,'2026-01-27 10:55:59',170),(225,'代码生成',8,'com.ruoyi.generator.controller.GenController.batchGenCode()','GET',1,'admin','研发部门','/tool/gen/batchGenCode','127.0.0.1','内网IP','{\"tables\":\"visa_product\"}',NULL,0,NULL,'2026-01-27 10:56:06',854),(226,'代码生成',8,'com.ruoyi.generator.controller.GenController.batchGenCode()','GET',1,'admin','研发部门','/tool/gen/batchGenCode','127.0.0.1','内网IP','{\"tables\":\"visa_order\"}',NULL,0,NULL,'2026-01-27 10:56:25',125),(227,'国家配置',1,'com.ruoyi.visa.controller.VisaCountryController.add()','POST',1,'admin','研发部门','/visa/country','127.0.0.1','内网IP','{\"id\":3,\"name\":\"111\",\"params\":{}} ','{\"msg\":\"操作成功\",\"code\":200}',0,NULL,'2026-01-27 15:46:19',61),(228,'国家配置',3,'com.ruoyi.visa.controller.VisaCountryController.remove()','DELETE',1,'admin','研发部门','/visa/country/3','127.0.0.1','内网IP','[3] ','{\"msg\":\"操作成功\",\"code\":200}',0,NULL,'2026-01-27 15:46:27',62),(229,'国家配置',1,'com.ruoyi.visa.controller.VisaCountryController.add()','POST',1,'admin','研发部门','/visa/country','127.0.0.1','内网IP','{\"id\":4,\"name\":\"111\",\"params\":{}} ','{\"msg\":\"操作成功\",\"code\":200}',0,NULL,'2026-01-27 15:46:38',9),(230,'国家配置',3,'com.ruoyi.visa.controller.VisaCountryController.remove()','DELETE',1,'admin','研发部门','/visa/country/4','127.0.0.1','内网IP','[4] ','{\"msg\":\"操作成功\",\"code\":200}',0,NULL,'2026-01-27 15:49:16',9),(231,'客户状态',2,'com.ruoyi.visa.controller.CCustomerController.changeStatus()','PUT',1,'admin','研发部门','/visa/customer/changeStatus/1/1','127.0.0.1','内网IP','1 \"1\" ',NULL,1,'nested exception is org.apache.ibatis.binding.BindingException: Parameter \'status\' not found. Available parameters are [arg1, arg0, param1, param2]','2026-01-27 15:57:19',20),(232,'客户状态',2,'com.ruoyi.visa.controller.CCustomerController.changeStatus()','PUT',1,'admin','研发部门','/visa/customer/changeStatus/1/1','127.0.0.1','内网IP','1 \"1\" ',NULL,1,'nested exception is org.apache.ibatis.binding.BindingException: Parameter \'status\' not found. Available parameters are [arg1, arg0, param1, param2]','2026-01-27 15:57:27',5),(233,'客户状态',2,'com.ruoyi.visa.controller.CCustomerController.changeStatus()','PUT',1,'admin','研发部门','/visa/customer/changeStatus/1/1','127.0.0.1','内网IP','1 \"1\" ','{\"msg\":\"操作成功\",\"code\":200}',0,NULL,'2026-01-27 15:58:59',20),(234,'客户状态',2,'com.ruoyi.visa.controller.CCustomerController.changeStatus()','PUT',1,'admin','研发部门','/visa/customer/changeStatus/1/1','127.0.0.1','内网IP','1 \"1\" ','{\"msg\":\"操作成功\",\"code\":200}',0,NULL,'2026-01-27 16:01:19',11),(235,'客户状态',2,'com.ruoyi.visa.controller.CCustomerController.changeStatus()','PUT',1,'admin','研发部门','/visa/customer/changeStatus/1/1','127.0.0.1','内网IP','1 \"1\" ','{\"msg\":\"操作成功\",\"code\":200}',0,NULL,'2026-01-27 16:03:24',25),(236,'客户状态',2,'com.ruoyi.visa.controller.CCustomerController.changeStatus()','PUT',1,'admin','研发部门','/visa/customer/changeStatus/1/1','127.0.0.1','内网IP','1 \"1\" ','{\"msg\":\"操作成功\",\"code\":200}',0,NULL,'2026-01-27 16:04:35',37),(237,'C端客户',2,'com.ruoyi.visa.controller.CCustomerController.edit()','PUT',1,'admin','研发部门','/visa/customer','127.0.0.1','内网IP','{\"avatar\":\"/profile/upload/2026/01/26/download (1)_20260126113324A001.jpg\",\"createBy\":\"\",\"createTime\":\"2026-01-26 09:58:51\",\"delFlag\":\"0\",\"email\":\"jinghanyang930@gmail.com\",\"id\":1,\"idCard\":\"111111111122223333\",\"loginDate\":\"2026-01-26\",\"loginIp\":\"127.0.0.1\",\"nickname\":\"bella yang\",\"params\":{},\"phone\":\"15611854093\",\"realName\":\"yjh\",\"remark\":\"111\",\"sex\":\"1\",\"status\":\"1\",\"updateBy\":\"\",\"updateTime\":\"2026-01-27 16:04:51\"} ','{\"msg\":\"操作成功\",\"code\":200}',0,NULL,'2026-01-27 16:04:51',37),(238,'菜单管理',2,'com.ruoyi.web.controller.system.SysMenuController.edit()','PUT',1,'admin','研发部门','/system/menu','127.0.0.1','内网IP','{\"children\":[],\"component\":\"visa/order/index\",\"createTime\":\"2026-01-27 15:03:49\",\"icon\":\"form\",\"isCache\":\"0\",\"isFrame\":\"1\",\"menuId\":2036,\"menuName\":\"签证订单\",\"menuType\":\"C\",\"orderNum\":1,\"params\":{},\"parentId\":0,\"path\":\"order\",\"perms\":\"visa:order:list\",\"routeName\":\"\",\"status\":\"0\",\"updateBy\":\"admin\",\"visible\":\"0\"} ','{\"msg\":\"操作成功\",\"code\":200}',0,NULL,'2026-01-27 16:12:29',46),(239,'代码生成',6,'com.ruoyi.generator.controller.GenController.importTableSave()','POST',1,'admin','研发部门','/tool/gen/importTable','127.0.0.1','内网IP','{\"tables\":\"visa_cart\"}','{\"msg\":\"操作成功\",\"code\":200}',0,NULL,'2026-01-29 08:41:32',209),(240,'代码生成',2,'com.ruoyi.generator.controller.GenController.editSave()','PUT',1,'admin','研发部门','/tool/gen','127.0.0.1','内网IP','{\"businessName\":\"cart\",\"className\":\"VisaCart\",\"columns\":[{\"capJavaField\":\"Id\",\"columnComment\":\"主键\",\"columnId\":74,\"columnName\":\"id\",\"columnType\":\"bigint\",\"createBy\":\"admin\",\"createTime\":\"2026-01-29 08:41:32\",\"dictType\":\"\",\"edit\":false,\"htmlType\":\"input\",\"increment\":true,\"insert\":true,\"isIncrement\":\"1\",\"isInsert\":\"1\",\"isPk\":\"1\",\"isRequired\":\"0\",\"javaField\":\"id\",\"javaType\":\"Long\",\"list\":false,\"params\":{},\"pk\":true,\"query\":false,\"queryType\":\"EQ\",\"required\":false,\"sort\":1,\"superColumn\":false,\"tableId\":7,\"updateBy\":\"\",\"usableColumn\":false},{\"capJavaField\":\"CustomerId\",\"columnComment\":\"客户ID\",\"columnId\":75,\"columnName\":\"customer_id\",\"columnType\":\"bigint\",\"createBy\":\"admin\",\"createTime\":\"2026-01-29 08:41:32\",\"dictType\":\"\",\"edit\":true,\"htmlType\":\"input\",\"increment\":false,\"insert\":true,\"isEdit\":\"1\",\"isIncrement\":\"0\",\"isInsert\":\"1\",\"isList\":\"1\",\"isPk\":\"0\",\"isQuery\":\"1\",\"isRequired\":\"1\",\"javaField\":\"customerId\",\"javaType\":\"Long\",\"list\":true,\"params\":{},\"pk\":false,\"query\":true,\"queryType\":\"EQ\",\"required\":true,\"sort\":2,\"superColumn\":false,\"tableId\":7,\"updateBy\":\"\",\"usableColumn\":false},{\"capJavaField\":\"ProductId\",\"columnComment\":\"产品ID\",\"columnId\":76,\"columnName\":\"product_id\",\"columnType\":\"bigint\",\"createBy\":\"admin\",\"createTime\":\"2026-01-29 08:41:32\",\"dictType\":\"\",\"edit\":true,\"htmlType\":\"input\",\"increment\":false,\"insert\":true,\"isEdit\":\"1\",\"isIncrement\":\"0\",\"isInsert\":\"1\",\"isList\":\"1\",\"isPk\":\"0\",\"isQuery\":\"1\",\"isRequired\":\"1\",\"javaField\":\"productId\",\"javaType\":\"Long\",\"list\":true,\"params\":{},\"pk\":false,\"query\":true,\"queryType\":\"EQ\",\"required\":true,\"sort\":3,\"superColumn\":false,\"tableId\":7,\"updateBy\":\"\",\"usableColumn\":false},{\"capJavaField\":\"CreateTime\",\"columnComment\":\"加入时间\",\"columnId\":77,\"columnName\":\"create_time\",\"columnType\":\"datetime\",\"createBy\":\"admin\",\"createTime\":\"2026-01-29 08:41:32\",\"dictType\":\"\",\"edit\":false,\"htmlType\":\"datetime\",\"increment\":false,\"insert\":true,\"isIncrement\":\"0\",\"isInsert\":\"1\",\"isPk\":\"0\",\"isRequired\":\"0\",\"javaField\":\"createTime\",\"javaType\":\"Date\",\"list\":fals','{\"msg\":\"操作成功\",\"code\":200}',0,NULL,'2026-01-29 08:41:55',62),(241,'代码生成',8,'com.ruoyi.generator.controller.GenController.batchGenCode()','GET',1,'admin','研发部门','/tool/gen/batchGenCode','127.0.0.1','内网IP','{\"tables\":\"visa_cart\"}',NULL,0,NULL,'2026-01-29 08:42:22',867),(242,'菜单管理',2,'com.ruoyi.web.controller.system.SysMenuController.edit()','PUT',1,'admin','研发部门','/system/menu','127.0.0.1','内网IP','{\"children\":[],\"component\":\"visa/cart/index\",\"createTime\":\"2026-01-29 08:43:29\",\"icon\":\"#\",\"isCache\":\"0\",\"isFrame\":\"1\",\"menuId\":2042,\"menuName\":\"购物车\",\"menuType\":\"C\",\"orderNum\":1,\"params\":{},\"parentId\":3,\"path\":\"cart\",\"perms\":\"visa:cart:list\",\"routeName\":\"\",\"status\":\"0\",\"updateBy\":\"admin\",\"visible\":\"1\"} ','{\"msg\":\"操作成功\",\"code\":200}',0,NULL,'2026-01-29 08:48:55',62),(243,'代码生成',2,'com.ruoyi.generator.controller.GenController.synchDb()','GET',1,'admin','研发部门','/tool/gen/synchDb/visa_order','127.0.0.1','内网IP','{}','{\"msg\":\"操作成功\",\"code\":200}',0,NULL,'2026-01-29 10:31:57',260),(244,'签证产品',2,'com.ruoyi.visa.controller.VisaProductController.edit()','PUT',1,'admin','研发部门','/visa/product','127.0.0.1','内网IP','{\"countryId\":1,\"countryName\":\"美国\",\"districtId\":1,\"districtName\":\"北京领区\",\"id\":1,\"image\":\"/profile/upload/2026/01/26/American_Flag_Waving_on_a_Flag_Pole_20260126094240A003.jpg\",\"isInterviewRequired\":1,\"maxStayDays\":\"180天\",\"params\":{},\"price\":1,\"processingTime\":\"12天\",\"requirementsConfig\":\"[{\\\"desc\\\":\\\"不能反光\\\",\\\"name\\\":\\\"护照首页\\\",\\\"type\\\":\\\"image\\\",\\\"required\\\":true,\\\"templateUrl\\\":\\\"http://localhost:8080/profile/upload/2026/01/26/微信图片_20260122102019_284_5_20260126094337A004.jpg\\\",\\\"templateName\\\":\\\"微信图片_20260122102019_284_5.jpg\\\"},{\\\"desc\\\":\\\"不能反光\\\",\\\"name\\\":\\\"照片\\\",\\\"type\\\":\\\"image\\\",\\\"required\\\":true,\\\"templateUrl\\\":\\\"\\\",\\\"templateName\\\":\\\"\\\"},{\\\"desc\\\":\\\"看模板\\\",\\\"name\\\":\\\"邀请函\\\",\\\"type\\\":\\\"image\\\",\\\"required\\\":true,\\\"templateUrl\\\":\\\"http://localhost:8080/profile/upload/2026/01/26/A 2021 Guide to improving CNNs_20260126094515A005.docx\\\",\\\"templateName\\\":\\\"A 2021 Guide to improving CNNs.docx\\\"}]\",\"status\":1,\"title\":\"美国B1/B2十年多次签证\",\"typeId\":1,\"typeName\":\"旅游签\",\"validityPeriod\":\"10年\"} ','{\"msg\":\"操作成功\",\"code\":200}',0,NULL,'2026-01-30 09:42:47',49),(245,'代码生成',2,'com.ruoyi.generator.controller.GenController.synchDb()','GET',1,'admin','研发部门','/tool/gen/synchDb/visa_order','127.0.0.1','内网IP','{}','{\"msg\":\"操作成功\",\"code\":200}',0,NULL,'2026-01-30 11:06:43',300),(246,'代码生成',2,'com.ruoyi.generator.controller.GenController.synchDb()','GET',1,'admin','研发部门','/tool/gen/synchDb/visa_order','127.0.0.1','内网IP','{}','{\"msg\":\"操作成功\",\"code\":200}',0,NULL,'2026-01-30 11:07:32',222),(247,'代码生成',8,'com.ruoyi.generator.controller.GenController.batchGenCode()','GET',1,'admin','研发部门','/tool/gen/batchGenCode','127.0.0.1','内网IP','{\"tables\":\"visa_order\"}',NULL,0,NULL,'2026-01-30 11:07:35',140),(248,'签证产品',2,'com.ruoyi.visa.controller.VisaProductController.edit()','PUT',1,'admin','研发部门','/visa/product','127.0.0.1','内网IP','{\"countryId\":1,\"countryName\":\"美国\",\"districtId\":1,\"districtName\":\"北京领区\",\"id\":1,\"image\":\"/profile/upload/2026/01/26/American_Flag_Waving_on_a_Flag_Pole_20260126094240A003.jpg\",\"isInterviewRequired\":1,\"maxStayDays\":\"180天\",\"params\":{},\"price\":0.01,\"processingTime\":\"12天\",\"requirementsConfig\":\"[{\\\"desc\\\":\\\"不能反光\\\",\\\"name\\\":\\\"护照首页\\\",\\\"type\\\":\\\"image\\\",\\\"required\\\":true,\\\"templateUrl\\\":\\\"http://localhost:8080/profile/upload/2026/01/26/微信图片_20260122102019_284_5_20260126094337A004.jpg\\\",\\\"templateName\\\":\\\"微信图片_20260122102019_284_5.jpg\\\"},{\\\"desc\\\":\\\"不能反光\\\",\\\"name\\\":\\\"照片\\\",\\\"type\\\":\\\"image\\\",\\\"required\\\":true,\\\"templateUrl\\\":\\\"\\\",\\\"templateName\\\":\\\"\\\"},{\\\"desc\\\":\\\"看模板\\\",\\\"name\\\":\\\"邀请函\\\",\\\"type\\\":\\\"image\\\",\\\"required\\\":true,\\\"templateUrl\\\":\\\"http://localhost:8080/profile/upload/2026/01/26/A 2021 Guide to improving CNNs_20260126094515A005.docx\\\",\\\"templateName\\\":\\\"A 2021 Guide to improving CNNs.docx\\\"}]\",\"status\":1,\"title\":\"美国B1/B2十年多次签证\",\"typeId\":1,\"typeName\":\"旅游签\",\"validityPeriod\":\"10年\"} ','{\"msg\":\"操作成功\",\"code\":200}',0,NULL,'2026-01-30 11:20:39',45),(249,'签证产品',2,'com.ruoyi.visa.controller.VisaProductController.edit()','PUT',1,'admin','研发部门','/visa/product','127.0.0.1','内网IP','{\"countryId\":1,\"countryName\":\"美国\",\"districtId\":1,\"districtName\":\"北京领区\",\"id\":1,\"image\":\"/profile/upload/2026/01/26/American_Flag_Waving_on_a_Flag_Pole_20260126094240A003.jpg\",\"isInterviewRequired\":1,\"maxStayDays\":\"180天\",\"params\":{},\"price\":0.01,\"processingTime\":\"12天\",\"requirementsConfig\":\"[{\\\"desc\\\":\\\"不能反光\\\",\\\"name\\\":\\\"护照首页\\\",\\\"type\\\":\\\"image\\\",\\\"required\\\":true,\\\"templateUrl\\\":\\\"http://localhost:8080/profile/upload/2026/01/26/微信图片_20260122102019_284_5_20260126094337A004.jpg\\\",\\\"templateName\\\":\\\"微信图片_20260122102019_284_5.jpg\\\"},{\\\"desc\\\":\\\"不能反光\\\",\\\"name\\\":\\\"照片\\\",\\\"type\\\":\\\"image\\\",\\\"required\\\":true,\\\"templateUrl\\\":\\\"\\\",\\\"templateName\\\":\\\"\\\"},{\\\"desc\\\":\\\"看模板\\\",\\\"name\\\":\\\"邀请函\\\",\\\"type\\\":\\\"image\\\",\\\"required\\\":true,\\\"templateUrl\\\":\\\"http://localhost:8080/profile/upload/2026/01/26/A 2021 Guide to improving CNNs_20260126094515A005.docx\\\",\\\"templateName\\\":\\\"A 2021 Guide to improving CNNs.docx\\\"},{\\\"name\\\":\\\"姓名\\\",\\\"type\\\":\\\"text\\\",\\\"required\\\":true,\\\"desc\\\":\\\"\\\",\\\"templateName\\\":\\\"\\\",\\\"templateUrl\\\":\\\"\\\"},{\\\"name\\\":\\\"地址\\\",\\\"type\\\":\\\"text\\\",\\\"required\\\":true,\\\"desc\\\":\\\"\\\",\\\"templateName\\\":\\\"\\\",\\\"templateUrl\\\":\\\"\\\"}]\",\"status\":1,\"title\":\"美国B1/B2十年多次签证\",\"typeId\":1,\"typeName\":\"旅游签\",\"validityPeriod\":\"10年\"} ','{\"msg\":\"操作成功\",\"code\":200}',0,NULL,'2026-02-01 09:21:26',27),(250,'客户状态',2,'com.ruoyi.visa.controller.CCustomerController.changeStatus()','PUT',1,'admin','研发部门','/visa/customer/changeStatus/1/1','127.0.0.1','内网IP','1 \"1\" ','{\"msg\":\"操作成功\",\"code\":200}',0,NULL,'2026-02-01 09:39:43',17),(251,'菜单管理',3,'com.ruoyi.web.controller.system.SysMenuController.remove()','DELETE',1,'admin','研发部门','/system/menu/2053','127.0.0.1','内网IP','2053 ','{\"msg\":\"操作成功\",\"code\":200}',0,NULL,'2026-02-01 09:49:29',73),(252,'菜单管理',3,'com.ruoyi.web.controller.system.SysMenuController.remove()','DELETE',1,'admin','研发部门','/system/menu/2052','127.0.0.1','内网IP','2052 ','{\"msg\":\"操作成功\",\"code\":200}',0,NULL,'2026-02-01 09:49:32',27),(253,'菜单管理',3,'com.ruoyi.web.controller.system.SysMenuController.remove()','DELETE',1,'admin','研发部门','/system/menu/2051','127.0.0.1','内网IP','2051 ','{\"msg\":\"操作成功\",\"code\":200}',0,NULL,'2026-02-01 09:49:35',18),(254,'菜单管理',3,'com.ruoyi.web.controller.system.SysMenuController.remove()','DELETE',1,'admin','研发部门','/system/menu/2050','127.0.0.1','内网IP','2050 ','{\"msg\":\"操作成功\",\"code\":200}',0,NULL,'2026-02-01 09:49:37',16),(255,'菜单管理',3,'com.ruoyi.web.controller.system.SysMenuController.remove()','DELETE',1,'admin','研发部门','/system/menu/2049','127.0.0.1','内网IP','2049 ','{\"msg\":\"操作成功\",\"code\":200}',0,NULL,'2026-02-01 09:49:41',15),(256,'菜单管理',3,'com.ruoyi.web.controller.system.SysMenuController.remove()','DELETE',1,'admin','研发部门','/system/menu/2048','127.0.0.1','内网IP','2048 ','{\"msg\":\"操作成功\",\"code\":200}',0,NULL,'2026-02-01 09:49:45',26),(257,'菜单管理',1,'com.ruoyi.web.controller.system.SysMenuController.add()','POST',1,'admin','研发部门','/system/menu','127.0.0.1','内网IP','{\"children\":[],\"icon\":\"edit\",\"isCache\":\"0\",\"isFrame\":\"1\",\"menuName\":\"签证业务管理\",\"menuType\":\"M\",\"orderNum\":2,\"params\":{},\"parentId\":0,\"path\":\"order\",\"status\":\"0\",\"visible\":\"0\"} ','{\"msg\":\"新增菜单\'签证业务管理\'失败，路由名称或地址已存在\",\"code\":500}',0,NULL,'2026-02-01 09:51:11',32),(258,'菜单管理',1,'com.ruoyi.web.controller.system.SysMenuController.add()','POST',1,'admin','研发部门','/system/menu','127.0.0.1','内网IP','{\"children\":[],\"createBy\":\"admin\",\"icon\":\"edit\",\"isCache\":\"0\",\"isFrame\":\"1\",\"menuName\":\"审核工作台\",\"menuType\":\"M\",\"orderNum\":2,\"params\":{},\"parentId\":0,\"path\":\"audit\",\"status\":\"0\",\"visible\":\"0\"} ','{\"msg\":\"操作成功\",\"code\":200}',0,NULL,'2026-02-01 09:52:25',37),(259,'菜单管理',2,'com.ruoyi.web.controller.system.SysMenuController.edit()','PUT',1,'admin','研发部门','/system/menu','127.0.0.1','内网IP','{\"children\":[],\"createTime\":\"2026-02-01 09:52:25\",\"icon\":\"edit\",\"isCache\":\"0\",\"isFrame\":\"1\",\"menuId\":2054,\"menuName\":\"签证业务管理\",\"menuType\":\"M\",\"orderNum\":1,\"params\":{},\"parentId\":0,\"path\":\"audit\",\"perms\":\"\",\"routeName\":\"\",\"status\":\"0\",\"updateBy\":\"admin\",\"visible\":\"0\"} ','{\"msg\":\"操作成功\",\"code\":200}',0,NULL,'2026-02-01 09:55:52',23),(260,'菜单管理',2,'com.ruoyi.web.controller.system.SysMenuController.edit()','PUT',1,'admin','研发部门','/system/menu','127.0.0.1','内网IP','{\"children\":[],\"component\":\"visa/product/index\",\"createTime\":\"2026-01-22 09:13:51\",\"icon\":\"education\",\"isCache\":\"0\",\"isFrame\":\"1\",\"menuId\":2000,\"menuName\":\"签证产品\",\"menuType\":\"C\",\"orderNum\":1,\"params\":{},\"parentId\":2054,\"path\":\"product\",\"perms\":\"visa:product:list\",\"routeName\":\"\",\"status\":\"0\",\"updateBy\":\"admin\",\"visible\":\"0\"} ','{\"msg\":\"操作成功\",\"code\":200}',0,NULL,'2026-02-01 09:56:25',28),(261,'菜单管理',2,'com.ruoyi.web.controller.system.SysMenuController.edit()','PUT',1,'admin','研发部门','/system/menu','127.0.0.1','内网IP','{\"children\":[],\"component\":\"visa/product/index\",\"createTime\":\"2026-01-22 09:13:51\",\"icon\":\"education\",\"isCache\":\"0\",\"isFrame\":\"1\",\"menuId\":2000,\"menuName\":\"签证产品\",\"menuType\":\"C\",\"orderNum\":1,\"params\":{},\"parentId\":0,\"path\":\"product\",\"perms\":\"visa:product:list\",\"routeName\":\"\",\"status\":\"0\",\"updateBy\":\"admin\",\"visible\":\"0\"} ','{\"msg\":\"操作成功\",\"code\":200}',0,NULL,'2026-02-01 09:56:58',20),(262,'菜单管理',2,'com.ruoyi.web.controller.system.SysMenuController.edit()','PUT',1,'admin','研发部门','/system/menu','127.0.0.1','内网IP','{\"children\":[],\"component\":\"visa/order/index\",\"createTime\":\"2026-01-27 15:03:49\",\"icon\":\"form\",\"isCache\":\"0\",\"isFrame\":\"1\",\"menuId\":2036,\"menuName\":\"签证订单\",\"menuType\":\"C\",\"orderNum\":1,\"params\":{},\"parentId\":2054,\"path\":\"order\",\"perms\":\"visa:order:list\",\"routeName\":\"\",\"status\":\"0\",\"updateBy\":\"admin\",\"visible\":\"0\"} ','{\"msg\":\"操作成功\",\"code\":200}',0,NULL,'2026-02-01 09:57:09',28),(263,'菜单管理',1,'com.ruoyi.web.controller.system.SysMenuController.add()','POST',1,'admin','研发部门','/system/menu','127.0.0.1','内网IP','{\"children\":[],\"createBy\":\"admin\",\"icon\":\"dict\",\"isCache\":\"0\",\"isFrame\":\"1\",\"menuName\":\"签证产品管理\",\"menuType\":\"M\",\"orderNum\":1,\"params\":{},\"parentId\":0,\"path\":\"visa\",\"status\":\"0\",\"visible\":\"0\"} ','{\"msg\":\"操作成功\",\"code\":200}',0,NULL,'2026-02-01 09:57:53',21),(264,'菜单管理',2,'com.ruoyi.web.controller.system.SysMenuController.edit()','PUT',1,'admin','研发部门','/system/menu','127.0.0.1','内网IP','{\"children\":[],\"component\":\"visa/product/index\",\"createTime\":\"2026-01-22 09:13:51\",\"icon\":\"education\",\"isCache\":\"0\",\"isFrame\":\"1\",\"menuId\":2000,\"menuName\":\"签证产品\",\"menuType\":\"C\",\"orderNum\":1,\"params\":{},\"parentId\":2055,\"path\":\"product\",\"perms\":\"visa:product:list\",\"routeName\":\"\",\"status\":\"0\",\"updateBy\":\"admin\",\"visible\":\"0\"} ','{\"msg\":\"操作成功\",\"code\":200}',0,NULL,'2026-02-01 09:58:12',23),(265,'菜单管理',2,'com.ruoyi.web.controller.system.SysMenuController.edit()','PUT',1,'admin','研发部门','/system/menu','127.0.0.1','内网IP','{\"children\":[],\"component\":\"visa/country/index\",\"createTime\":\"2026-01-23 11:23:15\",\"icon\":\"list\",\"isCache\":\"0\",\"isFrame\":\"1\",\"menuId\":2006,\"menuName\":\"国家配置\",\"menuType\":\"C\",\"orderNum\":1,\"params\":{},\"parentId\":2055,\"path\":\"country\",\"perms\":\"visa:country:list\",\"routeName\":\"\",\"status\":\"0\",\"updateBy\":\"admin\",\"visible\":\"0\"} ','{\"msg\":\"操作成功\",\"code\":200}',0,NULL,'2026-02-01 09:58:21',20),(266,'菜单管理',2,'com.ruoyi.web.controller.system.SysMenuController.edit()','PUT',1,'admin','研发部门','/system/menu','127.0.0.1','内网IP','{\"children\":[],\"component\":\"visa/type/index\",\"createTime\":\"2026-01-23 16:36:33\",\"icon\":\"documentation\",\"isCache\":\"0\",\"isFrame\":\"1\",\"menuId\":2012,\"menuName\":\"签证类型\",\"menuType\":\"C\",\"orderNum\":1,\"params\":{},\"parentId\":2055,\"path\":\"type\",\"perms\":\"visa:type:list\",\"routeName\":\"\",\"status\":\"0\",\"updateBy\":\"admin\",\"visible\":\"0\"} ','{\"msg\":\"操作成功\",\"code\":200}',0,NULL,'2026-02-01 09:58:29',24),(267,'菜单管理',2,'com.ruoyi.web.controller.system.SysMenuController.edit()','PUT',1,'admin','研发部门','/system/menu','127.0.0.1','内网IP','{\"children\":[],\"component\":\"visa/district/index\",\"createTime\":\"2026-01-23 16:51:47\",\"icon\":\"international\",\"isCache\":\"0\",\"isFrame\":\"1\",\"menuId\":2018,\"menuName\":\"领区配置\",\"menuType\":\"C\",\"orderNum\":1,\"params\":{},\"parentId\":2055,\"path\":\"district\",\"perms\":\"visa:district:list\",\"routeName\":\"\",\"status\":\"0\",\"updateBy\":\"admin\",\"visible\":\"0\"} ','{\"msg\":\"操作成功\",\"code\":200}',0,NULL,'2026-02-01 09:58:37',24),(268,'菜单管理',1,'com.ruoyi.web.controller.system.SysMenuController.add()','POST',1,'admin','研发部门','/system/menu','127.0.0.1','内网IP','{\"children\":[],\"component\":\"visa/order/audit\",\"icon\":\"skill\",\"isCache\":\"0\",\"isFrame\":\"1\",\"menuName\":\"签证审核管理\",\"menuType\":\"C\",\"orderNum\":1,\"params\":{},\"parentId\":2054,\"path\":\"audit\",\"status\":\"0\",\"visible\":\"0\"} ','{\"msg\":\"新增菜单\'签证审核管理\'失败，路由名称或地址已存在\",\"code\":500}',0,NULL,'2026-02-01 10:00:47',13),(269,'菜单管理',2,'com.ruoyi.web.controller.system.SysMenuController.edit()','PUT',1,'admin','研发部门','/system/menu','127.0.0.1','内网IP','{\"children\":[],\"createTime\":\"2026-02-01 09:52:25\",\"icon\":\"edit\",\"isCache\":\"0\",\"isFrame\":\"1\",\"menuId\":2054,\"menuName\":\"签证业务管理\",\"menuType\":\"M\",\"orderNum\":1,\"params\":{},\"parentId\":0,\"path\":\"visa\",\"perms\":\"\",\"routeName\":\"\",\"status\":\"0\",\"visible\":\"0\"} ','{\"msg\":\"修改菜单\'签证业务管理\'失败，路由名称或地址已存在\",\"code\":500}',0,NULL,'2026-02-01 10:02:11',13),(270,'菜单管理',2,'com.ruoyi.web.controller.system.SysMenuController.edit()','PUT',1,'admin','研发部门','/system/menu','127.0.0.1','内网IP','{\"children\":[],\"createTime\":\"2026-02-01 09:52:25\",\"icon\":\"edit\",\"isCache\":\"0\",\"isFrame\":\"1\",\"menuId\":2054,\"menuName\":\"签证业务管理\",\"menuType\":\"M\",\"orderNum\":1,\"params\":{},\"parentId\":0,\"path\":\"visa-order\",\"perms\":\"\",\"routeName\":\"\",\"status\":\"0\",\"updateBy\":\"admin\",\"visible\":\"0\"} ','{\"msg\":\"操作成功\",\"code\":200}',0,NULL,'2026-02-01 10:04:51',20),(271,'菜单管理',1,'com.ruoyi.web.controller.system.SysMenuController.add()','POST',1,'admin','研发部门','/system/menu','127.0.0.1','内网IP','{\"children\":[],\"createBy\":\"admin\",\"icon\":\"skill\",\"isCache\":\"0\",\"isFrame\":\"1\",\"menuName\":\"签证审核管理\",\"menuType\":\"C\",\"orderNum\":1,\"params\":{},\"parentId\":2054,\"path\":\"visa/order/audit\",\"routeName\":\"audit\",\"status\":\"0\",\"visible\":\"0\"} ','{\"msg\":\"操作成功\",\"code\":200}',0,NULL,'2026-02-01 10:06:11',34),(272,'菜单管理',2,'com.ruoyi.web.controller.system.SysMenuController.edit()','PUT',1,'admin','研发部门','/system/menu','127.0.0.1','内网IP','{\"children\":[],\"createTime\":\"2026-02-01 10:06:11\",\"icon\":\"skill\",\"isCache\":\"0\",\"isFrame\":\"1\",\"menuId\":2056,\"menuName\":\"签证审核管理\",\"menuType\":\"C\",\"orderNum\":1,\"params\":{},\"parentId\":2054,\"path\":\"visa/order/audit\",\"perms\":\"\",\"routeName\":\"visa\",\"status\":\"0\",\"visible\":\"0\"} ','{\"msg\":\"修改菜单\'签证审核管理\'失败，路由名称或地址已存在\",\"code\":500}',0,NULL,'2026-02-01 10:08:42',17),(273,'菜单管理',2,'com.ruoyi.web.controller.system.SysMenuController.edit()','PUT',1,'admin','研发部门','/system/menu','127.0.0.1','内网IP','{\"children\":[],\"createTime\":\"2026-02-01 10:06:11\",\"icon\":\"skill\",\"isCache\":\"0\",\"isFrame\":\"1\",\"menuId\":2056,\"menuName\":\"签证审核管理\",\"menuType\":\"C\",\"orderNum\":1,\"params\":{},\"parentId\":2054,\"path\":\"visa/order/audit\",\"perms\":\"\",\"routeName\":\"order\",\"status\":\"0\",\"visible\":\"0\"} ','{\"msg\":\"修改菜单\'签证审核管理\'失败，路由名称或地址已存在\",\"code\":500}',0,NULL,'2026-02-01 10:09:18',16),(274,'菜单管理',2,'com.ruoyi.web.controller.system.SysMenuController.edit()','PUT',1,'admin','研发部门','/system/menu','127.0.0.1','内网IP','{\"children\":[],\"component\":\"visa/order/audit\",\"createTime\":\"2026-02-01 10:06:11\",\"icon\":\"skill\",\"isCache\":\"0\",\"isFrame\":\"1\",\"menuId\":2056,\"menuName\":\"签证审核管理\",\"menuType\":\"C\",\"orderNum\":1,\"params\":{},\"parentId\":2054,\"path\":\"order\",\"perms\":\"visa:audit:list\",\"routeName\":\"\",\"status\":\"0\",\"visible\":\"0\"} ','{\"msg\":\"修改菜单\'签证审核管理\'失败，路由名称或地址已存在\",\"code\":500}',0,NULL,'2026-02-01 10:11:18',34),(275,'菜单管理',2,'com.ruoyi.web.controller.system.SysMenuController.edit()','PUT',1,'admin','研发部门','/system/menu','127.0.0.1','内网IP','{\"children\":[],\"component\":\"visa/order/audit\",\"createTime\":\"2026-02-01 10:06:11\",\"icon\":\"skill\",\"isCache\":\"0\",\"isFrame\":\"1\",\"menuId\":2056,\"menuName\":\"签证审核管理\",\"menuType\":\"C\",\"orderNum\":1,\"params\":{},\"parentId\":2054,\"path\":\"audit\",\"perms\":\"visa:audit:list\",\"routeName\":\"\",\"status\":\"0\",\"updateBy\":\"admin\",\"visible\":\"0\"} ','{\"msg\":\"操作成功\",\"code\":200}',0,NULL,'2026-02-01 10:11:29',27),(276,'签证订单',2,'com.ruoyi.visa.controller.VisaOrderController.edit()','PUT',1,'admin','研发部门','/visa/order','127.0.0.1','内网IP','{\"auditRemark\":\"批准\",\"id\":10,\"params\":{},\"status\":7,\"updateTime\":\"2026-02-01 10:45:25\"} ','{\"msg\":\"操作成功\",\"code\":200}',0,NULL,'2026-02-01 10:45:25',37),(277,'签证订单',2,'com.ruoyi.visa.controller.VisaOrderController.edit()','PUT',1,'admin','研发部门','/visa/order','127.0.0.1','内网IP','{\"auditRemark\":\"\",\"id\":10,\"params\":{},\"status\":3,\"updateTime\":\"2026-02-01 10:51:41\"} ','{\"msg\":\"操作成功\",\"code\":200}',0,NULL,'2026-02-01 10:51:41',13),(278,'签证订单',2,'com.ruoyi.visa.controller.VisaOrderController.edit()','PUT',1,'admin','研发部门','/visa/order','127.0.0.1','内网IP','{\"auditRemark\":\"照片美颜过度\",\"id\":10,\"params\":{},\"status\":3,\"updateTime\":\"2026-02-02 09:04:40\"} ','{\"msg\":\"操作成功\",\"code\":200}',0,NULL,'2026-02-02 09:04:40',72),(279,'签证订单',2,'com.ruoyi.visa.controller.VisaOrderController.edit()','PUT',1,'admin','研发部门','/visa/order','127.0.0.1','内网IP','{\"auditRemark\":\"\",\"id\":10,\"params\":{},\"status\":3,\"updateTime\":\"2026-02-02 10:41:43\"} ','{\"msg\":\"操作成功\",\"code\":200}',0,NULL,'2026-02-02 10:41:43',33),(280,'签证订单',2,'com.ruoyi.visa.controller.VisaOrderController.edit()','PUT',1,'admin','研发部门','/visa/order','127.0.0.1','内网IP','{\"auditRemark\":\"[\\\"照片美颜过度\\\",\\\"审核通过\\\"]\",\"id\":10,\"params\":{},\"status\":3,\"updateTime\":\"2026-02-02 11:17:50\"} ','{\"msg\":\"操作成功\",\"code\":200}',0,NULL,'2026-02-02 11:17:50',16),(281,'签证订单',2,'com.ruoyi.visa.controller.VisaOrderController.edit()','PUT',1,'admin','研发部门','/visa/order','127.0.0.1','内网IP','{\"auditRemark\":\"[{\\\"text\\\":\\\"\\\",\\\"file\\\":\\\"/profile/upload/2026/02/02/CV_20260202113554A004.pdf\\\"},{\\\"text\\\":\\\"\\\",\\\"file\\\":\\\"\\\"}]\",\"id\":10,\"params\":{},\"status\":3,\"updateTime\":\"2026-02-02 11:36:08\"} ','{\"msg\":\"操作成功\",\"code\":200}',0,NULL,'2026-02-02 11:36:08',20),(282,'签证订单',2,'com.ruoyi.visa.controller.VisaOrderController.edit()','PUT',1,'admin','研发部门','/visa/order','127.0.0.1','内网IP','{\"auditRemark\":\"[{\\\"text\\\":\\\"\\\",\\\"file\\\":\\\"/profile/upload/2026/02/02/CV_20260202113554A004.pdf\\\"},{\\\"text\\\":\\\"\\\",\\\"file\\\":\\\"\\\"}]\",\"id\":10,\"params\":{},\"status\":7,\"updateTime\":\"2026-02-03 10:07:11\"} ','{\"msg\":\"操作成功\",\"code\":200}',0,NULL,'2026-02-03 10:07:11',88),(283,'签证订单',2,'com.ruoyi.visa.controller.VisaOrderController.edit()','PUT',1,'admin','研发部门','/visa/order','127.0.0.1','内网IP','{\"auditRemark\":\"[{\\\"text\\\":\\\"\\\",\\\"file\\\":\\\"/profile/upload/2026/02/02/CV_20260202113554A004.pdf\\\"},{\\\"text\\\":\\\"\\\",\\\"file\\\":\\\"\\\"}]\",\"id\":10,\"params\":{},\"status\":7,\"updateTime\":\"2026-02-03 10:34:02\"} ','{\"msg\":\"操作成功\",\"code\":200}',0,NULL,'2026-02-03 10:34:02',79),(284,'签证订单',2,'com.ruoyi.visa.controller.VisaOrderController.edit()','PUT',1,'admin','研发部门','/visa/order','127.0.0.1','内网IP','{\"auditRemark\":\"[]\",\"id\":10,\"params\":{},\"status\":7,\"updateTime\":\"2026-02-03 10:52:31\"} ','{\"msg\":\"操作成功\",\"code\":200}',0,NULL,'2026-02-03 10:52:31',64),(285,'签证订单',2,'com.ruoyi.visa.controller.VisaOrderController.edit()','PUT',1,'admin','研发部门','/visa/order','127.0.0.1','内网IP','{\"auditRemark\":\"[]\",\"id\":10,\"interviewSlots\":\"[\\\"2026-02-11 08:00\\\",\\\"2026-02-11 16:07\\\"]\",\"params\":{},\"status\":7,\"updateTime\":\"2026-02-03 10:59:07\"} ','{\"msg\":\"操作成功\",\"code\":200}',0,NULL,'2026-02-03 10:59:08',50),(286,'签证订单',2,'com.ruoyi.visa.controller.VisaOrderController.edit()','PUT',1,'admin','研发部门','/visa/order','127.0.0.1','内网IP','{\"auditRemark\":\"[]\",\"id\":10,\"interviewSlots\":\"[\\\"2026-02-11 08:00\\\",\\\"2026-02-12 16:07\\\"]\",\"params\":{},\"status\":7,\"updateTime\":\"2026-02-03 11:13:27\"} ','{\"msg\":\"操作成功\",\"code\":200}',0,NULL,'2026-02-03 11:13:27',45),(287,'签证订单',2,'com.ruoyi.visa.controller.VisaOrderController.edit()','PUT',1,'admin','研发部门','/visa/order','127.0.0.1','内网IP','{\"auditRemark\":\"[]\",\"id\":10,\"interviewSlots\":\"[\\\"2026-02-11 08:00\\\",\\\"2026-02-12 16:07\\\"]\",\"params\":{},\"status\":7,\"updateTime\":\"2026-02-03 11:24:47\"} ','{\"msg\":\"操作成功\",\"code\":200}',0,NULL,'2026-02-03 11:24:47',57),(288,'签证订单',2,'com.ruoyi.visa.controller.VisaOrderController.edit()','PUT',1,'admin','研发部门','/visa/order','127.0.0.1','内网IP','{\"auditRemark\":\"[]\",\"id\":10,\"interviewSlots\":\"[\\\"2026-02-11 08:00\\\",\\\"2026-02-12 16:07\\\"]\",\"params\":{},\"status\":7,\"updateTime\":\"2026-02-03 11:29:50\"} ','{\"msg\":\"操作成功\",\"code\":200}',0,NULL,'2026-02-03 11:29:50',45),(289,'签证订单',2,'com.ruoyi.visa.controller.VisaOrderController.edit()','PUT',1,'admin','研发部门','/visa/order','127.0.0.1','内网IP','{\"auditRemark\":\"[]\",\"id\":10,\"interviewSlots\":\"[\\\"2026-02-11 08:00:00\\\"]\",\"params\":{},\"status\":7,\"updateTime\":\"2026-02-03 11:30:41\"} ','{\"msg\":\"操作成功\",\"code\":200}',0,NULL,'2026-02-03 11:30:41',14),(290,'签证订单',2,'com.ruoyi.visa.controller.VisaOrderController.edit()','PUT',1,'admin','研发部门','/visa/order','127.0.0.1','内网IP','{\"id\":10,\"interviewFile\":\"/profile/upload/2026/02/03/UChicago LoR Dr. Kai Shi_20260203114047A001.pdf\",\"params\":{},\"updateTime\":\"2026-02-03 11:40:49\"} ','{\"msg\":\"操作成功\",\"code\":200}',0,NULL,'2026-02-03 11:40:50',119),(291,'签证订单',2,'com.ruoyi.visa.controller.VisaOrderController.edit()','PUT',1,'admin','研发部门','/visa/order','127.0.0.1','内网IP','{\"id\":10,\"interviewFile\":\"/profile/upload/2026/02/05/JHU SoP_20260205090644A001.pdf\",\"params\":{},\"updateTime\":\"2026-02-05 09:06:46\"} ','{\"msg\":\"操作成功\",\"code\":200}',0,NULL,'2026-02-05 09:06:46',39),(292,'签证订单',2,'com.ruoyi.visa.controller.VisaOrderController.edit()','PUT',1,'admin','研发部门','/visa/order','127.0.0.1','内网IP','{\"id\":10,\"params\":{},\"status\":5,\"trackingNumber\":\"1111111111\",\"updateTime\":\"2026-02-05 10:59:12\",\"visaResult\":\"[{\\\"status\\\":1,\\\"memo\\\":\\\"\\\"},{\\\"status\\\":1,\\\"memo\\\":\\\"\\\"}]\"} ','{\"msg\":\"操作成功\",\"code\":200}',0,NULL,'2026-02-05 10:59:13',123),(293,'签证订单',2,'com.ruoyi.visa.controller.VisaOrderController.edit()','PUT',1,'admin','研发部门','/visa/order','127.0.0.1','内网IP','{\"auditRemark\":\"[{\\\"text\\\":\\\"不行\\\",\\\"file\\\":\\\"/profile/upload/2026/02/05/JHU SoP_20260205110226A008.pdf\\\"},{\\\"text\\\":\\\"不行\\\",\\\"file\\\":\\\"/profile/upload/2026/02/05/JHU SoP_20260205110233A009.pdf\\\"}]\",\"id\":11,\"params\":{},\"status\":3,\"updateTime\":\"2026-02-05 11:02:41\"} ','{\"msg\":\"操作成功\",\"code\":200}',0,NULL,'2026-02-05 11:02:41',15),(294,'签证订单',2,'com.ruoyi.visa.controller.VisaOrderController.edit()','PUT',1,'admin','研发部门','/visa/order','127.0.0.1','内网IP','{\"auditRemark\":\"[{\\\"text\\\":\\\"不行\\\",\\\"file\\\":\\\"/profile/upload/2026/02/05/JHU SoP_20260205110226A008.pdf\\\"},{\\\"text\\\":\\\"不行\\\",\\\"file\\\":\\\"/profile/upload/2026/02/05/JHU SoP_20260205110233A009.pdf\\\"}]\",\"id\":11,\"params\":{},\"status\":7,\"updateTime\":\"2026-02-05 11:03:08\"} ','{\"msg\":\"操作成功\",\"code\":200}',0,NULL,'2026-02-05 11:03:08',13),(295,'签证订单',2,'com.ruoyi.visa.controller.VisaOrderController.edit()','PUT',1,'admin','研发部门','/visa/order','127.0.0.1','内网IP','{\"auditRemark\":\"[{\\\"text\\\":\\\"不行\\\",\\\"file\\\":\\\"/profile/upload/2026/02/05/JHU SoP_20260205110226A008.pdf\\\"},{\\\"text\\\":\\\"不行\\\",\\\"file\\\":\\\"/profile/upload/2026/02/05/JHU SoP_20260205110233A009.pdf\\\"}]\",\"id\":11,\"interviewSlots\":\"[\\\"2026-02-12 08:00:00\\\"]\",\"params\":{},\"status\":7,\"updateTime\":\"2026-02-05 11:06:09\"} ','{\"msg\":\"操作成功\",\"code\":200}',0,NULL,'2026-02-05 11:06:09',10),(296,'签证订单',2,'com.ruoyi.visa.controller.VisaOrderController.edit()','PUT',1,'admin','研发部门','/visa/order','127.0.0.1','内网IP','{\"id\":11,\"interviewFile\":\"/profile/upload/2026/02/05/JHU SoP_20260205111355A010.pdf\",\"params\":{},\"updateTime\":\"2026-02-05 11:13:57\"} ','{\"msg\":\"操作成功\",\"code\":200}',0,NULL,'2026-02-05 11:13:57',10),(297,'签证订单',2,'com.ruoyi.visa.controller.VisaOrderController.edit()','PUT',1,'admin','研发部门','/visa/order','127.0.0.1','内网IP','{\"id\":11,\"params\":{},\"status\":5,\"trackingNumber\":\"111\",\"updateTime\":\"2026-02-05 11:14:38\",\"visaResult\":\"[{\\\"status\\\":1,\\\"memo\\\":\\\"\\\"},{\\\"status\\\":1,\\\"memo\\\":\\\"\\\"}]\"} ','{\"msg\":\"操作成功\",\"code\":200}',0,NULL,'2026-02-05 11:14:38',20),(298,'签证订单',2,'com.ruoyi.visa.controller.VisaOrderController.edit()','PUT',1,'admin','研发部门','/visa/order','127.0.0.1','内网IP','{\"id\":11,\"params\":{},\"updateTime\":\"2026-02-05 11:34:43\",\"visaResult\":\"[{\\\"status\\\":2,\\\"memo\\\":\\\"\\\"},{\\\"status\\\":3,\\\"memo\\\":\\\"\\\"}]\"} ','{\"msg\":\"操作成功\",\"code\":200}',0,NULL,'2026-02-05 11:34:43',57),(299,'签证订单',2,'com.ruoyi.visa.controller.VisaOrderController.edit()','PUT',1,'admin','研发部门','/visa/order','127.0.0.1','内网IP','{\"id\":11,\"params\":{},\"updateTime\":\"2026-02-05 11:40:54\",\"visaResult\":\"[{\\\"memo\\\":\\\"\\\",\\\"status\\\":2},{\\\"memo\\\":\\\"\\\",\\\"status\\\":3}]\"} ','{\"msg\":\"操作成功\",\"code\":200}',0,NULL,'2026-02-05 11:40:54',11),(300,'签证订单',2,'com.ruoyi.visa.controller.VisaOrderController.edit()','PUT',1,'admin','研发部门','/visa/order','127.0.0.1','内网IP','{\"auditRemark\":\"[{\\\"text\\\":\\\"不行\\\",\\\"file\\\":\\\"/profile/upload/2026/02/05/JHU SoP_20260205110226A008.pdf\\\"},{\\\"text\\\":\\\"不行\\\",\\\"file\\\":\\\"/profile/upload/2026/02/05/JHU SoP_20260205110233A009.pdf\\\"}]\",\"id\":11,\"params\":{},\"updateTime\":\"2026-02-06 09:25:36\"} ','{\"msg\":\"操作成功\",\"code\":200}',0,NULL,'2026-02-06 09:25:36',24),(301,'签证订单',2,'com.ruoyi.visa.controller.VisaOrderController.edit()','PUT',1,'admin','研发部门','/visa/order','127.0.0.1','内网IP','{\"auditRemark\":\"[{\\\"text\\\":\\\"不行\\\",\\\"file\\\":\\\"/profile/upload/2026/02/05/JHU SoP_20260205110226A008.pdf\\\"},{\\\"text\\\":\\\"附件不够清晰\\\",\\\"file\\\":\\\"/profile/upload/2026/02/05/JHU SoP_20260205110233A009.pdf\\\"}]\",\"id\":11,\"params\":{},\"updateTime\":\"2026-02-06 09:27:47\"} ','{\"msg\":\"操作成功\",\"code\":200}',0,NULL,'2026-02-06 09:27:47',18),(302,'签证订单',2,'com.ruoyi.visa.controller.VisaOrderController.edit()','PUT',1,'admin','研发部门','/visa/order','127.0.0.1','内网IP','{\"id\":11,\"params\":{},\"updateTime\":\"2026-02-06 09:32:59\",\"visaResult\":\"[{\\\"memo\\\":\\\"\\\",\\\"status\\\":2},{\\\"memo\\\":\\\"\\\",\\\"status\\\":3}]\"} ','{\"msg\":\"操作成功\",\"code\":200}',0,NULL,'2026-02-06 09:32:59',31),(303,'签证订单',2,'com.ruoyi.visa.controller.VisaOrderController.edit()','PUT',1,'admin','研发部门','/visa/order','127.0.0.1','内网IP','{\"id\":11,\"params\":{},\"updateTime\":\"2026-02-06 09:33:09\",\"visaResult\":\"[{\\\"memo\\\":\\\"\\\",\\\"status\\\":2},{\\\"memo\\\":\\\"\\\",\\\"status\\\":2}]\"} ','{\"msg\":\"操作成功\",\"code\":200}',0,NULL,'2026-02-06 09:33:09',21),(304,'签证订单',2,'com.ruoyi.visa.controller.VisaOrderController.edit()','PUT',1,'admin','研发部门','/visa/order','127.0.0.1','内网IP','{\"id\":11,\"params\":{},\"status\":6,\"trackingNumber\":\"\",\"updateTime\":\"2026-02-06 09:40:25\",\"visaResult\":\"[{\\\"memo\\\":\\\"\\\",\\\"status\\\":2},{\\\"memo\\\":\\\"\\\",\\\"status\\\":2}]\"} ','{\"msg\":\"操作成功\",\"code\":200}',0,NULL,'2026-02-06 09:40:25',14),(305,'签证订单',2,'com.ruoyi.visa.controller.VisaOrderController.edit()','PUT',1,'admin','研发部门','/visa/order','127.0.0.1','内网IP','{\"auditRemark\":\"[{\\\"text\\\":\\\"不行\\\",\\\"file\\\":\\\"\\\"},{\\\"text\\\":\\\"不行\\\",\\\"file\\\":\\\"\\\"}]\",\"id\":13,\"params\":{},\"status\":3,\"updateTime\":\"2026-02-06 09:58:49\"} ','{\"msg\":\"操作成功\",\"code\":200}',0,NULL,'2026-02-06 09:58:49',31),(306,'签证订单',2,'com.ruoyi.visa.controller.VisaOrderController.edit()','PUT',1,'admin','研发部门','/visa/order','127.0.0.1','内网IP','{\"auditRemark\":\"[{\\\"text\\\":\\\"不行\\\",\\\"file\\\":\\\"\\\"},{\\\"text\\\":\\\"不行\\\",\\\"file\\\":\\\"\\\"}]\",\"id\":13,\"params\":{},\"status\":7,\"updateTime\":\"2026-02-06 09:59:11\"} ','{\"msg\":\"操作成功\",\"code\":200}',0,NULL,'2026-02-06 09:59:11',12),(307,'签证订单',2,'com.ruoyi.visa.controller.VisaOrderController.edit()','PUT',1,'admin','研发部门','/visa/order','127.0.0.1','内网IP','{\"auditRemark\":\"[{\\\"text\\\":\\\"不行\\\",\\\"file\\\":\\\"\\\"},{\\\"text\\\":\\\"不行\\\",\\\"file\\\":\\\"\\\"}]\",\"id\":13,\"interviewSlots\":\"[\\\"2026-02-06 09:59:41\\\",\\\"2026-02-07 00:00:00\\\"]\",\"params\":{},\"status\":7,\"updateTime\":\"2026-02-06 09:59:46\"} ','{\"msg\":\"操作成功\",\"code\":200}',0,NULL,'2026-02-06 09:59:46',12),(308,'签证订单',2,'com.ruoyi.visa.controller.VisaOrderController.edit()','PUT',1,'admin','研发部门','/visa/order','127.0.0.1','内网IP','{\"id\":13,\"interviewFile\":\"/profile/upload/2026/02/06/CV_20260206100017A007.pdf\",\"params\":{},\"updateTime\":\"2026-02-06 10:00:19\"} ','{\"msg\":\"操作成功\",\"code\":200}',0,NULL,'2026-02-06 10:00:19',13),(309,'签证订单',2,'com.ruoyi.visa.controller.VisaOrderController.edit()','PUT',1,'admin','研发部门','/visa/order','127.0.0.1','内网IP','{\"id\":13,\"params\":{},\"updateTime\":\"2026-02-06 10:01:41\",\"visaResult\":\"[{\\\"status\\\":3,\\\"memo\\\":\\\"\\\"},{\\\"status\\\":3,\\\"memo\\\":\\\"\\\"}]\"} ','{\"msg\":\"操作成功\",\"code\":200}',0,NULL,'2026-02-06 10:01:41',15),(310,'签证订单',2,'com.ruoyi.visa.controller.VisaOrderController.edit()','PUT',1,'admin','研发部门','/visa/order','127.0.0.1','内网IP','{\"id\":13,\"params\":{},\"status\":5,\"trackingNumber\":\"111\",\"updateTime\":\"2026-02-06 10:02:21\",\"visaResult\":\"[{\\\"memo\\\":\\\"\\\",\\\"status\\\":1},{\\\"memo\\\":\\\"\\\",\\\"status\\\":1}]\"} ','{\"msg\":\"操作成功\",\"code\":200}',0,NULL,'2026-02-06 10:02:21',10),(311,'签证产品',2,'com.ruoyi.visa.controller.VisaProductController.edit()','PUT',1,'admin','研发部门','/visa/product','127.0.0.1','内网IP','{\"countryId\":2,\"countryName\":\"日本\",\"districtId\":3,\"districtName\":\"全国通用\",\"id\":2,\"image\":\"/profile/upload/2026/01/26/tokyo_20260126094559A006.jpg\",\"isInterviewRequired\":0,\"maxStayDays\":\"30天\",\"params\":{},\"price\":0.01,\"processingTime\":\"5天\",\"requirementsConfig\":\"[{\\\"desc\\\":\\\"不能反光\\\",\\\"name\\\":\\\"护照\\\",\\\"type\\\":\\\"image\\\",\\\"required\\\":true,\\\"templateUrl\\\":\\\"\\\",\\\"templateName\\\":\\\"\\\"},{\\\"desc\\\":\\\"\\\",\\\"name\\\":\\\"行程单\\\",\\\"type\\\":\\\"file\\\",\\\"required\\\":true,\\\"templateUrl\\\":\\\"\\\",\\\"templateName\\\":\\\"\\\"}]\",\"status\":1,\"title\":\"日本旅游签证\",\"typeId\":1,\"typeName\":\"旅游签\",\"validityPeriod\":\"3年\"} ','{\"msg\":\"操作成功\",\"code\":200}',0,NULL,'2026-02-06 10:03:19',24),(312,'签证订单',2,'com.ruoyi.visa.controller.VisaOrderController.edit()','PUT',1,'admin','研发部门','/visa/order','127.0.0.1','内网IP','{\"auditRemark\":\"[{\\\"text\\\":\\\"\\\",\\\"file\\\":\\\"\\\"}]\",\"id\":14,\"params\":{},\"status\":3,\"updateTime\":\"2026-02-06 10:05:20\"} ','{\"msg\":\"操作成功\",\"code\":200}',0,NULL,'2026-02-06 10:05:20',12),(313,'签证订单',2,'com.ruoyi.visa.controller.VisaOrderController.edit()','PUT',1,'admin','研发部门','/visa/order','127.0.0.1','内网IP','{\"auditRemark\":\"[{\\\"text\\\":\\\"\\\",\\\"file\\\":\\\"\\\"}]\",\"id\":14,\"params\":{},\"status\":4,\"updateTime\":\"2026-02-06 10:05:32\"} ','{\"msg\":\"操作成功\",\"code\":200}',0,NULL,'2026-02-06 10:05:32',120),(314,'签证订单',2,'com.ruoyi.visa.controller.VisaOrderController.edit()','PUT',1,'admin','研发部门','/visa/order','127.0.0.1','内网IP','{\"id\":14,\"params\":{},\"status\":5,\"trackingNumber\":\"111\",\"updateTime\":\"2026-02-06 10:05:47\",\"visaResult\":\"[{\\\"status\\\":1,\\\"memo\\\":\\\"\\\"}]\"} ','{\"msg\":\"操作成功\",\"code\":200}',0,NULL,'2026-02-06 10:05:47',16),(315,'代码生成',6,'com.ruoyi.generator.controller.GenController.importTableSave()','POST',1,'admin','研发部门','/tool/gen/importTable','127.0.0.1','内网IP','{\"tables\":\"visa_knowledge\"}','{\"msg\":\"操作成功\",\"code\":200}',0,NULL,'2026-02-17 11:06:45',155),(316,'代码生成',2,'com.ruoyi.generator.controller.GenController.editSave()','PUT',1,'admin','研发部门','/tool/gen','127.0.0.1','内网IP','{\"businessName\":\"knowledge\",\"className\":\"VisaKnowledge\",\"columns\":[{\"capJavaField\":\"Id\",\"columnComment\":\"主键ID\",\"columnId\":79,\"columnName\":\"id\",\"columnType\":\"bigint\",\"createBy\":\"admin\",\"createTime\":\"2026-02-17 11:06:44\",\"dictType\":\"\",\"edit\":false,\"htmlType\":\"input\",\"increment\":true,\"insert\":true,\"isIncrement\":\"1\",\"isInsert\":\"1\",\"isPk\":\"1\",\"isRequired\":\"0\",\"javaField\":\"id\",\"javaType\":\"Long\",\"list\":false,\"params\":{},\"pk\":true,\"query\":false,\"queryType\":\"EQ\",\"required\":false,\"sort\":1,\"superColumn\":false,\"tableId\":8,\"updateBy\":\"\",\"usableColumn\":false},{\"capJavaField\":\"Category\",\"columnComment\":\"分类\",\"columnId\":80,\"columnName\":\"category\",\"columnType\":\"varchar(50)\",\"createBy\":\"admin\",\"createTime\":\"2026-02-17 11:06:44\",\"dictType\":\"\",\"edit\":true,\"htmlType\":\"input\",\"increment\":false,\"insert\":true,\"isEdit\":\"1\",\"isIncrement\":\"0\",\"isInsert\":\"1\",\"isList\":\"1\",\"isPk\":\"0\",\"isQuery\":\"1\",\"isRequired\":\"0\",\"javaField\":\"category\",\"javaType\":\"String\",\"list\":true,\"params\":{},\"pk\":false,\"query\":true,\"queryType\":\"EQ\",\"required\":false,\"sort\":2,\"superColumn\":false,\"tableId\":8,\"updateBy\":\"\",\"usableColumn\":false},{\"capJavaField\":\"Title\",\"columnComment\":\"知识点标题\",\"columnId\":81,\"columnName\":\"title\",\"columnType\":\"varchar(200)\",\"createBy\":\"admin\",\"createTime\":\"2026-02-17 11:06:44\",\"dictType\":\"\",\"edit\":true,\"htmlType\":\"input\",\"increment\":false,\"insert\":true,\"isEdit\":\"1\",\"isIncrement\":\"0\",\"isInsert\":\"1\",\"isList\":\"1\",\"isPk\":\"0\",\"isQuery\":\"1\",\"isRequired\":\"1\",\"javaField\":\"title\",\"javaType\":\"String\",\"list\":true,\"params\":{},\"pk\":false,\"query\":true,\"queryType\":\"EQ\",\"required\":true,\"sort\":3,\"superColumn\":false,\"tableId\":8,\"updateBy\":\"\",\"usableColumn\":false},{\"capJavaField\":\"Keywords\",\"columnComment\":\"搜索关键词\",\"columnId\":82,\"columnName\":\"keywords\",\"columnType\":\"varchar(500)\",\"createBy\":\"admin\",\"createTime\":\"2026-02-17 11:06:44\",\"dictType\":\"\",\"edit\":true,\"htmlType\":\"textarea\",\"increment\":false,\"insert\":true,\"isEdit\":\"1\",\"isIncrement\":\"0\",\"isInsert\":\"1\",\"isList\":\"1\",\"isPk\":\"0\",\"isQuery\":\"1\",\"isRequired\":\"0\",\"javaFie','{\"msg\":\"操作成功\",\"code\":200}',0,NULL,'2026-02-17 11:07:11',70),(317,'代码生成',8,'com.ruoyi.generator.controller.GenController.batchGenCode()','GET',1,'admin','研发部门','/tool/gen/batchGenCode','127.0.0.1','内网IP','{\"tables\":\"visa_knowledge\"}',NULL,0,NULL,'2026-02-17 11:07:16',750),(318,'代码生成',2,'com.ruoyi.generator.controller.GenController.editSave()','PUT',1,'admin','研发部门','/tool/gen','127.0.0.1','内网IP','{\"businessName\":\"knowledge\",\"className\":\"VisaKnowledge\",\"columns\":[{\"capJavaField\":\"Id\",\"columnComment\":\"主键ID\",\"columnId\":79,\"columnName\":\"id\",\"columnType\":\"bigint\",\"createBy\":\"admin\",\"createTime\":\"2026-02-17 11:06:44\",\"dictType\":\"\",\"edit\":false,\"htmlType\":\"input\",\"increment\":true,\"insert\":true,\"isIncrement\":\"1\",\"isInsert\":\"1\",\"isPk\":\"1\",\"isRequired\":\"0\",\"javaField\":\"id\",\"javaType\":\"Long\",\"list\":false,\"params\":{},\"pk\":true,\"query\":false,\"queryType\":\"EQ\",\"required\":false,\"sort\":1,\"superColumn\":false,\"tableId\":8,\"updateBy\":\"\",\"updateTime\":\"2026-02-17 11:07:11\",\"usableColumn\":false},{\"capJavaField\":\"Category\",\"columnComment\":\"分类\",\"columnId\":80,\"columnName\":\"category\",\"columnType\":\"varchar(50)\",\"createBy\":\"admin\",\"createTime\":\"2026-02-17 11:06:44\",\"dictType\":\"\",\"edit\":true,\"htmlType\":\"input\",\"increment\":false,\"insert\":true,\"isEdit\":\"1\",\"isIncrement\":\"0\",\"isInsert\":\"1\",\"isList\":\"1\",\"isPk\":\"0\",\"isQuery\":\"1\",\"isRequired\":\"0\",\"javaField\":\"category\",\"javaType\":\"String\",\"list\":true,\"params\":{},\"pk\":false,\"query\":true,\"queryType\":\"EQ\",\"required\":false,\"sort\":2,\"superColumn\":false,\"tableId\":8,\"updateBy\":\"\",\"updateTime\":\"2026-02-17 11:07:11\",\"usableColumn\":false},{\"capJavaField\":\"Title\",\"columnComment\":\"知识点标题\",\"columnId\":81,\"columnName\":\"title\",\"columnType\":\"varchar(200)\",\"createBy\":\"admin\",\"createTime\":\"2026-02-17 11:06:44\",\"dictType\":\"\",\"edit\":true,\"htmlType\":\"input\",\"increment\":false,\"insert\":true,\"isEdit\":\"1\",\"isIncrement\":\"0\",\"isInsert\":\"1\",\"isList\":\"1\",\"isPk\":\"0\",\"isQuery\":\"1\",\"isRequired\":\"1\",\"javaField\":\"title\",\"javaType\":\"String\",\"list\":true,\"params\":{},\"pk\":false,\"query\":true,\"queryType\":\"EQ\",\"required\":true,\"sort\":3,\"superColumn\":false,\"tableId\":8,\"updateBy\":\"\",\"updateTime\":\"2026-02-17 11:07:11\",\"usableColumn\":false},{\"capJavaField\":\"Keywords\",\"columnComment\":\"搜索关键词\",\"columnId\":82,\"columnName\":\"keywords\",\"columnType\":\"varchar(500)\",\"createBy\":\"admin\",\"createTime\":\"2026-02-17 11:06:44\",\"dictType\":\"\",\"edit\":true,\"htmlType\":\"textarea\",\"increment\":false,\"insert\":true,\"isE','{\"msg\":\"操作成功\",\"code\":200}',0,NULL,'2026-02-17 11:07:43',61),(319,'代码生成',8,'com.ruoyi.generator.controller.GenController.batchGenCode()','GET',1,'admin','研发部门','/tool/gen/batchGenCode','127.0.0.1','内网IP','{\"tables\":\"visa_knowledge\"}',NULL,0,NULL,'2026-02-17 11:07:48',63),(320,'客户状态',2,'com.ruoyi.visa.controller.CCustomerController.changeStatus()','PUT',1,'admin','研发部门','/visa/customer/changeStatus/1/0','127.0.0.1','内网IP','1 \"0\" ','{\"msg\":\"操作成功\",\"code\":200}',0,NULL,'2026-02-20 09:18:43',91),(321,'客户状态',2,'com.ruoyi.visa.controller.CCustomerController.changeStatus()','PUT',1,'admin','研发部门','/visa/customer/changeStatus/1/1','127.0.0.1','内网IP','1 \"1\" ','{\"msg\":\"操作成功\",\"code\":200}',0,NULL,'2026-02-20 09:33:26',19),(322,'客户状态',2,'com.ruoyi.visa.controller.CCustomerController.changeStatus()','PUT',1,'admin','研发部门','/visa/customer/changeStatus/1/0','127.0.0.1','内网IP','1 \"0\" ','{\"msg\":\"操作成功\",\"code\":200}',0,NULL,'2026-02-20 09:35:58',28),(323,'客户状态',2,'com.ruoyi.visa.controller.CCustomerController.changeStatus()','PUT',1,'admin','研发部门','/visa/customer/changeStatus/1/1','127.0.0.1','内网IP','1 \"1\" ','{\"msg\":\"操作成功\",\"code\":200}',0,NULL,'2026-02-20 09:36:09',9),(324,'签证产品',2,'com.ruoyi.visa.controller.VisaProductController.changeStatus()','PUT',1,'admin','研发部门','/visa/product/changeStatus','127.0.0.1','内网IP','{\"id\":2,\"params\":{},\"status\":0,\"updateTime\":\"2026-02-20 09:42:12\"} ','{\"msg\":\"操作成功\",\"code\":200}',0,NULL,'2026-02-20 09:42:12',38),(325,'签证产品',2,'com.ruoyi.visa.controller.VisaProductController.changeStatus()','PUT',1,'admin','研发部门','/visa/product/changeStatus','127.0.0.1','内网IP','{\"id\":2,\"params\":{},\"status\":1,\"updateTime\":\"2026-02-20 09:42:19\"} ','{\"msg\":\"操作成功\",\"code\":200}',0,NULL,'2026-02-20 09:42:19',35),(326,'领区配置',2,'com.ruoyi.visa.controller.VisaDistrictController.edit()','PUT',1,'admin','研发部门','/visa/district','127.0.0.1','内网IP','{\"coverArea\":\"北京、天津、河北、山西、内蒙古、山东、湖北、湖南、江西\",\"id\":1,\"name\":\"北京领区\",\"params\":{},\"sort\":1,\"status\":\"1\"} ','{\"msg\":\"操作成功\",\"code\":200}',0,NULL,'2026-02-20 09:57:59',48),(327,'领区配置',2,'com.ruoyi.visa.controller.VisaDistrictController.edit()','PUT',1,'admin','研发部门','/visa/district','127.0.0.1','内网IP','{\"coverArea\":\"上海、江苏、浙江、安徽\",\"id\":2,\"name\":\"上海领区\",\"params\":{},\"sort\":2,\"status\":\"1\"} ','{\"msg\":\"操作成功\",\"code\":200}',0,NULL,'2026-02-20 09:58:09',14),(328,'领区配置',1,'com.ruoyi.visa.controller.VisaDistrictController.add()','POST',1,'admin','研发部门','/visa/district','127.0.0.1','内网IP','{\"coverArea\":\"广东、福建、广西、海南\",\"id\":4,\"name\":\"广州领区\",\"params\":{},\"sort\":4} ','{\"msg\":\"操作成功\",\"code\":200}',0,NULL,'2026-02-20 09:58:31',33),(329,'领区配置',1,'com.ruoyi.visa.controller.VisaDistrictController.add()','POST',1,'admin','研发部门','/visa/district','127.0.0.1','内网IP','{\"coverArea\":\"四川、重庆、云南、贵州、西藏\",\"id\":5,\"name\":\"成都领区\",\"params\":{},\"sort\":5} ','{\"msg\":\"操作成功\",\"code\":200}',0,NULL,'2026-02-20 09:58:49',15),(330,'领区状态',2,'com.ruoyi.visa.controller.VisaDistrictController.changeStatus()','PUT',1,'admin','研发部门','/visa/district/changeStatus/4/1','127.0.0.1','内网IP','4 \"1\" ','{\"msg\":\"操作成功\",\"code\":200}',0,NULL,'2026-02-20 09:58:52',31),(331,'领区状态',2,'com.ruoyi.visa.controller.VisaDistrictController.changeStatus()','PUT',1,'admin','研发部门','/visa/district/changeStatus/5/1','127.0.0.1','内网IP','5 \"1\" ','{\"msg\":\"操作成功\",\"code\":200}',0,NULL,'2026-02-20 09:58:54',97),(332,'菜单管理',2,'com.ruoyi.web.controller.system.SysMenuController.edit()','PUT',1,'admin','研发部门','/system/menu','127.0.0.1','内网IP','{\"children\":[],\"component\":\"visa/knowledge/index\",\"createTime\":\"2026-02-17 11:10:44\",\"icon\":\"education\",\"isCache\":\"0\",\"isFrame\":\"1\",\"menuId\":2057,\"menuName\":\"签证知识库\",\"menuType\":\"C\",\"orderNum\":1,\"params\":{},\"parentId\":0,\"path\":\"knowledge\",\"perms\":\"visa:knowledge:list\",\"routeName\":\"\",\"status\":\"0\",\"updateBy\":\"admin\",\"visible\":\"0\"} ','{\"msg\":\"操作成功\",\"code\":200}',0,NULL,'2026-02-20 19:15:49',52),(333,'代码生成',6,'com.ruoyi.generator.controller.GenController.importTableSave()','POST',1,'admin','研发部门','/tool/gen/importTable','127.0.0.1','内网IP','{\"tables\":\"visa_comment\"}','{\"msg\":\"操作成功\",\"code\":200}',0,NULL,'2026-02-20 19:16:55',178),(334,'代码生成',2,'com.ruoyi.generator.controller.GenController.editSave()','PUT',1,'admin','研发部门','/tool/gen','127.0.0.1','内网IP','{\"businessName\":\"comment\",\"className\":\"VisaComment\",\"columns\":[{\"capJavaField\":\"Id\",\"columnComment\":\"评价ID\",\"columnId\":86,\"columnName\":\"id\",\"columnType\":\"bigint\",\"createBy\":\"admin\",\"createTime\":\"2026-02-20 19:16:55\",\"dictType\":\"\",\"edit\":false,\"htmlType\":\"input\",\"increment\":true,\"insert\":true,\"isIncrement\":\"1\",\"isInsert\":\"1\",\"isPk\":\"1\",\"isRequired\":\"0\",\"javaField\":\"id\",\"javaType\":\"Long\",\"list\":false,\"params\":{},\"pk\":true,\"query\":false,\"queryType\":\"EQ\",\"required\":false,\"sort\":1,\"superColumn\":false,\"tableId\":9,\"updateBy\":\"\",\"usableColumn\":false},{\"capJavaField\":\"OrderId\",\"columnComment\":\"关联订单ID\",\"columnId\":87,\"columnName\":\"order_id\",\"columnType\":\"bigint\",\"createBy\":\"admin\",\"createTime\":\"2026-02-20 19:16:55\",\"dictType\":\"\",\"edit\":true,\"htmlType\":\"input\",\"increment\":false,\"insert\":true,\"isEdit\":\"1\",\"isIncrement\":\"0\",\"isInsert\":\"1\",\"isList\":\"1\",\"isPk\":\"0\",\"isQuery\":\"1\",\"isRequired\":\"1\",\"javaField\":\"orderId\",\"javaType\":\"Long\",\"list\":true,\"params\":{},\"pk\":false,\"query\":true,\"queryType\":\"EQ\",\"required\":true,\"sort\":2,\"superColumn\":false,\"tableId\":9,\"updateBy\":\"\",\"usableColumn\":false},{\"capJavaField\":\"ProductId\",\"columnComment\":\"关联产品ID\",\"columnId\":88,\"columnName\":\"product_id\",\"columnType\":\"bigint\",\"createBy\":\"admin\",\"createTime\":\"2026-02-20 19:16:55\",\"dictType\":\"\",\"edit\":true,\"htmlType\":\"input\",\"increment\":false,\"insert\":true,\"isEdit\":\"1\",\"isIncrement\":\"0\",\"isInsert\":\"1\",\"isList\":\"1\",\"isPk\":\"0\",\"isQuery\":\"1\",\"isRequired\":\"1\",\"javaField\":\"productId\",\"javaType\":\"Long\",\"list\":true,\"params\":{},\"pk\":false,\"query\":true,\"queryType\":\"EQ\",\"required\":true,\"sort\":3,\"superColumn\":false,\"tableId\":9,\"updateBy\":\"\",\"usableColumn\":false},{\"capJavaField\":\"CustomerId\",\"columnComment\":\"关联客户ID\",\"columnId\":89,\"columnName\":\"customer_id\",\"columnType\":\"bigint\",\"createBy\":\"admin\",\"createTime\":\"2026-02-20 19:16:55\",\"dictType\":\"\",\"edit\":true,\"htmlType\":\"input\",\"increment\":false,\"insert\":true,\"isEdit\":\"1\",\"isIncrement\":\"0\",\"isInsert\":\"1\",\"isList\":\"1\",\"isPk\":\"0\",\"isQuery\":\"1\",\"isRequired\":\"1\",\"javaField\":\"cu','{\"msg\":\"操作成功\",\"code\":200}',0,NULL,'2026-02-20 19:17:31',156),(335,'代码生成',8,'com.ruoyi.generator.controller.GenController.batchGenCode()','GET',1,'admin','研发部门','/tool/gen/batchGenCode','127.0.0.1','内网IP','{\"tables\":\"visa_comment\"}',NULL,0,NULL,'2026-02-20 19:17:37',844),(336,'菜单管理',2,'com.ruoyi.web.controller.system.SysMenuController.edit()','PUT',1,'admin','研发部门','/system/menu','127.0.0.1','内网IP','{\"children\":[],\"component\":\"visa/comment/index\",\"createTime\":\"2026-02-20 19:19:00\",\"icon\":\"rate\",\"isCache\":\"0\",\"isFrame\":\"1\",\"menuId\":2063,\"menuName\":\"签证评价\",\"menuType\":\"C\",\"orderNum\":1,\"params\":{},\"parentId\":0,\"path\":\"comment\",\"perms\":\"visa:comment:list\",\"routeName\":\"\",\"status\":\"0\",\"updateBy\":\"admin\",\"visible\":\"0\"} ','{\"msg\":\"操作成功\",\"code\":200}',0,NULL,'2026-02-20 19:22:47',69),(337,'签证评价',3,'com.ruoyi.visa.controller.VisaCommentController.remove()','DELETE',1,'admin','研发部门','/visa/comment/1','127.0.0.1','内网IP','[1] ','{\"msg\":\"操作成功\",\"code\":200}',0,NULL,'2026-02-20 19:56:22',55),(338,'签证评价',3,'com.ruoyi.visa.controller.VisaCommentController.remove()','DELETE',1,'admin','研发部门','/visa/comment/2','127.0.0.1','内网IP','[2] ','{\"msg\":\"操作成功\",\"code\":200}',0,NULL,'2026-02-20 19:56:24',14),(339,'签证订单',2,'com.ruoyi.visa.controller.VisaOrderController.edit()','PUT',1,'admin','研发部门','/visa/order','127.0.0.1','内网IP','{\"auditRemark\":\"[{\\\"text\\\":\\\"\\\",\\\"file\\\":\\\"\\\"}]\",\"id\":15,\"params\":{},\"status\":7,\"updateTime\":\"2026-02-23 13:20:48\"} ','{\"msg\":\"操作成功\",\"code\":200}',0,NULL,'2026-02-23 13:20:48',72),(340,'签证订单',2,'com.ruoyi.visa.controller.VisaOrderController.edit()','PUT',1,'admin','研发部门','/visa/order','127.0.0.1','内网IP','{\"auditRemark\":\"[{\\\"text\\\":\\\"\\\",\\\"file\\\":\\\"\\\"}]\",\"id\":15,\"interviewSlots\":\"[\\\"2026-02-27 00:00:00\\\"]\",\"params\":{},\"status\":7,\"updateTime\":\"2026-02-23 13:21:09\"} ','{\"msg\":\"操作成功\",\"code\":200}',0,NULL,'2026-02-23 13:21:09',10),(341,'签证订单',2,'com.ruoyi.visa.controller.VisaOrderController.edit()','PUT',1,'admin','研发部门','/visa/order','127.0.0.1','内网IP','{\"id\":15,\"interviewFile\":\"/profile/upload/2026/02/23/开题报告_20260223132136A004.doc\",\"params\":{},\"updateTime\":\"2026-02-23 13:21:38\"} ','{\"msg\":\"操作成功\",\"code\":200}',0,NULL,'2026-02-23 13:21:38',10),(342,'签证订单',2,'com.ruoyi.visa.controller.VisaOrderController.edit()','PUT',1,'admin','研发部门','/visa/order','127.0.0.1','内网IP','{\"id\":15,\"params\":{},\"status\":5,\"trackingNumber\":\"111\",\"updateTime\":\"2026-02-23 13:22:07\",\"visaResult\":\"[{\\\"status\\\":1,\\\"memo\\\":\\\"\\\"}]\"} ','{\"msg\":\"操作成功\",\"code\":200}',0,NULL,'2026-02-23 13:22:07',14),(343,'签证评价',2,'com.ruoyi.visa.controller.VisaCommentController.edit()','PUT',1,'admin','研发部门','/visa/comment','127.0.0.1','内网IP','{\"adminReply\":\"谢谢支持\",\"id\":6,\"params\":{},\"replyTime\":\"2026-03-09\"} ','{\"msg\":\"操作成功\",\"code\":200}',0,NULL,'2026-03-09 08:43:35',129),(344,'签证订单',2,'com.ruoyi.visa.controller.VisaOrderController.edit()','PUT',1,'admin','研发部门','/visa/order','127.0.0.1','内网IP','{\"auditRemark\":\"[{\\\"text\\\":\\\"\\\",\\\"file\\\":\\\"\\\"},{\\\"text\\\":\\\"\\\",\\\"file\\\":\\\"\\\"}]\",\"id\":18,\"params\":{},\"status\":9,\"updateTime\":\"2026-03-09 09:45:52\"} ','{\"msg\":\"操作成功\",\"code\":200}',0,NULL,'2026-03-09 09:45:52',27),(345,'签证订单',2,'com.ruoyi.visa.controller.VisaOrderController.edit()','PUT',1,'admin','研发部门','/visa/order','127.0.0.1','内网IP','{\"id\":18,\"params\":{},\"remark\":\"管理员已签收实体材料，流程继续\",\"status\":7,\"updateTime\":\"2026-03-09 10:19:55\"} ','{\"msg\":\"操作成功\",\"code\":200}',0,NULL,'2026-03-09 10:19:55',59),(346,'代码生成',6,'com.ruoyi.generator.controller.GenController.importTableSave()','POST',1,'admin','研发部门','/tool/gen/importTable','127.0.0.1','内网IP','{\"tables\":\"order_message\"}','{\"msg\":\"操作成功\",\"code\":200}',0,NULL,'2026-03-09 10:54:21',190),(347,'代码生成',2,'com.ruoyi.generator.controller.GenController.editSave()','PUT',1,'admin','研发部门','/tool/gen','127.0.0.1','内网IP','{\"businessName\":\"message\",\"className\":\"OrderMessage\",\"columns\":[{\"capJavaField\":\"Id\",\"columnComment\":\"消息ID\",\"columnId\":96,\"columnName\":\"id\",\"columnType\":\"bigint\",\"createBy\":\"admin\",\"createTime\":\"2026-03-09 10:54:21\",\"dictType\":\"\",\"edit\":false,\"htmlType\":\"input\",\"increment\":true,\"insert\":true,\"isIncrement\":\"1\",\"isInsert\":\"1\",\"isPk\":\"1\",\"isRequired\":\"0\",\"javaField\":\"id\",\"javaType\":\"Long\",\"list\":false,\"params\":{},\"pk\":true,\"query\":false,\"queryType\":\"EQ\",\"required\":false,\"sort\":1,\"superColumn\":false,\"tableId\":10,\"updateBy\":\"\",\"usableColumn\":false},{\"capJavaField\":\"OrderId\",\"columnComment\":\"关联订单ID(0为通用咨询)\",\"columnId\":97,\"columnName\":\"order_id\",\"columnType\":\"bigint\",\"createBy\":\"admin\",\"createTime\":\"2026-03-09 10:54:21\",\"dictType\":\"\",\"edit\":true,\"htmlType\":\"input\",\"increment\":false,\"insert\":true,\"isEdit\":\"1\",\"isIncrement\":\"0\",\"isInsert\":\"1\",\"isList\":\"1\",\"isPk\":\"0\",\"isQuery\":\"1\",\"isRequired\":\"0\",\"javaField\":\"orderId\",\"javaType\":\"Long\",\"list\":true,\"params\":{},\"pk\":false,\"query\":true,\"queryType\":\"EQ\",\"required\":false,\"sort\":2,\"superColumn\":false,\"tableId\":10,\"updateBy\":\"\",\"usableColumn\":false},{\"capJavaField\":\"SenderType\",\"columnComment\":\"发送者类型(1:客户 2:管理员)\",\"columnId\":98,\"columnName\":\"sender_type\",\"columnType\":\"tinyint(1)\",\"createBy\":\"admin\",\"createTime\":\"2026-03-09 10:54:21\",\"dictType\":\"\",\"edit\":true,\"htmlType\":\"select\",\"increment\":false,\"insert\":true,\"isEdit\":\"1\",\"isIncrement\":\"0\",\"isInsert\":\"1\",\"isList\":\"1\",\"isPk\":\"0\",\"isQuery\":\"1\",\"isRequired\":\"1\",\"javaField\":\"senderType\",\"javaType\":\"Integer\",\"list\":true,\"params\":{},\"pk\":false,\"query\":true,\"queryType\":\"EQ\",\"required\":true,\"sort\":3,\"superColumn\":false,\"tableId\":10,\"updateBy\":\"\",\"usableColumn\":false},{\"capJavaField\":\"Content\",\"columnComment\":\"消息内容\",\"columnId\":99,\"columnName\":\"content\",\"columnType\":\"text\",\"createBy\":\"admin\",\"createTime\":\"2026-03-09 10:54:21\",\"dictType\":\"\",\"edit\":true,\"htmlType\":\"editor\",\"increment\":false,\"insert\":true,\"isEdit\":\"1\",\"isIncrement\":\"0\",\"isInsert\":\"1\",\"isList\":\"1\",\"isPk\":\"0\",\"isQuery\":\"1\",\"isRequ','{\"msg\":\"操作成功\",\"code\":200}',0,NULL,'2026-03-09 10:54:39',84),(348,'代码生成',8,'com.ruoyi.generator.controller.GenController.batchGenCode()','GET',1,'admin','研发部门','/tool/gen/batchGenCode','127.0.0.1','内网IP','{\"tables\":\"order_message\"}',NULL,0,NULL,'2026-03-09 10:54:45',819),(349,'菜单管理',2,'com.ruoyi.web.controller.system.SysMenuController.edit()','PUT',1,'admin','研发部门','/system/menu','127.0.0.1','内网IP','{\"children\":[],\"component\":\"visa/message/index\",\"createTime\":\"2026-03-09 10:55:29\",\"icon\":\"email\",\"isCache\":\"0\",\"isFrame\":\"1\",\"menuId\":2069,\"menuName\":\"订单留言记录\",\"menuType\":\"C\",\"orderNum\":1,\"params\":{},\"parentId\":0,\"path\":\"message\",\"perms\":\"visa:message:list\",\"routeName\":\"\",\"status\":\"0\",\"updateBy\":\"admin\",\"visible\":\"0\"} ','{\"msg\":\"操作成功\",\"code\":200}',0,NULL,'2026-03-09 10:58:00',37),(350,'菜单管理',1,'com.ruoyi.web.controller.system.SysMenuController.add()','POST',1,'admin','研发部门','/system/menu','127.0.0.1','内网IP','{\"children\":[],\"component\":\"visa/chat/index\",\"createBy\":\"admin\",\"icon\":\"wechat\",\"isCache\":\"0\",\"isFrame\":\"1\",\"menuName\":\"在线客服中心\",\"menuType\":\"C\",\"orderNum\":1,\"params\":{},\"parentId\":0,\"path\":\"chat\",\"perms\":\"visa:chat:list\",\"status\":\"0\",\"visible\":\"0\"} ','{\"msg\":\"操作成功\",\"code\":200}',0,NULL,'2026-03-09 11:18:44',402),(351,'用户头像',2,'com.ruoyi.web.controller.system.SysProfileController.avatar()','POST',1,'admin','研发部门','/system/user/profile/avatar','127.0.0.1','内网IP','','{\"msg\":\"操作成功\",\"imgUrl\":\"/profile/avatar/2026/03/25/ba30dd08e6a1467ea32ad38fa6ce0485.jpg\",\"code\":200}',0,NULL,'2026-03-25 07:37:49',60),(352,'个人信息',2,'com.ruoyi.web.controller.system.SysProfileController.updateProfile()','PUT',1,'admin','研发部门','/system/user/profile','127.0.0.1','内网IP','{\"admin\":false,\"email\":\"ry@163.com\",\"nickName\":\"bella\",\"params\":{},\"phonenumber\":\"15888888888\",\"sex\":\"1\"} ','{\"msg\":\"操作成功\",\"code\":200}',0,NULL,'2026-03-25 07:37:51',19),(353,'国家配置',2,'com.ruoyi.visa.controller.VisaCountryController.edit()','PUT',1,'admin','研发部门','/visa/country','127.0.0.1','内网IP','{\"code\":\"USA\",\"continent\":\"北美洲\",\"flagUrl\":\"/profile/upload/2026/03/25/pexels-pixabay-261403_20260325153811A001.jpg\",\"id\":1,\"name\":\"美国\",\"params\":{},\"sort\":1,\"status\":\"1\"} ','{\"msg\":\"操作成功\",\"code\":200}',0,NULL,'2026-03-25 07:38:14',16),(354,'签证产品',2,'com.ruoyi.visa.controller.VisaProductController.edit()','PUT',1,'admin','研发部门','/visa/product','127.0.0.1','内网IP','{\"countryId\":1,\"countryName\":\"美国\",\"coverArea\":\"北京、天津、河北、山西、内蒙古、山东、湖北、湖南、江西\",\"districtId\":1,\"districtName\":\"北京领区\",\"id\":1,\"image\":\"/profile/upload/2026/03/25/pexels-pixabay-261403_20260325154225A003.jpg\",\"isInterviewRequired\":1,\"maxStayDays\":\"180天\",\"params\":{},\"price\":0.01,\"processingTime\":\"12天\",\"requirementsConfig\":\"[{\\\"desc\\\":\\\"不能反光\\\",\\\"name\\\":\\\"护照首页\\\",\\\"type\\\":\\\"image\\\",\\\"required\\\":true,\\\"templateUrl\\\":\\\"http://localhost:8080/profile/upload/2026/01/26/微信图片_20260122102019_284_5_20260126094337A004.jpg\\\",\\\"templateName\\\":\\\"微信图片_20260122102019_284_5.jpg\\\"},{\\\"desc\\\":\\\"不能反光\\\",\\\"name\\\":\\\"照片\\\",\\\"type\\\":\\\"image\\\",\\\"required\\\":true,\\\"templateUrl\\\":\\\"\\\",\\\"templateName\\\":\\\"\\\"},{\\\"desc\\\":\\\"看模板\\\",\\\"name\\\":\\\"邀请函\\\",\\\"type\\\":\\\"image\\\",\\\"required\\\":true,\\\"templateUrl\\\":\\\"http://localhost:8080/profile/upload/2026/01/26/A 2021 Guide to improving CNNs_20260126094515A005.docx\\\",\\\"templateName\\\":\\\"A 2021 Guide to improving CNNs.docx\\\"},{\\\"desc\\\":\\\"\\\",\\\"name\\\":\\\"姓名\\\",\\\"type\\\":\\\"text\\\",\\\"required\\\":true,\\\"templateUrl\\\":\\\"\\\",\\\"templateName\\\":\\\"\\\"},{\\\"desc\\\":\\\"\\\",\\\"name\\\":\\\"地址\\\",\\\"type\\\":\\\"text\\\",\\\"required\\\":true,\\\"templateUrl\\\":\\\"\\\",\\\"templateName\\\":\\\"\\\"}]\",\"status\":1,\"title\":\"美国B1/B2十年多次签证\",\"typeId\":1,\"typeName\":\"旅游签\",\"validityPeriod\":\"10年\"} ','{\"msg\":\"操作成功\",\"code\":200}',0,NULL,'2026-03-25 07:42:27',21),(355,'签证产品',2,'com.ruoyi.visa.controller.VisaProductController.edit()','PUT',1,'admin','研发部门','/visa/product','127.0.0.1','内网IP','{\"countryId\":1,\"countryName\":\"美国\",\"coverArea\":\"北京、天津、河北、山西、内蒙古、山东、湖北、湖南、江西\",\"districtId\":1,\"districtName\":\"北京领区\",\"id\":1,\"image\":\"/profile/upload/2026/03/25/pexels-fsoerensen-2404843_20260325154709A004.jpg\",\"isInterviewRequired\":1,\"maxStayDays\":\"180天\",\"params\":{},\"price\":0.01,\"processingTime\":\"12天\",\"requirementsConfig\":\"[{\\\"desc\\\":\\\"不能反光\\\",\\\"name\\\":\\\"护照首页\\\",\\\"type\\\":\\\"image\\\",\\\"required\\\":true,\\\"templateUrl\\\":\\\"http://localhost:8080/profile/upload/2026/01/26/微信图片_20260122102019_284_5_20260126094337A004.jpg\\\",\\\"templateName\\\":\\\"微信图片_20260122102019_284_5.jpg\\\"},{\\\"desc\\\":\\\"不能反光\\\",\\\"name\\\":\\\"照片\\\",\\\"type\\\":\\\"image\\\",\\\"required\\\":true,\\\"templateUrl\\\":\\\"\\\",\\\"templateName\\\":\\\"\\\"},{\\\"desc\\\":\\\"看模板\\\",\\\"name\\\":\\\"邀请函\\\",\\\"type\\\":\\\"image\\\",\\\"required\\\":true,\\\"templateUrl\\\":\\\"http://localhost:8080/profile/upload/2026/01/26/A 2021 Guide to improving CNNs_20260126094515A005.docx\\\",\\\"templateName\\\":\\\"A 2021 Guide to improving CNNs.docx\\\"},{\\\"desc\\\":\\\"\\\",\\\"name\\\":\\\"姓名\\\",\\\"type\\\":\\\"text\\\",\\\"required\\\":true,\\\"templateUrl\\\":\\\"\\\",\\\"templateName\\\":\\\"\\\"},{\\\"desc\\\":\\\"\\\",\\\"name\\\":\\\"地址\\\",\\\"type\\\":\\\"text\\\",\\\"required\\\":true,\\\"templateUrl\\\":\\\"\\\",\\\"templateName\\\":\\\"\\\"}]\",\"status\":1,\"title\":\"美国B1/B2十年多次签证\",\"typeId\":1,\"typeName\":\"旅游签\",\"validityPeriod\":\"10年\"} ','{\"msg\":\"操作成功\",\"code\":200}',0,NULL,'2026-03-25 07:47:12',12),(356,'签证产品',2,'com.ruoyi.visa.controller.VisaProductController.edit()','PUT',1,'admin','研发部门','/visa/product','127.0.0.1','内网IP','{\"countryId\":2,\"countryName\":\"日本\",\"coverArea\":\"全国\",\"districtId\":3,\"districtName\":\"全国通用\",\"id\":2,\"image\":\"/profile/upload/2026/03/25/pexels-dsd-143941-3917809_20260325154947A005.jpg\",\"isInterviewRequired\":0,\"maxStayDays\":\"30天\",\"params\":{},\"price\":0.01,\"processingTime\":\"5天\",\"requirementsConfig\":\"[{\\\"desc\\\":\\\"不能反光\\\",\\\"name\\\":\\\"护照\\\",\\\"type\\\":\\\"image\\\",\\\"required\\\":true,\\\"templateUrl\\\":\\\"\\\",\\\"templateName\\\":\\\"\\\"},{\\\"desc\\\":\\\"\\\",\\\"name\\\":\\\"行程单\\\",\\\"type\\\":\\\"file\\\",\\\"required\\\":true,\\\"templateUrl\\\":\\\"\\\",\\\"templateName\\\":\\\"\\\"}]\",\"status\":1,\"title\":\"日本旅游签证\",\"typeId\":1,\"typeName\":\"旅游签\",\"validityPeriod\":\"3年\"} ','{\"msg\":\"操作成功\",\"code\":200}',0,NULL,'2026-03-25 07:49:49',12),(357,'国家配置',2,'com.ruoyi.visa.controller.VisaCountryController.edit()','PUT',1,'admin','研发部门','/visa/country','127.0.0.1','内网IP','{\"code\":\"USA\",\"continent\":\"北美洲\",\"flagUrl\":\"/profile/upload/2026/03/25/pexels-sharefaith-491036-1202723_20260325155056A006.jpg\",\"id\":1,\"name\":\"美国\",\"params\":{},\"sort\":1,\"status\":\"1\"} ','{\"msg\":\"操作成功\",\"code\":200}',0,NULL,'2026-03-25 07:50:58',14),(358,'国家配置',2,'com.ruoyi.visa.controller.VisaCountryController.edit()','PUT',1,'admin','研发部门','/visa/country','127.0.0.1','内网IP','{\"code\":\"JP\",\"continent\":\"亚洲\",\"flagUrl\":\"/profile/upload/2026/03/25/pexels-viridianaor-30856678_20260325155208A007.jpg\",\"id\":2,\"name\":\"日本\",\"params\":{},\"sort\":2,\"status\":\"1\"} ','{\"msg\":\"操作成功\",\"code\":200}',0,NULL,'2026-03-25 07:52:09',4),(359,'C端客户',2,'com.ruoyi.visa.controller.CCustomerController.edit()','PUT',1,'admin','研发部门','/visa/customer','127.0.0.1','内网IP','{\"avatar\":\"/profile/upload/2026/03/26/f36eb624bba777c39ca251bd14bfe541_20260326114837A001.jpeg\",\"createBy\":\"\",\"createTime\":\"2026-01-26 09:58:51\",\"delFlag\":\"2\",\"email\":\"jinghanyang930@gmail.com\",\"id\":1,\"idCard\":\"111111111122223333\",\"loginDate\":\"2026-03-25\",\"loginIp\":\"127.0.0.1\",\"nickname\":\"bella yang\",\"params\":{},\"phone\":\"15611854093\",\"realName\":\"yjh\",\"remark\":\"111\",\"sex\":\"1\",\"status\":\"1\",\"updateBy\":\"\",\"updateTime\":\"2026-03-26 11:48:39\"} ','{\"msg\":\"操作成功\",\"code\":200}',0,NULL,'2026-03-26 03:48:39',22),(360,'代码生成',2,'com.ruoyi.generator.controller.GenController.synchDb()','GET',1,'admin','研发部门','/tool/gen/synchDb/visa_order','127.0.0.1','内网IP','{}','{\"msg\":\"操作成功\",\"code\":200}',0,NULL,'2026-03-27 00:01:28',129),(361,'国家配置',1,'com.ruoyi.visa.controller.VisaCountryController.add()','POST',1,'admin','研发部门','/visa/country','127.0.0.1','内网IP','{\"code\":\"Australia\",\"continent\":\"大洋洲\",\"flagUrl\":\"/profile/upload/2026/03/27/pexels-ben-mack-5707602_20260327082913A001.jpg\",\"id\":5,\"name\":\"澳大利亚\",\"params\":{},\"sort\":3} ','{\"msg\":\"操作成功\",\"code\":200}',0,NULL,'2026-03-27 00:29:17',22),(362,'国家状态',2,'com.ruoyi.visa.controller.VisaCountryController.changeStatus()','PUT',1,'admin','研发部门','/visa/country/changeStatus/5/1','127.0.0.1','内网IP','5 \"1\" ','{\"msg\":\"操作成功\",\"code\":200}',0,NULL,'2026-03-27 00:29:20',13),(363,'签证产品',1,'com.ruoyi.visa.controller.VisaProductController.add()','POST',1,'admin','研发部门','/visa/product','127.0.0.1','内网IP','{\"countryId\":5,\"createTime\":\"2026-03-27 08:32:53\",\"districtId\":3,\"id\":3,\"image\":\"/profile/upload/2026/03/27/pexels-ben-mack-5707602_20260327083051A002.jpg\",\"isInterviewRequired\":0,\"maxStayDays\":\"30天\",\"params\":{},\"price\":0.01,\"processingTime\":\"3天\",\"requirementsConfig\":\"[{\\\"name\\\":\\\"护照首页复印件\\\",\\\"type\\\":\\\"image\\\",\\\"required\\\":true,\\\"desc\\\":\\\"彩色扫描件，包含个人信息页及所有含签证/盖章的页面\\\",\\\"templateName\\\":\\\"\\\",\\\"templateUrl\\\":\\\"\\\"},{\\\"name\\\":\\\"电子照片\\\",\\\"type\\\":\\\"image\\\",\\\"required\\\":true,\\\"desc\\\":\\\"近6个月内拍摄的35mm*45mm白底彩色免冠照片\\\",\\\"templateName\\\":\\\"\\\",\\\"templateUrl\\\":\\\"\\\"},{\\\"name\\\":\\\"行程安排\\\",\\\"type\\\":\\\"file\\\",\\\"required\\\":true,\\\"desc\\\":\\\"简单的英文行程单（旅游路线）\\\",\\\"templateName\\\":\\\"01、开题报告 2 - 副本.doc\\\",\\\"templateUrl\\\":\\\"http://localhost:8080/profile/upload/2026/03/27/01、开题报告 2 - 副本_20260327083218A003.doc\\\"}]\",\"title\":\"澳大利亚3年多次往返旅游签\",\"typeId\":1,\"validityPeriod\":\"3年\"} ','{\"msg\":\"操作成功\",\"code\":200}',0,NULL,'2026-03-27 00:32:53',35),(364,'国家配置',2,'com.ruoyi.visa.controller.VisaCountryController.edit()','PUT',1,'admin','研发部门','/visa/country','127.0.0.1','内网IP','{\"code\":\"Australia\",\"continent\":\"大洋洲\",\"flagUrl\":\"/profile/upload/2026/03/27/pexels-alwaysontheroad-1766215_20260327083324A004.jpg\",\"id\":5,\"name\":\"澳大利亚\",\"params\":{},\"sort\":3,\"status\":\"1\"} ','{\"msg\":\"操作成功\",\"code\":200}',0,NULL,'2026-03-27 00:33:26',13),(365,'签证产品',2,'com.ruoyi.visa.controller.VisaProductController.edit()','PUT',1,'admin','研发部门','/visa/product','127.0.0.1','内网IP','{\"countryId\":2,\"countryName\":\"日本\",\"coverArea\":\"全国\",\"districtId\":3,\"districtName\":\"全国通用\",\"id\":2,\"image\":\"/profile/upload/2026/03/25/pexels-dsd-143941-3917809_20260325154947A005.jpg\",\"isInterviewRequired\":0,\"maxStayDays\":\"30天\",\"params\":{},\"price\":1,\"processingTime\":\"5天\",\"requirementsConfig\":\"[{\\\"desc\\\":\\\"不能反光\\\",\\\"name\\\":\\\"护照\\\",\\\"type\\\":\\\"image\\\",\\\"required\\\":true,\\\"templateUrl\\\":\\\"\\\",\\\"templateName\\\":\\\"\\\"},{\\\"desc\\\":\\\"\\\",\\\"name\\\":\\\"行程单\\\",\\\"type\\\":\\\"file\\\",\\\"required\\\":true,\\\"templateUrl\\\":\\\"\\\",\\\"templateName\\\":\\\"\\\"}]\",\"status\":1,\"title\":\"日本旅游签证\",\"typeId\":1,\"typeName\":\"旅游签\",\"validityPeriod\":\"3年\"} ','{\"msg\":\"操作成功\",\"code\":200}',0,NULL,'2026-03-27 05:20:15',16),(366,'签证产品',2,'com.ruoyi.visa.controller.VisaProductController.edit()','PUT',1,'admin','研发部门','/visa/product','127.0.0.1','内网IP','{\"countryId\":1,\"countryName\":\"美国\",\"coverArea\":\"北京、天津、河北、山西、内蒙古、山东、湖北、湖南、江西\",\"districtId\":1,\"districtName\":\"北京领区\",\"id\":1,\"image\":\"/profile/upload/2026/03/25/pexels-fsoerensen-2404843_20260325154709A004.jpg\",\"isInterviewRequired\":1,\"maxStayDays\":\"180天\",\"params\":{},\"price\":1,\"processingTime\":\"12天\",\"requirementsConfig\":\"[{\\\"desc\\\":\\\"不能反光\\\",\\\"name\\\":\\\"护照首页\\\",\\\"type\\\":\\\"image\\\",\\\"required\\\":true,\\\"templateUrl\\\":\\\"http://localhost:8080/profile/upload/2026/01/26/微信图片_20260122102019_284_5_20260126094337A004.jpg\\\",\\\"templateName\\\":\\\"微信图片_20260122102019_284_5.jpg\\\"},{\\\"desc\\\":\\\"不能反光\\\",\\\"name\\\":\\\"照片\\\",\\\"type\\\":\\\"image\\\",\\\"required\\\":true,\\\"templateUrl\\\":\\\"\\\",\\\"templateName\\\":\\\"\\\"},{\\\"desc\\\":\\\"看模板\\\",\\\"name\\\":\\\"邀请函\\\",\\\"type\\\":\\\"image\\\",\\\"required\\\":true,\\\"templateUrl\\\":\\\"http://localhost:8080/profile/upload/2026/01/26/A 2021 Guide to improving CNNs_20260126094515A005.docx\\\",\\\"templateName\\\":\\\"A 2021 Guide to improving CNNs.docx\\\"},{\\\"desc\\\":\\\"\\\",\\\"name\\\":\\\"姓名\\\",\\\"type\\\":\\\"text\\\",\\\"required\\\":true,\\\"templateUrl\\\":\\\"\\\",\\\"templateName\\\":\\\"\\\"},{\\\"desc\\\":\\\"\\\",\\\"name\\\":\\\"地址\\\",\\\"type\\\":\\\"text\\\",\\\"required\\\":true,\\\"templateUrl\\\":\\\"\\\",\\\"templateName\\\":\\\"\\\"}]\",\"status\":1,\"title\":\"美国B1/B2十年多次签证\",\"typeId\":1,\"typeName\":\"旅游签\",\"validityPeriod\":\"10年\"} ','{\"msg\":\"操作成功\",\"code\":200}',0,NULL,'2026-03-27 05:20:22',11),(367,'签证产品',2,'com.ruoyi.visa.controller.VisaProductController.edit()','PUT',1,'admin','研发部门','/visa/product','127.0.0.1','内网IP','{\"countryId\":5,\"countryName\":\"澳大利亚\",\"coverArea\":\"全国\",\"districtId\":3,\"districtName\":\"全国通用\",\"id\":3,\"image\":\"/profile/upload/2026/03/27/pexels-ben-mack-5707602_20260327083051A002.jpg\",\"isInterviewRequired\":0,\"maxStayDays\":\"30天\",\"params\":{},\"price\":1,\"processingTime\":\"3天\",\"requirementsConfig\":\"[{\\\"desc\\\":\\\"彩色扫描件，包含个人信息页及所有含签证/盖章的页面\\\",\\\"name\\\":\\\"护照首页复印件\\\",\\\"type\\\":\\\"image\\\",\\\"required\\\":true,\\\"templateUrl\\\":\\\"\\\",\\\"templateName\\\":\\\"\\\"},{\\\"desc\\\":\\\"近6个月内拍摄的35mm*45mm白底彩色免冠照片\\\",\\\"name\\\":\\\"电子照片\\\",\\\"type\\\":\\\"image\\\",\\\"required\\\":true,\\\"templateUrl\\\":\\\"\\\",\\\"templateName\\\":\\\"\\\"},{\\\"desc\\\":\\\"简单的英文行程单（旅游路线）\\\",\\\"name\\\":\\\"行程安排\\\",\\\"type\\\":\\\"file\\\",\\\"required\\\":true,\\\"templateUrl\\\":\\\"http://localhost:8080/profile/upload/2026/03/27/01、开题报告 2 - 副本_20260327083218A003.doc\\\",\\\"templateName\\\":\\\"01、开题报告 2 - 副本.doc\\\"}]\",\"status\":1,\"title\":\"澳大利亚3年多次往返旅游签\",\"typeId\":1,\"typeName\":\"旅游签\",\"validityPeriod\":\"3年\"} ','{\"msg\":\"操作成功\",\"code\":200}',0,NULL,'2026-03-27 05:20:27',8),(368,'签证产品',2,'com.ruoyi.visa.controller.VisaProductController.edit()','PUT',1,'admin','研发部门','/visa/product','127.0.0.1','内网IP','{\"countryId\":1,\"countryName\":\"美国\",\"coverArea\":\"北京、天津、河北、山西、内蒙古、山东、湖北、湖南、江西\",\"districtId\":1,\"districtName\":\"北京领区\",\"id\":1,\"image\":\"/profile/upload/2026/03/25/pexels-fsoerensen-2404843_20260325154709A004.jpg\",\"isInterviewRequired\":1,\"maxStayDays\":\"180天\",\"params\":{},\"price\":100,\"processingTime\":\"12天\",\"requirementsConfig\":\"[{\\\"desc\\\":\\\"不能反光\\\",\\\"name\\\":\\\"护照首页\\\",\\\"type\\\":\\\"image\\\",\\\"required\\\":true,\\\"templateUrl\\\":\\\"http://localhost:8080/profile/upload/2026/01/26/微信图片_20260122102019_284_5_20260126094337A004.jpg\\\",\\\"templateName\\\":\\\"微信图片_20260122102019_284_5.jpg\\\"},{\\\"desc\\\":\\\"不能反光\\\",\\\"name\\\":\\\"照片\\\",\\\"type\\\":\\\"image\\\",\\\"required\\\":true,\\\"templateUrl\\\":\\\"\\\",\\\"templateName\\\":\\\"\\\"},{\\\"desc\\\":\\\"看模板\\\",\\\"name\\\":\\\"邀请函\\\",\\\"type\\\":\\\"image\\\",\\\"required\\\":true,\\\"templateUrl\\\":\\\"http://localhost:8080/profile/upload/2026/01/26/A 2021 Guide to improving CNNs_20260126094515A005.docx\\\",\\\"templateName\\\":\\\"A 2021 Guide to improving CNNs.docx\\\"},{\\\"desc\\\":\\\"\\\",\\\"name\\\":\\\"姓名\\\",\\\"type\\\":\\\"text\\\",\\\"required\\\":true,\\\"templateUrl\\\":\\\"\\\",\\\"templateName\\\":\\\"\\\"},{\\\"desc\\\":\\\"\\\",\\\"name\\\":\\\"地址\\\",\\\"type\\\":\\\"text\\\",\\\"required\\\":true,\\\"templateUrl\\\":\\\"\\\",\\\"templateName\\\":\\\"\\\"}]\",\"status\":1,\"title\":\"美国B1/B2十年多次签证\",\"typeId\":1,\"typeName\":\"旅游签\",\"validityPeriod\":\"10年\"} ','{\"msg\":\"操作成功\",\"code\":200}',0,NULL,'2026-03-27 05:21:51',43),(369,'签证产品',2,'com.ruoyi.visa.controller.VisaProductController.edit()','PUT',1,'admin','研发部门','/visa/product','127.0.0.1','内网IP','{\"countryId\":2,\"countryName\":\"日本\",\"coverArea\":\"全国\",\"districtId\":3,\"districtName\":\"全国通用\",\"id\":2,\"image\":\"/profile/upload/2026/03/25/pexels-dsd-143941-3917809_20260325154947A005.jpg\",\"isInterviewRequired\":0,\"maxStayDays\":\"30天\",\"params\":{},\"price\":100,\"processingTime\":\"5天\",\"requirementsConfig\":\"[{\\\"desc\\\":\\\"不能反光\\\",\\\"name\\\":\\\"护照\\\",\\\"type\\\":\\\"image\\\",\\\"required\\\":true,\\\"templateUrl\\\":\\\"\\\",\\\"templateName\\\":\\\"\\\"},{\\\"desc\\\":\\\"\\\",\\\"name\\\":\\\"行程单\\\",\\\"type\\\":\\\"file\\\",\\\"required\\\":true,\\\"templateUrl\\\":\\\"\\\",\\\"templateName\\\":\\\"\\\"}]\",\"status\":1,\"title\":\"日本旅游签证\",\"typeId\":1,\"typeName\":\"旅游签\",\"validityPeriod\":\"3年\"} ','{\"msg\":\"操作成功\",\"code\":200}',0,NULL,'2026-03-27 05:21:56',11),(370,'签证产品',2,'com.ruoyi.visa.controller.VisaProductController.edit()','PUT',1,'admin','研发部门','/visa/product','127.0.0.1','内网IP','{\"countryId\":5,\"countryName\":\"澳大利亚\",\"coverArea\":\"全国\",\"districtId\":3,\"districtName\":\"全国通用\",\"id\":3,\"image\":\"/profile/upload/2026/03/27/pexels-ben-mack-5707602_20260327083051A002.jpg\",\"isInterviewRequired\":0,\"maxStayDays\":\"30天\",\"params\":{},\"price\":100,\"processingTime\":\"3天\",\"requirementsConfig\":\"[{\\\"desc\\\":\\\"彩色扫描件，包含个人信息页及所有含签证/盖章的页面\\\",\\\"name\\\":\\\"护照首页复印件\\\",\\\"type\\\":\\\"image\\\",\\\"required\\\":true,\\\"templateUrl\\\":\\\"\\\",\\\"templateName\\\":\\\"\\\"},{\\\"desc\\\":\\\"近6个月内拍摄的35mm*45mm白底彩色免冠照片\\\",\\\"name\\\":\\\"电子照片\\\",\\\"type\\\":\\\"image\\\",\\\"required\\\":true,\\\"templateUrl\\\":\\\"\\\",\\\"templateName\\\":\\\"\\\"},{\\\"desc\\\":\\\"简单的英文行程单（旅游路线）\\\",\\\"name\\\":\\\"行程安排\\\",\\\"type\\\":\\\"file\\\",\\\"required\\\":true,\\\"templateUrl\\\":\\\"http://localhost:8080/profile/upload/2026/03/27/01、开题报告 2 - 副本_20260327083218A003.doc\\\",\\\"templateName\\\":\\\"01、开题报告 2 - 副本.doc\\\"}]\",\"status\":1,\"title\":\"澳大利亚3年多次往返旅游签\",\"typeId\":1,\"typeName\":\"旅游签\",\"validityPeriod\":\"3年\"} ','{\"msg\":\"操作成功\",\"code\":200}',0,NULL,'2026-03-27 05:22:01',11),(371,'代码生成',6,'com.ruoyi.generator.controller.GenController.importTableSave()','POST',1,'admin','研发部门','/tool/gen/importTable','127.0.0.1','内网IP','{\"tables\":\"visa_order_applicant\"}','{\"msg\":\"操作成功\",\"code\":200}',0,NULL,'2026-03-28 01:19:23',136),(372,'代码生成',2,'com.ruoyi.generator.controller.GenController.editSave()','PUT',1,'admin','研发部门','/tool/gen','127.0.0.1','内网IP','{\"businessName\":\"applicant\",\"className\":\"VisaOrderApplicant\",\"columns\":[{\"capJavaField\":\"Id\",\"columnComment\":\"主键ID\",\"columnId\":106,\"columnName\":\"id\",\"columnType\":\"bigint\",\"createBy\":\"admin\",\"createTime\":\"2026-03-28 01:19:23\",\"dictType\":\"\",\"edit\":false,\"htmlType\":\"input\",\"increment\":true,\"insert\":true,\"isIncrement\":\"1\",\"isInsert\":\"1\",\"isPk\":\"1\",\"isRequired\":\"0\",\"javaField\":\"id\",\"javaType\":\"Long\",\"list\":false,\"params\":{},\"pk\":true,\"query\":false,\"queryType\":\"EQ\",\"required\":false,\"sort\":1,\"superColumn\":false,\"tableId\":11,\"updateBy\":\"\",\"usableColumn\":false},{\"capJavaField\":\"OrderId\",\"columnComment\":\"关联订单ID\",\"columnId\":107,\"columnName\":\"order_id\",\"columnType\":\"bigint\",\"createBy\":\"admin\",\"createTime\":\"2026-03-28 01:19:23\",\"dictType\":\"\",\"edit\":true,\"htmlType\":\"input\",\"increment\":false,\"insert\":true,\"isEdit\":\"1\",\"isIncrement\":\"0\",\"isInsert\":\"1\",\"isList\":\"1\",\"isPk\":\"0\",\"isQuery\":\"1\",\"isRequired\":\"1\",\"javaField\":\"orderId\",\"javaType\":\"Long\",\"list\":true,\"params\":{},\"pk\":false,\"query\":true,\"queryType\":\"EQ\",\"required\":true,\"sort\":2,\"superColumn\":false,\"tableId\":11,\"updateBy\":\"\",\"usableColumn\":false},{\"capJavaField\":\"OrderNo\",\"columnComment\":\"关联订单号\",\"columnId\":108,\"columnName\":\"order_no\",\"columnType\":\"varchar(32)\",\"createBy\":\"admin\",\"createTime\":\"2026-03-28 01:19:23\",\"dictType\":\"\",\"edit\":true,\"htmlType\":\"input\",\"increment\":false,\"insert\":true,\"isEdit\":\"1\",\"isIncrement\":\"0\",\"isInsert\":\"1\",\"isList\":\"1\",\"isPk\":\"0\",\"isQuery\":\"1\",\"isRequired\":\"1\",\"javaField\":\"orderNo\",\"javaType\":\"String\",\"list\":true,\"params\":{},\"pk\":false,\"query\":true,\"queryType\":\"EQ\",\"required\":true,\"sort\":3,\"superColumn\":false,\"tableId\":11,\"updateBy\":\"\",\"usableColumn\":false},{\"capJavaField\":\"Name\",\"columnComment\":\"姓名\",\"columnId\":109,\"columnName\":\"name\",\"columnType\":\"varchar(50)\",\"createBy\":\"admin\",\"createTime\":\"2026-03-28 01:19:23\",\"dictType\":\"\",\"edit\":true,\"htmlType\":\"input\",\"increment\":false,\"insert\":true,\"isEdit\":\"1\",\"isIncrement\":\"0\",\"isInsert\":\"1\",\"isList\":\"1\",\"isPk\":\"0\",\"isQuery\":\"1\",\"isRequired\":\"1\",\"javaField\"','{\"msg\":\"操作成功\",\"code\":200}',0,NULL,'2026-03-28 01:19:49',32),(373,'代码生成',8,'com.ruoyi.generator.controller.GenController.batchGenCode()','GET',1,'admin','研发部门','/tool/gen/batchGenCode','127.0.0.1','内网IP','{\"tables\":\"visa_order_applicant\"}',NULL,0,NULL,'2026-03-28 01:19:53',98),(374,'菜单管理',2,'com.ruoyi.web.controller.system.SysMenuController.edit()','PUT',1,'admin','研发部门','/system/menu','127.0.0.1','内网IP','{\"children\":[],\"component\":\"visa/applicant/index\",\"createTime\":\"2026-03-28 01:20:21\",\"icon\":\"documentation\",\"isCache\":\"0\",\"isFrame\":\"1\",\"menuId\":2076,\"menuName\":\"订单申请人基本信息\",\"menuType\":\"C\",\"orderNum\":1,\"params\":{},\"parentId\":2055,\"path\":\"applicant\",\"perms\":\"visa:applicant:list\",\"routeName\":\"\",\"status\":\"0\",\"updateBy\":\"admin\",\"visible\":\"0\"} ','{\"msg\":\"操作成功\",\"code\":200}',0,NULL,'2026-03-28 01:24:25',22),(375,'菜单管理',2,'com.ruoyi.web.controller.system.SysMenuController.edit()','PUT',1,'admin','研发部门','/system/menu','127.0.0.1','内网IP','{\"children\":[],\"component\":\"visa/applicant/index\",\"createTime\":\"2026-03-28 01:20:21\",\"icon\":\"documentation\",\"isCache\":\"0\",\"isFrame\":\"1\",\"menuId\":2076,\"menuName\":\"订单申请人基本信息\",\"menuType\":\"C\",\"orderNum\":1,\"params\":{},\"parentId\":2054,\"path\":\"applicant\",\"perms\":\"visa:applicant:list\",\"routeName\":\"\",\"status\":\"0\",\"updateBy\":\"admin\",\"visible\":\"0\"} ','{\"msg\":\"操作成功\",\"code\":200}',0,NULL,'2026-03-28 01:24:50',23),(376,'签证产品',2,'com.ruoyi.visa.controller.VisaProductController.edit()','PUT',1,'admin','研发部门','/visa/product','127.0.0.1','内网IP','{\"countryId\":5,\"countryName\":\"澳大利亚\",\"coverArea\":\"全国\",\"districtId\":3,\"districtName\":\"全国通用\",\"id\":3,\"image\":\"/profile/upload/2026/03/27/pexels-ben-mack-5707602_20260327083051A002.jpg\",\"isInterviewRequired\":0,\"maxStayDays\":\"30天\",\"params\":{},\"price\":100,\"processingTime\":\"3天\",\"requirementsConfig\":\"[{\\\"name\\\":\\\"护照首页\\\",\\\"type\\\":\\\"image\\\",\\\"required\\\":true,\\\"desc\\\":\\\"彩色扫描件，有效期需在6个月以上\\\",\\\"templateName\\\":\\\"\\\",\\\"templateUrl\\\":\\\"\\\",\\\"targetGroup\\\":\\\"ALL\\\"},{\\\"name\\\":\\\"电子照片\\\",\\\"type\\\":\\\"image\\\",\\\"required\\\":true,\\\"desc\\\":\\\"近6个月拍摄的3.5*4.5cm白底彩照\\\",\\\"templateName\\\":\\\"\\\",\\\"templateUrl\\\":\\\"\\\",\\\"targetGroup\\\":\\\"ALL\\\"},{\\\"name\\\":\\\"全家户口本\\\",\\\"type\\\":\\\"image\\\",\\\"required\\\":true,\\\"desc\\\":\\\"包含户主页及所有成员页的彩色扫描件\\\",\\\"templateName\\\":\\\"\\\",\\\"templateUrl\\\":\\\"\\\",\\\"targetGroup\\\":\\\"ALL\\\"},{\\\"name\\\":\\\"资产证明(银行流水)\\\",\\\"type\\\":\\\"file\\\",\\\"required\\\":false,\\\"desc\\\":\\\"最近6个月工资卡或储蓄卡对账单，余额5万以上\\\",\\\"templateName\\\":\\\"\\\",\\\"templateUrl\\\":\\\"\\\",\\\"targetGroup\\\":\\\"EMPLOYED\\\"},{\\\"name\\\":\\\"在职证明\\\",\\\"type\\\":\\\"file\\\",\\\"required\\\":false,\\\"desc\\\":\\\"使用公司抬头纸打印，加盖公章并领导签字\\\",\\\"templateName\\\":\\\"\\\",\\\"templateUrl\\\":\\\"\\\",\\\"targetGroup\\\":\\\"EMPLOYED\\\"},{\\\"name\\\":\\\"营业执照副本\\\",\\\"type\\\":\\\"image\\\",\\\"required\\\":false,\\\"desc\\\":\\\"所在公司营业执照副本复印件，加盖公章\\\",\\\"templateName\\\":\\\"\\\",\\\"templateUrl\\\":\\\"\\\",\\\"targetGroup\\\":\\\"EMPLOYED\\\"},{\\\"name\\\":\\\"收入来源说明\\\",\\\"type\\\":\\\"image\\\",\\\"required\\\":false,\\\"desc\\\":\\\"简单描述您的主要收入来源（如设计、稿费等）\\\",\\\"templateName\\\":\\\"\\\",\\\"templateUrl\\\":\\\"\\\",\\\"targetGroup\\\":\\\"FREELANCE\\\"},{\\\"name\\\":\\\"业务合同或作品集\\\\t\\\",\\\"type\\\":\\\"image\\\",\\\"required\\\":false,\\\"desc\\\":\\\"提供近期与客户签署的合同或工作成果截图\\\",\\\"templateName\\\":\\\"\\\",\\\"templateUrl\\\":\\\"\\\",\\\"targetGroup\\\":\\\"FREELANCE\\\"},{\\\"name\\\":\\\"出资证明(配偶支持)\\\",\\\"type\\\":\\\"file\\\",\\\"required\\\":false,\\\"desc\\\":\\\"需提供配偶的在职及流水，并附上出资承诺书\\\",\\\"templateName\\\":\\\"\\\",\\\"templateUrl\\\":\\\"\\\",\\\"targetGroup\\\":\\\"UNEMPLOYED\\\"},{\\\"name\\\":\\\"结婚证\\\",\\\"type\\\":\\\"image\\\",\\\"required\\\":false,\\\"desc\\\":\\\"证明与出资人的夫妻关系\\\",\\\"templateName\\\":\\\"\\\",\\\"templateUrl\\\":\\\"\\\",\\\"targetGroup\\\":\\\"UNEMPLOYED\\\"},{\\\"name\\\":\\\"在校证明\\\",\\\"type\\\":\\\"image\\\",\\\"required\\\":false,\\\"desc\\\":\\\"由学校开具的包','{\"msg\":\"操作成功\",\"code\":200}',0,NULL,'2026-03-28 02:46:42',28),(377,'签证产品',2,'com.ruoyi.visa.controller.VisaProductController.edit()','PUT',1,'admin','研发部门','/visa/product','127.0.0.1','内网IP','{\"countryId\":5,\"countryName\":\"澳大利亚\",\"coverArea\":\"全国\",\"districtId\":3,\"districtName\":\"全国通用\",\"id\":3,\"image\":\"/profile/upload/2026/03/27/pexels-ben-mack-5707602_20260327083051A002.jpg\",\"isInterviewRequired\":0,\"maxStayDays\":\"30天\",\"params\":{},\"price\":100,\"processingTime\":\"3天\",\"requirementsConfig\":\"[{\\\"desc\\\":\\\"彩色扫描件，有效期需在6个月以上\\\",\\\"name\\\":\\\"护照首页\\\",\\\"type\\\":\\\"image\\\",\\\"required\\\":true,\\\"targetGroup\\\":\\\"ALL\\\",\\\"templateUrl\\\":\\\"\\\",\\\"templateName\\\":\\\"\\\"},{\\\"desc\\\":\\\"近6个月拍摄的3.5*4.5cm白底彩照\\\",\\\"name\\\":\\\"电子照片\\\",\\\"type\\\":\\\"image\\\",\\\"required\\\":true,\\\"targetGroup\\\":\\\"ALL\\\",\\\"templateUrl\\\":\\\"\\\",\\\"templateName\\\":\\\"\\\"},{\\\"desc\\\":\\\"包含户主页及所有成员页的彩色扫描件\\\",\\\"name\\\":\\\"全家户口本\\\",\\\"type\\\":\\\"image\\\",\\\"required\\\":true,\\\"targetGroup\\\":\\\"ALL\\\",\\\"templateUrl\\\":\\\"\\\",\\\"templateName\\\":\\\"\\\"},{\\\"desc\\\":\\\"最近6个月工资卡或储蓄卡对账单，余额5万以上\\\",\\\"name\\\":\\\"资产证明(银行流水)\\\",\\\"type\\\":\\\"file\\\",\\\"required\\\":false,\\\"targetGroup\\\":\\\"EMPLOYED\\\",\\\"templateUrl\\\":\\\"\\\",\\\"templateName\\\":\\\"\\\"},{\\\"desc\\\":\\\"使用公司抬头纸打印，加盖公章并领导签字\\\",\\\"name\\\":\\\"在职证明\\\",\\\"type\\\":\\\"file\\\",\\\"required\\\":false,\\\"targetGroup\\\":\\\"EMPLOYED\\\",\\\"templateUrl\\\":\\\"\\\",\\\"templateName\\\":\\\"\\\"},{\\\"desc\\\":\\\"所在公司营业执照副本复印件，加盖公章\\\",\\\"name\\\":\\\"营业执照副本\\\",\\\"type\\\":\\\"image\\\",\\\"required\\\":false,\\\"targetGroup\\\":\\\"EMPLOYED\\\",\\\"templateUrl\\\":\\\"\\\",\\\"templateName\\\":\\\"\\\"},{\\\"desc\\\":\\\"简单描述您的主要收入来源（如设计、稿费等）\\\",\\\"name\\\":\\\"收入来源说明\\\",\\\"type\\\":\\\"image\\\",\\\"required\\\":false,\\\"targetGroup\\\":\\\"FREELANCE\\\",\\\"templateUrl\\\":\\\"\\\",\\\"templateName\\\":\\\"\\\"},{\\\"desc\\\":\\\"提供近期与客户签署的合同或工作成果截图\\\",\\\"name\\\":\\\"业务合同或作品集\\\\t\\\",\\\"type\\\":\\\"image\\\",\\\"required\\\":false,\\\"targetGroup\\\":\\\"FREELANCE\\\",\\\"templateUrl\\\":\\\"\\\",\\\"templateName\\\":\\\"\\\"},{\\\"desc\\\":\\\"需提供配偶的在职及流水，并附上出资承诺书\\\",\\\"name\\\":\\\"出资证明(配偶支持)\\\",\\\"type\\\":\\\"file\\\",\\\"required\\\":false,\\\"targetGroup\\\":\\\"UNEMPLOYED\\\",\\\"templateUrl\\\":\\\"\\\",\\\"templateName\\\":\\\"\\\"},{\\\"desc\\\":\\\"证明与出资人的夫妻关系\\\",\\\"name\\\":\\\"结婚证\\\",\\\"type\\\":\\\"image\\\",\\\"required\\\":false,\\\"targetGroup\\\":\\\"UNEMPLOYED\\\",\\\"templateUrl\\\":\\\"\\\",\\\"templateName\\\":\\\"\\\"},{\\\"desc\\\":\\\"由学校开具的包含假期说明的在读证明\\\",\\\"name\\\":\\\"在校证明\\\",\\\"type\\\":\\\"image\\\",\\\"requ','{\"msg\":\"操作成功\",\"code\":200}',0,NULL,'2026-03-28 02:46:52',11),(378,'签证产品',2,'com.ruoyi.visa.controller.VisaProductController.edit()','PUT',1,'admin','研发部门','/visa/product','127.0.0.1','内网IP','{\"countryId\":5,\"countryName\":\"澳大利亚\",\"coverArea\":\"全国\",\"districtId\":3,\"districtName\":\"全国通用\",\"id\":3,\"image\":\"/profile/upload/2026/03/27/pexels-ben-mack-5707602_20260327083051A002.jpg\",\"isInterviewRequired\":0,\"maxStayDays\":\"30天\",\"params\":{},\"price\":100,\"processingTime\":\"3天\",\"requirementsConfig\":\"[{\\\"desc\\\":\\\"彩色扫描件，有效期需在6个月以上\\\",\\\"name\\\":\\\"护照首页\\\",\\\"type\\\":\\\"image\\\",\\\"required\\\":true,\\\"targetGroup\\\":\\\"ALL\\\",\\\"templateUrl\\\":\\\"\\\",\\\"templateName\\\":\\\"\\\"},{\\\"desc\\\":\\\"近6个月拍摄的3.5*4.5cm白底彩照\\\",\\\"name\\\":\\\"电子照片\\\",\\\"type\\\":\\\"image\\\",\\\"required\\\":true,\\\"targetGroup\\\":\\\"ALL\\\",\\\"templateUrl\\\":\\\"\\\",\\\"templateName\\\":\\\"\\\"},{\\\"desc\\\":\\\"包含户主页及所有成员页的彩色扫描件\\\",\\\"name\\\":\\\"全家户口本\\\",\\\"type\\\":\\\"image\\\",\\\"required\\\":true,\\\"targetGroup\\\":\\\"ALL\\\",\\\"templateUrl\\\":\\\"\\\",\\\"templateName\\\":\\\"\\\"},{\\\"desc\\\":\\\"最近6个月工资卡或储蓄卡对账单，余额5万以上\\\",\\\"name\\\":\\\"资产证明(银行流水)\\\",\\\"type\\\":\\\"file\\\",\\\"required\\\":false,\\\"targetGroup\\\":\\\"EMPLOYED\\\",\\\"templateUrl\\\":\\\"http://localhost:8080/profile/upload/2026/03/28/Letter_20260328105053A001.pdf\\\",\\\"templateName\\\":\\\"Letter.pdf\\\"},{\\\"desc\\\":\\\"使用公司抬头纸打印，加盖公章并领导签字\\\",\\\"name\\\":\\\"在职证明\\\",\\\"type\\\":\\\"file\\\",\\\"required\\\":false,\\\"targetGroup\\\":\\\"EMPLOYED\\\",\\\"templateUrl\\\":\\\"\\\",\\\"templateName\\\":\\\"\\\"},{\\\"desc\\\":\\\"所在公司营业执照副本复印件，加盖公章\\\",\\\"name\\\":\\\"营业执照副本\\\",\\\"type\\\":\\\"image\\\",\\\"required\\\":false,\\\"targetGroup\\\":\\\"EMPLOYED\\\",\\\"templateUrl\\\":\\\"\\\",\\\"templateName\\\":\\\"\\\"},{\\\"desc\\\":\\\"简单描述您的主要收入来源（如设计、稿费等）\\\",\\\"name\\\":\\\"收入来源说明\\\",\\\"type\\\":\\\"image\\\",\\\"required\\\":false,\\\"targetGroup\\\":\\\"FREELANCE\\\",\\\"templateUrl\\\":\\\"\\\",\\\"templateName\\\":\\\"\\\"},{\\\"desc\\\":\\\"提供近期与客户签署的合同或工作成果截图\\\",\\\"name\\\":\\\"业务合同或作品集\\\\t\\\",\\\"type\\\":\\\"image\\\",\\\"required\\\":false,\\\"targetGroup\\\":\\\"FREELANCE\\\",\\\"templateUrl\\\":\\\"\\\",\\\"templateName\\\":\\\"\\\"},{\\\"desc\\\":\\\"需提供配偶的在职及流水，并附上出资承诺书\\\",\\\"name\\\":\\\"出资证明(配偶支持)\\\",\\\"type\\\":\\\"file\\\",\\\"required\\\":false,\\\"targetGroup\\\":\\\"UNEMPLOYED\\\",\\\"templateUrl\\\":\\\"\\\",\\\"templateName\\\":\\\"\\\"},{\\\"desc\\\":\\\"证明与出资人的夫妻关系\\\",\\\"name\\\":\\\"结婚证\\\",\\\"type\\\":\\\"image\\\",\\\"required\\\":false,\\\"targetGroup\\\":\\\"UNEMPLOYED\\\",\\\"templateUrl\\\":\\\"\\\",\\\"templateN','{\"msg\":\"操作成功\",\"code\":200}',0,NULL,'2026-03-28 02:50:56',18),(379,'签证产品',2,'com.ruoyi.visa.controller.VisaProductController.edit()','PUT',1,'admin','研发部门','/visa/product','127.0.0.1','内网IP','{\"countryId\":5,\"countryName\":\"澳大利亚\",\"coverArea\":\"全国\",\"districtId\":3,\"districtName\":\"全国通用\",\"id\":3,\"image\":\"/profile/upload/2026/03/27/pexels-ben-mack-5707602_20260327083051A002.jpg\",\"isInterviewRequired\":0,\"isPhysicalRequired\":1,\"maxStayDays\":\"30天\",\"params\":{},\"price\":100,\"processingTime\":\"3天\",\"requirementsConfig\":\"[{\\\"desc\\\":\\\"彩色扫描件，有效期需在6个月以上\\\",\\\"name\\\":\\\"护照首页\\\",\\\"type\\\":\\\"image\\\",\\\"required\\\":true,\\\"targetGroup\\\":\\\"ALL\\\",\\\"templateUrl\\\":\\\"\\\",\\\"templateName\\\":\\\"\\\"},{\\\"desc\\\":\\\"近6个月拍摄的3.5*4.5cm白底彩照\\\",\\\"name\\\":\\\"电子照片\\\",\\\"type\\\":\\\"image\\\",\\\"required\\\":true,\\\"targetGroup\\\":\\\"ALL\\\",\\\"templateUrl\\\":\\\"\\\",\\\"templateName\\\":\\\"\\\"},{\\\"desc\\\":\\\"包含户主页及所有成员页的彩色扫描件\\\",\\\"name\\\":\\\"全家户口本\\\",\\\"type\\\":\\\"image\\\",\\\"required\\\":true,\\\"targetGroup\\\":\\\"ALL\\\",\\\"templateUrl\\\":\\\"\\\",\\\"templateName\\\":\\\"\\\"},{\\\"desc\\\":\\\"最近6个月工资卡或储蓄卡对账单，余额5万以上\\\",\\\"name\\\":\\\"资产证明(银行流水)\\\",\\\"type\\\":\\\"file\\\",\\\"required\\\":false,\\\"targetGroup\\\":\\\"EMPLOYED\\\",\\\"templateUrl\\\":\\\"http://localhost:8080/profile/upload/2026/03/28/Letter_20260328105053A001.pdf\\\",\\\"templateName\\\":\\\"Letter.pdf\\\"},{\\\"desc\\\":\\\"使用公司抬头纸打印，加盖公章并领导签字\\\",\\\"name\\\":\\\"在职证明\\\",\\\"type\\\":\\\"file\\\",\\\"required\\\":false,\\\"targetGroup\\\":\\\"EMPLOYED\\\",\\\"templateUrl\\\":\\\"\\\",\\\"templateName\\\":\\\"\\\"},{\\\"desc\\\":\\\"所在公司营业执照副本复印件，加盖公章\\\",\\\"name\\\":\\\"营业执照副本\\\",\\\"type\\\":\\\"image\\\",\\\"required\\\":false,\\\"targetGroup\\\":\\\"EMPLOYED\\\",\\\"templateUrl\\\":\\\"\\\",\\\"templateName\\\":\\\"\\\"},{\\\"desc\\\":\\\"简单描述您的主要收入来源（如设计、稿费等）\\\",\\\"name\\\":\\\"收入来源说明\\\",\\\"type\\\":\\\"image\\\",\\\"required\\\":false,\\\"targetGroup\\\":\\\"FREELANCE\\\",\\\"templateUrl\\\":\\\"\\\",\\\"templateName\\\":\\\"\\\"},{\\\"desc\\\":\\\"提供近期与客户签署的合同或工作成果截图\\\",\\\"name\\\":\\\"业务合同或作品集\\\\t\\\",\\\"type\\\":\\\"image\\\",\\\"required\\\":false,\\\"targetGroup\\\":\\\"FREELANCE\\\",\\\"templateUrl\\\":\\\"\\\",\\\"templateName\\\":\\\"\\\"},{\\\"desc\\\":\\\"需提供配偶的在职及流水，并附上出资承诺书\\\",\\\"name\\\":\\\"出资证明(配偶支持)\\\",\\\"type\\\":\\\"file\\\",\\\"required\\\":false,\\\"targetGroup\\\":\\\"UNEMPLOYED\\\",\\\"templateUrl\\\":\\\"\\\",\\\"templateName\\\":\\\"\\\"},{\\\"desc\\\":\\\"证明与出资人的夫妻关系\\\",\\\"name\\\":\\\"结婚证\\\",\\\"type\\\":\\\"image\\\",\\\"required\\\":false,\\\"targetGroup\\\":\\\"UNEMPLOYED\\\",\\\"templat',NULL,1,'nested exception is org.apache.ibatis.reflection.ReflectionException: There is no getter for property named \'is_physical_required\' in \'class com.ruoyi.visa.domain.VisaProduct\'','2026-03-29 07:20:51',12),(380,'签证产品',2,'com.ruoyi.visa.controller.VisaProductController.edit()','PUT',1,'admin','研发部门','/visa/product','127.0.0.1','内网IP','{\"countryId\":5,\"countryName\":\"澳大利亚\",\"coverArea\":\"全国\",\"districtId\":3,\"districtName\":\"全国通用\",\"id\":3,\"image\":\"/profile/upload/2026/03/27/pexels-ben-mack-5707602_20260327083051A002.jpg\",\"isInterviewRequired\":0,\"isPhysicalRequired\":1,\"maxStayDays\":\"30天\",\"params\":{},\"price\":100,\"processingTime\":\"3天\",\"requirementsConfig\":\"[{\\\"desc\\\":\\\"彩色扫描件，有效期需在6个月以上\\\",\\\"name\\\":\\\"护照首页\\\",\\\"type\\\":\\\"image\\\",\\\"required\\\":true,\\\"targetGroup\\\":\\\"ALL\\\",\\\"templateUrl\\\":\\\"\\\",\\\"templateName\\\":\\\"\\\"},{\\\"desc\\\":\\\"近6个月拍摄的3.5*4.5cm白底彩照\\\",\\\"name\\\":\\\"电子照片\\\",\\\"type\\\":\\\"image\\\",\\\"required\\\":true,\\\"targetGroup\\\":\\\"ALL\\\",\\\"templateUrl\\\":\\\"\\\",\\\"templateName\\\":\\\"\\\"},{\\\"desc\\\":\\\"包含户主页及所有成员页的彩色扫描件\\\",\\\"name\\\":\\\"全家户口本\\\",\\\"type\\\":\\\"image\\\",\\\"required\\\":true,\\\"targetGroup\\\":\\\"ALL\\\",\\\"templateUrl\\\":\\\"\\\",\\\"templateName\\\":\\\"\\\"},{\\\"desc\\\":\\\"最近6个月工资卡或储蓄卡对账单，余额5万以上\\\",\\\"name\\\":\\\"资产证明(银行流水)\\\",\\\"type\\\":\\\"file\\\",\\\"required\\\":false,\\\"targetGroup\\\":\\\"EMPLOYED\\\",\\\"templateUrl\\\":\\\"http://localhost:8080/profile/upload/2026/03/28/Letter_20260328105053A001.pdf\\\",\\\"templateName\\\":\\\"Letter.pdf\\\"},{\\\"desc\\\":\\\"使用公司抬头纸打印，加盖公章并领导签字\\\",\\\"name\\\":\\\"在职证明\\\",\\\"type\\\":\\\"file\\\",\\\"required\\\":false,\\\"targetGroup\\\":\\\"EMPLOYED\\\",\\\"templateUrl\\\":\\\"\\\",\\\"templateName\\\":\\\"\\\"},{\\\"desc\\\":\\\"所在公司营业执照副本复印件，加盖公章\\\",\\\"name\\\":\\\"营业执照副本\\\",\\\"type\\\":\\\"image\\\",\\\"required\\\":false,\\\"targetGroup\\\":\\\"EMPLOYED\\\",\\\"templateUrl\\\":\\\"\\\",\\\"templateName\\\":\\\"\\\"},{\\\"desc\\\":\\\"简单描述您的主要收入来源（如设计、稿费等）\\\",\\\"name\\\":\\\"收入来源说明\\\",\\\"type\\\":\\\"image\\\",\\\"required\\\":false,\\\"targetGroup\\\":\\\"FREELANCE\\\",\\\"templateUrl\\\":\\\"\\\",\\\"templateName\\\":\\\"\\\"},{\\\"desc\\\":\\\"提供近期与客户签署的合同或工作成果截图\\\",\\\"name\\\":\\\"业务合同或作品集\\\\t\\\",\\\"type\\\":\\\"image\\\",\\\"required\\\":false,\\\"targetGroup\\\":\\\"FREELANCE\\\",\\\"templateUrl\\\":\\\"\\\",\\\"templateName\\\":\\\"\\\"},{\\\"desc\\\":\\\"需提供配偶的在职及流水，并附上出资承诺书\\\",\\\"name\\\":\\\"出资证明(配偶支持)\\\",\\\"type\\\":\\\"file\\\",\\\"required\\\":false,\\\"targetGroup\\\":\\\"UNEMPLOYED\\\",\\\"templateUrl\\\":\\\"\\\",\\\"templateName\\\":\\\"\\\"},{\\\"desc\\\":\\\"证明与出资人的夫妻关系\\\",\\\"name\\\":\\\"结婚证\\\",\\\"type\\\":\\\"image\\\",\\\"required\\\":false,\\\"targetGroup\\\":\\\"UNEMPLOYED\\\",\\\"templat','{\"msg\":\"操作成功\",\"code\":200}',0,NULL,'2026-03-29 07:23:14',20),(381,'代码生成',6,'com.ruoyi.generator.controller.GenController.importTableSave()','POST',1,'admin','研发部门','/tool/gen/importTable','127.0.0.1','内网IP','{\"tables\":\"visa_order_logistics\"}','{\"msg\":\"操作成功\",\"code\":200}',0,NULL,'2026-03-29 07:26:05',85),(382,'代码生成',2,'com.ruoyi.generator.controller.GenController.editSave()','PUT',1,'admin','研发部门','/tool/gen','127.0.0.1','内网IP','{\"businessName\":\"logistics\",\"className\":\"VisaOrderLogistics\",\"columns\":[{\"capJavaField\":\"Id\",\"columnId\":113,\"columnName\":\"id\",\"columnType\":\"bigint\",\"createBy\":\"admin\",\"createTime\":\"2026-03-29 07:26:05\",\"dictType\":\"\",\"edit\":false,\"htmlType\":\"input\",\"increment\":true,\"insert\":true,\"isIncrement\":\"1\",\"isInsert\":\"1\",\"isPk\":\"1\",\"isRequired\":\"0\",\"javaField\":\"id\",\"javaType\":\"Long\",\"list\":false,\"params\":{},\"pk\":true,\"query\":false,\"queryType\":\"EQ\",\"required\":false,\"sort\":1,\"superColumn\":false,\"tableId\":12,\"updateBy\":\"\",\"usableColumn\":false},{\"capJavaField\":\"OrderId\",\"columnComment\":\"关联订单ID\",\"columnId\":114,\"columnName\":\"order_id\",\"columnType\":\"bigint\",\"createBy\":\"admin\",\"createTime\":\"2026-03-29 07:26:05\",\"dictType\":\"\",\"edit\":true,\"htmlType\":\"input\",\"increment\":false,\"insert\":true,\"isEdit\":\"1\",\"isIncrement\":\"0\",\"isInsert\":\"1\",\"isList\":\"1\",\"isPk\":\"0\",\"isQuery\":\"1\",\"isRequired\":\"1\",\"javaField\":\"orderId\",\"javaType\":\"Long\",\"list\":true,\"params\":{},\"pk\":false,\"query\":true,\"queryType\":\"EQ\",\"required\":true,\"sort\":2,\"superColumn\":false,\"tableId\":12,\"updateBy\":\"\",\"usableColumn\":false},{\"capJavaField\":\"OrderNo\",\"columnComment\":\"关联订单号\",\"columnId\":115,\"columnName\":\"order_no\",\"columnType\":\"varchar(32)\",\"createBy\":\"admin\",\"createTime\":\"2026-03-29 07:26:05\",\"dictType\":\"\",\"edit\":true,\"htmlType\":\"input\",\"increment\":false,\"insert\":true,\"isEdit\":\"1\",\"isIncrement\":\"0\",\"isInsert\":\"1\",\"isList\":\"1\",\"isPk\":\"0\",\"isQuery\":\"1\",\"isRequired\":\"1\",\"javaField\":\"orderNo\",\"javaType\":\"String\",\"list\":true,\"params\":{},\"pk\":false,\"query\":true,\"queryType\":\"EQ\",\"required\":true,\"sort\":3,\"superColumn\":false,\"tableId\":12,\"updateBy\":\"\",\"usableColumn\":false},{\"capJavaField\":\"Direction\",\"columnComment\":\"方向: 1-用户寄给中介, 2-中介寄回用户\",\"columnId\":116,\"columnName\":\"direction\",\"columnType\":\"tinyint(1)\",\"createBy\":\"admin\",\"createTime\":\"2026-03-29 07:26:05\",\"dictType\":\"\",\"edit\":true,\"htmlType\":\"input\",\"increment\":false,\"insert\":true,\"isEdit\":\"1\",\"isIncrement\":\"0\",\"isInsert\":\"1\",\"isList\":\"1\",\"isPk\":\"0\",\"isQuery\":\"1\",\"isRequired\":\"0\",\"java','{\"msg\":\"操作成功\",\"code\":200}',0,NULL,'2026-03-29 07:26:21',47),(383,'代码生成',8,'com.ruoyi.generator.controller.GenController.batchGenCode()','GET',1,'admin','研发部门','/tool/gen/batchGenCode','127.0.0.1','内网IP','{\"tables\":\"visa_order_logistics\"}',NULL,0,NULL,'2026-03-29 07:26:24',79),(384,'菜单管理',2,'com.ruoyi.web.controller.system.SysMenuController.edit()','PUT',1,'admin','研发部门','/system/menu','127.0.0.1','内网IP','{\"children\":[],\"component\":\"visa/logistics/index\",\"createTime\":\"2026-03-29 07:27:01\",\"icon\":\"checkbox\",\"isCache\":\"0\",\"isFrame\":\"1\",\"menuId\":2082,\"menuName\":\"订单物流信息\",\"menuType\":\"C\",\"orderNum\":1,\"params\":{},\"parentId\":2054,\"path\":\"logistics\",\"perms\":\"visa:logistics:list\",\"routeName\":\"\",\"status\":\"0\",\"updateBy\":\"admin\",\"visible\":\"0\"} ','{\"msg\":\"操作成功\",\"code\":200}',0,NULL,'2026-03-29 07:38:04',16),(385,'签证订单',2,'com.ruoyi.visa.controller.VisaOrderController.edit()','PUT',1,'admin','研发部门','/visa/order','127.0.0.1','内网IP','{\"auditRemark\":\"[{\\\"text\\\":\\\"结婚证不清晰\\\",\\\"file\\\":\\\"\\\"},{\\\"text\\\":\\\"\\\",\\\"file\\\":\\\"\\\"}]\",\"id\":69,\"params\":{},\"status\":3,\"updateTime\":\"2026-03-29 15:41:59\"} ','{\"msg\":\"操作成功\",\"code\":200}',0,NULL,'2026-03-29 07:41:59',20),(386,'签证订单',2,'com.ruoyi.visa.controller.VisaOrderController.edit()','PUT',1,'admin','研发部门','/visa/order','127.0.0.1','内网IP','{\"auditRemark\":\"[{\\\"text\\\":\\\"结婚证不清晰\\\",\\\"file\\\":\\\"\\\"},{\\\"text\\\":\\\"\\\",\\\"file\\\":\\\"\\\"}]\",\"id\":69,\"params\":{},\"status\":9,\"updateTime\":\"2026-03-29 15:42:31\"} ','{\"msg\":\"操作成功\",\"code\":200}',0,NULL,'2026-03-29 07:42:31',12),(387,'签证订单',2,'com.ruoyi.visa.controller.VisaOrderController.edit()','PUT',1,'admin','研发部门','/visa/order','127.0.0.1','内网IP','{\"auditRemark\":\"[{\\\"text\\\":\\\"结婚证不清晰\\\",\\\"file\\\":\\\"\\\"},{\\\"text\\\":\\\"\\\",\\\"file\\\":\\\"\\\"}]\",\"id\":69,\"params\":{},\"status\":9,\"updateTime\":\"2026-03-29 16:24:36\"} ','{\"msg\":\"操作成功\",\"code\":200}',0,NULL,'2026-03-29 08:24:36',19),(388,'签证订单',2,'com.ruoyi.visa.controller.VisaOrderController.edit()','PUT',1,'admin','研发部门','/visa/order','127.0.0.1','内网IP','{\"auditRemark\":\"[{\\\"text\\\":\\\"营业执照已过期\\\",\\\"file\\\":\\\"\\\"}]\",\"id\":70,\"params\":{},\"status\":3,\"updateTime\":\"2026-03-29 17:45:45\"} ','{\"msg\":\"操作成功\",\"code\":200}',0,NULL,'2026-03-29 09:45:45',25),(389,'签证订单',2,'com.ruoyi.visa.controller.VisaOrderController.edit()','PUT',1,'admin','研发部门','/visa/order','127.0.0.1','内网IP','{\"auditRemark\":\"[{\\\"text\\\":\\\"营业执照已过期\\\",\\\"file\\\":\\\"\\\"}]\",\"id\":70,\"params\":{},\"status\":4,\"updateTime\":\"2026-03-29 17:46:08\"} ','{\"msg\":\"操作成功\",\"code\":200}',0,NULL,'2026-03-29 09:46:08',14),(390,'签证订单',2,'com.ruoyi.visa.controller.VisaOrderController.edit()','PUT',1,'admin','研发部门','/visa/order','127.0.0.1','内网IP','{\"auditRemark\":\"[{\\\"text\\\":\\\"营业执照已过期\\\",\\\"file\\\":\\\"\\\"}]\",\"id\":70,\"params\":{},\"status\":4,\"updateTime\":\"2026-03-29 17:48:52\"} ','{\"msg\":\"操作成功\",\"code\":200}',0,NULL,'2026-03-29 09:48:52',8),(391,'签证订单',2,'com.ruoyi.visa.controller.VisaOrderController.approve()','PUT',1,'admin','研发部门','/visa/order/approve/70','127.0.0.1','内网IP','70 {\"auditRemark\":\"[{\\\"text\\\":\\\"营业执照已过期\\\",\\\"file\\\":\\\"\\\"}]\",\"params\":{}} ','{\"msg\":\"操作成功\",\"code\":200}',0,NULL,'2026-03-29 10:02:36',37),(392,'签证订单',2,'com.ruoyi.visa.controller.VisaOrderController.approve()','PUT',1,'admin','研发部门','/visa/order/approve/70','127.0.0.1','内网IP','70 {\"auditRemark\":\"[{\\\"text\\\":\\\"营业执照已过期\\\",\\\"file\\\":\\\"\\\"}]\",\"params\":{}} ','{\"msg\":\"操作成功\",\"code\":200}',0,NULL,'2026-03-29 10:06:34',26),(393,'签证订单',2,'com.ruoyi.visa.controller.VisaOrderController.approve()','PUT',1,'admin','研发部门','/visa/order/approve/70','127.0.0.1','内网IP','70 {\"auditRemark\":\"[{\\\"text\\\":\\\"营业执照已过期\\\",\\\"file\\\":\\\"\\\"}]\",\"params\":{}} ','{\"msg\":\"操作成功\",\"code\":200}',0,NULL,'2026-03-29 10:16:42',23),(394,'签证订单',2,'com.ruoyi.visa.controller.VisaOrderController.approve()','PUT',1,'admin','研发部门','/visa/order/approve/70','127.0.0.1','内网IP','70 {\"auditRemark\":\"[{\\\"text\\\":\\\"营业执照已过期\\\",\\\"file\\\":\\\"\\\"}]\",\"params\":{}} ','{\"msg\":\"操作成功\",\"code\":200}',0,NULL,'2026-03-29 10:17:34',34),(395,'签证订单',2,'com.ruoyi.visa.controller.VisaOrderController.approve()','PUT',1,'admin','研发部门','/visa/order/approve/70','127.0.0.1','内网IP','70 {\"auditRemark\":\"[{\\\"text\\\":\\\"营业执照已过期\\\",\\\"file\\\":\\\"\\\"}]\",\"params\":{}} ','{\"msg\":\"操作成功\",\"code\":200}',0,NULL,'2026-03-29 10:26:44',22),(396,'签证订单',2,'com.ruoyi.visa.controller.VisaOrderController.approve()','PUT',1,'admin','研发部门','/visa/order/approve/68','127.0.0.1','内网IP','68 {\"auditRemark\":\"[{\\\"text\\\":\\\"\\\",\\\"file\\\":\\\"\\\"},{\\\"text\\\":\\\"\\\",\\\"file\\\":\\\"\\\"}]\",\"params\":{}} ','{\"msg\":\"操作成功\",\"code\":200}',0,NULL,'2026-03-29 10:40:30',44),(397,'签证订单',2,'com.ruoyi.visa.controller.VisaOrderController.approve()','PUT',1,'admin','研发部门','/visa/order/approve/68','127.0.0.1','内网IP','68 {\"auditRemark\":\"[{\\\"text\\\":\\\"\\\",\\\"file\\\":\\\"\\\"},{\\\"text\\\":\\\"\\\",\\\"file\\\":\\\"\\\"}]\",\"params\":{}} ','{\"msg\":\"操作成功\",\"code\":200}',0,NULL,'2026-03-29 10:46:38',29),(398,'签证订单',2,'com.ruoyi.visa.controller.VisaOrderController.approve()','PUT',1,'admin','研发部门','/visa/order/approve/68','127.0.0.1','内网IP','68 {\"auditRemark\":\"[{\\\"text\\\":\\\"\\\",\\\"file\\\":\\\"\\\"},{\\\"text\\\":\\\"\\\",\\\"file\\\":\\\"\\\"}]\",\"params\":{}} ','{\"msg\":\"操作成功\",\"code\":200}',0,NULL,'2026-03-29 10:54:21',37),(399,'签证订单',2,'com.ruoyi.visa.controller.VisaOrderController.approve()','PUT',1,'admin','研发部门','/visa/order/approve/71','127.0.0.1','内网IP','71 {\"auditRemark\":\"[{\\\"text\\\":\\\"\\\",\\\"file\\\":\\\"\\\"}]\",\"params\":{}} ',NULL,1,'nested exception is org.apache.ibatis.binding.BindingException: Parameter \'status\' not found. Available parameters are [arg1, arg0, param1, param2]','2026-03-29 11:00:52',30),(400,'签证订单',2,'com.ruoyi.visa.controller.VisaOrderController.approve()','PUT',1,'admin','研发部门','/visa/order/approve/71','127.0.0.1','内网IP','71 {\"auditRemark\":\"[{\\\"text\\\":\\\"\\\",\\\"file\\\":\\\"\\\"}]\",\"params\":{}} ',NULL,1,'nested exception is org.apache.ibatis.binding.BindingException: Parameter \'status\' not found. Available parameters are [arg1, arg0, param1, param2]','2026-03-29 11:03:22',33),(401,'签证订单',2,'com.ruoyi.visa.controller.VisaOrderController.approve()','PUT',1,'admin','研发部门','/visa/order/approve/71','127.0.0.1','内网IP','71 {\"auditRemark\":\"[{\\\"text\\\":\\\"\\\",\\\"file\\\":\\\"\\\"}]\",\"params\":{}} ','{\"msg\":\"操作成功\",\"code\":200}',0,NULL,'2026-03-29 11:04:48',30),(402,'签证订单',2,'com.ruoyi.visa.controller.VisaOrderController.approve()','PUT',1,'admin','研发部门','/visa/order/approve/71','127.0.0.1','内网IP','71 {\"auditRemark\":\"[{\\\"text\\\":\\\"\\\",\\\"file\\\":\\\"\\\"}]\",\"params\":{}} ','{\"msg\":\"操作成功\",\"code\":200}',0,NULL,'2026-03-29 11:09:47',46),(403,'签证订单',2,'com.ruoyi.visa.controller.VisaOrderController.approve()','PUT',1,'admin','研发部门','/visa/order/approve/71','127.0.0.1','内网IP','71 {\"auditRemark\":\"[{\\\"text\\\":\\\"\\\",\\\"file\\\":\\\"\\\"}]\",\"params\":{}} ','{\"msg\":\"操作成功\",\"code\":200}',0,NULL,'2026-03-29 11:13:44',21),(404,'签证订单',2,'com.ruoyi.visa.controller.VisaOrderController.edit()','PUT',1,'admin','研发部门','/visa/order','127.0.0.1','内网IP','{\"id\":71,\"params\":{},\"remark\":\"原件已入库\",\"status\":4,\"updateTime\":\"2026-03-29 19:26:42\"} ','{\"msg\":\"操作成功\",\"code\":200}',0,NULL,'2026-03-29 11:26:42',20),(405,'签证订单',2,'com.ruoyi.visa.controller.VisaOrderController.edit()','PUT',1,'admin','研发部门','/visa/order','127.0.0.1','内网IP','{\"id\":71,\"params\":{},\"updateTime\":\"2026-03-29 19:58:49\",\"visaResult\":\"[{\\\"status\\\":1,\\\"memo\\\":\\\"\\\"}]\"} ','{\"msg\":\"操作成功\",\"code\":200}',0,NULL,'2026-03-29 11:58:49',10),(406,'签证订单',2,'com.ruoyi.visa.controller.VisaOrderController.edit()','PUT',1,'admin','研发部门','/visa/order','127.0.0.1','内网IP','{\"id\":71,\"params\":{},\"status\":5,\"updateTime\":\"2026-03-29 19:58:56\",\"visaResult\":\"[{\\\"memo\\\":\\\"\\\",\\\"status\\\":1}]\"} ','{\"msg\":\"操作成功\",\"code\":200}',0,NULL,'2026-03-29 11:58:56',6),(407,'签证订单',2,'com.ruoyi.visa.controller.VisaOrderController.edit()','PUT',1,'admin','研发部门','/visa/order','127.0.0.1','内网IP','{\"id\":71,\"params\":{},\"status\":5,\"trackingNumber\":\"111\",\"updateTime\":\"2026-03-29 21:29:13\",\"visaResult\":\"[{\\\"memo\\\":\\\"\\\",\\\"status\\\":1,\\\"fileUrl\\\":\\\"/profile/upload/2026/03/29/Screenshot 2026-03-29 at 17.33.59_20260329212907A002.png\\\"}]\"} ',NULL,1,'\n### Error updating database.  Cause: java.sql.SQLSyntaxErrorException: Unknown column \'tracking_number\' in \'field list\'\n### The error may exist in file [/Users/Senior Project/VisaManagementSystem/RuoYi-Vue/ruoyi-system/target/classes/mapper/system/VisaOrderMapper.xml]\n### The error may involve com.ruoyi.visa.mapper.VisaOrderMapper.updateVisaOrder-Inline\n### The error occurred while setting parameters\n### SQL: update visa_order          SET status = ?,                                                                                                        visa_result = ?,                                       update_time = ?,                                                                 tracking_number = ?          where id = ?\n### Cause: java.sql.SQLSyntaxErrorException: Unknown column \'tracking_number\' in \'field list\'\n; bad SQL grammar []; nested exception is java.sql.SQLSyntaxErrorException: Unknown column \'tracking_number\' in \'field list\'','2026-03-29 13:29:13',48),(408,'签证订单',2,'com.ruoyi.visa.controller.VisaOrderController.edit()','PUT',1,'admin','研发部门','/visa/order','127.0.0.1','内网IP','{\"id\":71,\"orderNo\":\"20260329185936829A2E\",\"params\":{},\"status\":5,\"trackingNumber\":\"11111\",\"updateTime\":\"2026-03-29 21:34:43\",\"visaResult\":\"[{\\\"memo\\\":\\\"\\\",\\\"status\\\":1,\\\"fileUrl\\\":\\\"/profile/upload/2026/03/29/Screenshot 2026-03-29 at 17.33.59_20260329213439A001.png\\\"}]\"} ','{\"msg\":\"操作成功\",\"code\":200}',0,NULL,'2026-03-29 13:34:43',93),(409,'签证订单',2,'com.ruoyi.visa.controller.VisaOrderController.edit()','PUT',1,'admin','研发部门','/visa/order','127.0.0.1','内网IP','{\"id\":71,\"orderNo\":\"20260329185936829A2E\",\"params\":{\"courierCompany\":\"EMS\"},\"status\":5,\"trackingNumber\":\"111\",\"updateTime\":\"2026-03-29 21:46:17\",\"visaResult\":\"[{\\\"memo\\\":\\\"\\\",\\\"status\\\":1,\\\"fileUrl\\\":\\\"/profile/upload/2026/03/29/Screenshot 2026-03-29 at 17.33.59_20260329213439A001.png\\\"}]\"} ','{\"msg\":\"操作成功\",\"code\":200}',0,NULL,'2026-03-29 13:46:17',109),(410,'签证订单',2,'com.ruoyi.visa.controller.VisaOrderController.approve()','PUT',1,'admin','研发部门','/visa/order/approve/72','127.0.0.1','内网IP','72 {\"auditRemark\":\"[{\\\"text\\\":\\\"\\\",\\\"file\\\":\\\"\\\"}]\",\"params\":{}} ','{\"msg\":\"操作成功\",\"code\":200}',0,NULL,'2026-03-29 13:52:30',36),(411,'签证订单',2,'com.ruoyi.visa.controller.VisaOrderController.edit()','PUT',1,'admin','研发部门','/visa/order','127.0.0.1','内网IP','{\"id\":72,\"interviewSlots\":\"[\\\"2026-03-29 22:00:56\\\",\\\"2026-03-29 22:01:00\\\"]\",\"params\":{},\"status\":7,\"updateTime\":\"2026-03-29 22:01:32\"} ','{\"msg\":\"操作成功\",\"code\":200}',0,NULL,'2026-03-29 14:01:32',24),(412,'签证订单',2,'com.ruoyi.visa.controller.VisaOrderController.approve()','PUT',1,'admin','研发部门','/visa/order/approve/68','127.0.0.1','内网IP','68 {\"auditRemark\":\"[{\\\"text\\\":\\\"\\\",\\\"file\\\":\\\"\\\"},{\\\"text\\\":\\\"\\\",\\\"file\\\":\\\"\\\"}]\",\"params\":{}} ','{\"msg\":\"操作成功\",\"code\":200}',0,NULL,'2026-03-30 00:44:08',26),(413,'签证订单',2,'com.ruoyi.visa.controller.VisaOrderController.edit()','PUT',1,'admin','研发部门','/visa/order','127.0.0.1','内网IP','{\"id\":68,\"params\":{},\"remark\":\"原件已入库\",\"status\":4,\"updateTime\":\"2026-03-30 08:57:23\"} ','{\"msg\":\"操作成功\",\"code\":200}',0,NULL,'2026-03-30 00:57:24',31),(414,'签证订单',2,'com.ruoyi.visa.controller.VisaOrderController.edit()','PUT',1,'admin','研发部门','/visa/order','127.0.0.1','内网IP','{\"id\":68,\"orderNo\":\"20260328114605A8C20D\",\"params\":{\"courierCompany\":\"顺丰速运\"},\"status\":5,\"trackingNumber\":\"12345678\",\"updateTime\":\"2026-03-30 09:29:45\",\"visaResult\":\"[{\\\"status\\\":2,\\\"memo\\\":\\\"\\\",\\\"fileUrl\\\":\\\"/profile/upload/2026/03/30/Screenshot 2026-03-30 at 08.57.56_20260330092934A002.png\\\"},{\\\"status\\\":1,\\\"memo\\\":\\\"\\\",\\\"fileUrl\\\":\\\"/profile/upload/2026/03/30/Screenshot 2026-03-30 at 08.57.56_20260330092940A003.png\\\"}]\"} ','{\"msg\":\"操作成功\",\"code\":200}',0,NULL,'2026-03-30 01:29:45',37),(415,'签证订单',2,'com.ruoyi.visa.controller.VisaOrderController.edit()','PUT',1,'admin','研发部门','/visa/order','127.0.0.1','内网IP','{\"id\":72,\"interviewSlots\":\"[\\\"2026-03-29 22:00:56\\\",\\\"2026-03-29 22:01:00\\\"]\",\"params\":{},\"status\":7,\"updateTime\":\"2026-03-30 09:43:19\"} ','{\"msg\":\"操作成功\",\"code\":200}',0,NULL,'2026-03-30 01:43:19',11),(416,'签证订单',2,'com.ruoyi.visa.controller.VisaOrderController.edit()','PUT',1,'admin','研发部门','/visa/order','127.0.0.1','内网IP','{\"id\":72,\"interviewSlots\":\"[\\\"2026-03-30 10:13:22\\\"]\",\"params\":{},\"status\":7,\"updateTime\":\"2026-03-30 10:13:23\"} ','{\"msg\":\"操作成功\",\"code\":200}',0,NULL,'2026-03-30 02:13:23',13),(417,'签证订单',2,'com.ruoyi.visa.controller.VisaOrderController.edit()','PUT',1,'admin','研发部门','/visa/order','127.0.0.1','内网IP','{\"id\":72,\"interviewSlots\":\"[\\\"2026-03-30 10:18:19\\\",\\\"2026-03-30 10:18:23\\\"]\",\"params\":{},\"status\":7,\"updateTime\":\"2026-03-30 10:18:24\"} ','{\"msg\":\"操作成功\",\"code\":200}',0,NULL,'2026-03-30 02:18:24',15),(418,'签证订单',2,'com.ruoyi.visa.controller.VisaOrderController.edit()','PUT',1,'admin','研发部门','/visa/order','127.0.0.1','内网IP','{\"id\":72,\"interviewSlots\":\"[\\\"2026-04-02 10:34:33\\\"]\",\"params\":{},\"status\":7,\"updateTime\":\"2026-03-30 10:34:41\"} ','{\"msg\":\"操作成功\",\"code\":200}',0,NULL,'2026-03-30 02:34:41',30),(419,'签证订单',2,'com.ruoyi.visa.controller.VisaOrderController.edit()','PUT',1,'admin','研发部门','/visa/order','127.0.0.1','内网IP','{\"id\":72,\"interviewSlots\":\"[\\\"2026-03-30 10:52:33\\\"]\",\"params\":{},\"status\":7,\"updateTime\":\"2026-03-30 10:52:34\"} ','{\"msg\":\"操作成功\",\"code\":200}',0,NULL,'2026-03-30 02:52:34',14),(420,'签证订单',2,'com.ruoyi.visa.controller.VisaOrderController.edit()','PUT',1,'admin','研发部门','/visa/order','127.0.0.1','内网IP','{\"id\":72,\"interviewSlots\":\"[\\\"2026-04-02 00:00:00\\\"]\",\"params\":{},\"status\":7,\"updateTime\":\"2026-03-30 10:56:04\"} ','{\"msg\":\"操作成功\",\"code\":200}',0,NULL,'2026-03-30 02:56:04',20),(421,'签证订单',2,'com.ruoyi.visa.controller.VisaOrderController.edit()','PUT',1,'admin','研发部门','/visa/order','127.0.0.1','内网IP','{\"id\":72,\"interviewFile\":\"/profile/upload/2026/03/30/Screenshot 2026-03-30 at 08.57.56_20260330111320A003.png\",\"params\":{},\"remark\":\"管理员已确认面试预约，并下发官方确认单\",\"status\":8,\"updateTime\":\"2026-03-30 11:13:21\"} ','{\"msg\":\"操作成功\",\"code\":200}',0,NULL,'2026-03-30 03:13:21',18),(422,'签证订单',2,'com.ruoyi.visa.controller.VisaOrderController.edit()','PUT',1,'admin','研发部门','/visa/order','127.0.0.1','内网IP','{\"id\":72,\"params\":{},\"updateTime\":\"2026-03-30 11:14:05\",\"visaResult\":\"[{\\\"status\\\":3,\\\"memo\\\":\\\"\\\",\\\"fileUrl\\\":\\\"\\\"}]\"} ','{\"msg\":\"操作成功\",\"code\":200}',0,NULL,'2026-03-30 03:14:05',14),(423,'签证订单',2,'com.ruoyi.visa.controller.VisaOrderController.edit()','PUT',1,'admin','研发部门','/visa/order','127.0.0.1','内网IP','{\"id\":72,\"params\":{},\"updateTime\":\"2026-03-30 11:42:06\",\"visaResult\":\"[{\\\"memo\\\":\\\"\\\",\\\"status\\\":3,\\\"fileUrl\\\":\\\"/profile/upload/2026/03/30/Screenshot 2026-03-29 at 15.52.50_20260330114201A004.png\\\"}]\"} ','{\"msg\":\"操作成功\",\"code\":200}',0,NULL,'2026-03-30 03:42:06',14),(424,'角色管理',1,'com.ruoyi.web.controller.system.SysRoleController.add()','POST',1,'admin','研发部门','/system/role','127.0.0.1','内网IP','{\"admin\":false,\"createBy\":\"admin\",\"deptCheckStrictly\":true,\"deptIds\":[],\"flag\":false,\"menuCheckStrictly\":true,\"menuIds\":[2030,2054,2036,2076,2082,2055,2000,2006,2012,2018,2057,2031,2037,2056,2077,2083,2001,2007,2013,2019,2058,2063,2064,2065,2066,2067,2068,2069,2070,2071,2072,2073,2074,2075],\"params\":{},\"roleId\":100,\"roleKey\":\"auditor\",\"roleName\":\"审核员\",\"roleSort\":3,\"status\":\"0\"} ','{\"msg\":\"操作成功\",\"code\":200}',0,NULL,'2026-03-31 02:40:12',27),(425,'菜单管理',2,'com.ruoyi.web.controller.system.SysMenuController.edit()','PUT',1,'admin','研发部门','/system/menu','127.0.0.1','内网IP','{\"children\":[],\"component\":\"visa/applicant/index\",\"createTime\":\"2026-03-28 01:20:21\",\"icon\":\"documentation\",\"isCache\":\"0\",\"isFrame\":\"1\",\"menuId\":2076,\"menuName\":\"客户信息\",\"menuType\":\"C\",\"orderNum\":1,\"params\":{},\"parentId\":2054,\"path\":\"applicant\",\"perms\":\"visa:applicant:list\",\"routeName\":\"\",\"status\":\"0\",\"updateBy\":\"admin\",\"visible\":\"0\"} ','{\"msg\":\"操作成功\",\"code\":200}',0,NULL,'2026-03-31 02:44:02',26),(426,'签证订单',2,'com.ruoyi.visa.controller.VisaOrderController.approve()','PUT',1,'admin','研发部门','/visa/order/approve/73','127.0.0.1','内网IP','73 {\"auditRemark\":\"[{\\\"text\\\":\\\"护照过期了\\\",\\\"file\\\":\\\"\\\"}]\",\"params\":{}} ','{\"msg\":\"操作成功\",\"code\":200}',0,NULL,'2026-03-31 02:44:34',34),(427,'签证订单',2,'com.ruoyi.visa.controller.VisaOrderController.edit()','PUT',1,'admin','研发部门','/visa/order','127.0.0.1','内网IP','{\"auditRemark\":\"[{\\\"text\\\":\\\"护照过期了\\\",\\\"file\\\":\\\"\\\"}]\",\"id\":73,\"params\":{},\"status\":3,\"updateTime\":\"2026-03-31 10:53:02\"} ','{\"msg\":\"操作成功\",\"code\":200}',0,NULL,'2026-03-31 02:53:02',13),(428,'签证订单',2,'com.ruoyi.visa.controller.VisaOrderController.approve()','PUT',1,'admin','研发部门','/visa/order/approve/73','127.0.0.1','内网IP','73 {\"auditRemark\":\"[{\\\"text\\\":\\\"护照过期了\\\",\\\"file\\\":\\\"\\\"}]\",\"params\":{}} ','{\"msg\":\"操作成功\",\"code\":200}',0,NULL,'2026-03-31 02:53:28',27),(429,'签证订单',2,'com.ruoyi.visa.controller.VisaOrderController.edit()','PUT',1,'admin','研发部门','/visa/order','127.0.0.1','内网IP','{\"id\":73,\"params\":{},\"remark\":\"原件已入库\",\"status\":4,\"updateTime\":\"2026-03-31 10:55:11\"} ','{\"msg\":\"操作成功\",\"code\":200}',0,NULL,'2026-03-31 02:55:11',11),(430,'签证订单',2,'com.ruoyi.visa.controller.VisaOrderController.edit()','PUT',1,'admin','研发部门','/visa/order','127.0.0.1','内网IP','{\"id\":73,\"orderNo\":\"2026033110204574F158\",\"params\":{\"courierCompany\":\"顺丰速运\"},\"status\":5,\"trackingNumber\":\"3333333333q\",\"updateTime\":\"2026-03-31 10:55:49\",\"visaResult\":\"[{\\\"status\\\":1,\\\"memo\\\":\\\"\\\",\\\"fileUrl\\\":\\\"/profile/upload/2026/03/31/Screenshot 2026-03-28 at 08.45.01_20260331105542A007.png\\\"}]\"} ','{\"msg\":\"操作成功\",\"code\":200}',0,NULL,'2026-03-31 02:55:49',30),(431,'签证知识库',2,'com.ruoyi.visa.controller.VisaKnowledgeController.edit()','PUT',1,'admin','研发部门','/visa/knowledge','127.0.0.1','内网IP','{\"id\":1,\"params\":{},\"status\":\"0\"} ','{\"msg\":\"操作成功\",\"code\":200}',0,NULL,'2026-03-31 03:42:05',13),(432,'签证知识库',2,'com.ruoyi.visa.controller.VisaKnowledgeController.edit()','PUT',1,'admin','研发部门','/visa/knowledge','127.0.0.1','内网IP','{\"id\":2,\"params\":{},\"status\":\"0\"} ','{\"msg\":\"操作成功\",\"code\":200}',0,NULL,'2026-03-31 03:42:08',7),(433,'签证知识库',2,'com.ruoyi.visa.controller.VisaKnowledgeController.edit()','PUT',1,'admin','研发部门','/visa/knowledge','127.0.0.1','内网IP','{\"id\":1,\"params\":{},\"status\":\"1\"} ','{\"msg\":\"操作成功\",\"code\":200}',0,NULL,'2026-03-31 03:42:21',11),(434,'签证知识库',2,'com.ruoyi.visa.controller.VisaKnowledgeController.edit()','PUT',1,'admin','研发部门','/visa/knowledge','127.0.0.1','内网IP','{\"id\":1,\"params\":{},\"status\":\"0\"} ','{\"msg\":\"操作成功\",\"code\":200}',0,NULL,'2026-03-31 03:42:28',8),(435,'签证评价',3,'com.ruoyi.visa.controller.VisaCommentController.remove()','DELETE',1,'admin','研发部门','/visa/comment/6','127.0.0.1','内网IP','[6] ','{\"msg\":\"操作成功\",\"code\":200}',0,NULL,'2026-03-31 04:00:54',16),(436,'签证评价',3,'com.ruoyi.visa.controller.VisaCommentController.remove()','DELETE',1,'admin','研发部门','/visa/comment/7','127.0.0.1','内网IP','[7] ','{\"msg\":\"操作成功\",\"code\":200}',0,NULL,'2026-03-31 04:00:56',12),(437,'签证知识库',2,'com.ruoyi.visa.controller.VisaKnowledgeController.edit()','PUT',1,'admin','研发部门','/visa/knowledge','127.0.0.1','内网IP','{\"id\":1,\"params\":{},\"status\":\"0\"} ','{\"msg\":\"操作成功\",\"code\":200}',0,NULL,'2026-03-31 04:09:59',15),(438,'签证知识库',2,'com.ruoyi.visa.controller.VisaKnowledgeController.edit()','PUT',1,'admin','研发部门','/visa/knowledge','127.0.0.1','内网IP','{\"id\":2,\"params\":{},\"status\":\"0\"} ','{\"msg\":\"操作成功\",\"code\":200}',0,NULL,'2026-03-31 04:10:08',11),(439,'签证订单',2,'com.ruoyi.visa.controller.VisaOrderController.edit()','PUT',1,'admin','研发部门','/visa/order','127.0.0.1','内网IP','{\"auditRemark\":\"[{\\\"text\\\":\\\"不合格！！\\\",\\\"file\\\":\\\"\\\"}]\",\"id\":74,\"params\":{},\"status\":3,\"updateTime\":\"2026-03-31 18:24:27\"} ','{\"msg\":\"操作成功\",\"code\":200}',0,NULL,'2026-03-31 10:24:27',30),(440,'签证订单',2,'com.ruoyi.visa.controller.VisaOrderController.approve()','PUT',1,'admin','研发部门','/visa/order/approve/74','127.0.0.1','内网IP','74 {\"auditRemark\":\"[{\\\"text\\\":\\\"不合格！！\\\",\\\"file\\\":\\\"\\\"}]\",\"params\":{}} ','{\"msg\":\"操作成功\",\"code\":200}',0,NULL,'2026-03-31 10:25:00',20),(441,'签证订单',2,'com.ruoyi.visa.controller.VisaOrderController.edit()','PUT',1,'admin','研发部门','/visa/order','127.0.0.1','内网IP','{\"id\":74,\"params\":{},\"remark\":\"原件已入库\",\"status\":4,\"updateTime\":\"2026-03-31 18:25:39\"} ','{\"msg\":\"操作成功\",\"code\":200}',0,NULL,'2026-03-31 10:25:39',10),(442,'签证订单',2,'com.ruoyi.visa.controller.VisaOrderController.edit()','PUT',1,'admin','研发部门','/visa/order','127.0.0.1','内网IP','{\"id\":74,\"orderNo\":\"202603311822144D64F4\",\"params\":{\"courierCompany\":\"顺丰速运\"},\"status\":5,\"trackingNumber\":\"2782191727339\",\"updateTime\":\"2026-03-31 18:26:55\",\"visaResult\":\"[{\\\"status\\\":1,\\\"memo\\\":\\\"\\\",\\\"fileUrl\\\":\\\"/profile/upload/2026/03/31/pexels-alwaysontheroad-1766215_20260331182647A007.jpg\\\"}]\"} ','{\"msg\":\"操作成功\",\"code\":200}',0,NULL,'2026-03-31 10:26:55',25),(443,'签证评价',2,'com.ruoyi.visa.controller.VisaCommentController.edit()','PUT',1,'admin','研发部门','/visa/comment','127.0.0.1','内网IP','{\"adminReply\":\"对不起，下次一定\",\"id\":9,\"params\":{},\"replyTime\":\"2026-03-31\"} ','{\"msg\":\"操作成功\",\"code\":200}',0,NULL,'2026-03-31 10:32:47',14),(444,'签证知识库',2,'com.ruoyi.visa.controller.VisaKnowledgeController.edit()','PUT',1,'admin','研发部门','/visa/knowledge','127.0.0.1','内网IP','{\"id\":1,\"params\":{},\"status\":\"0\"} ','{\"msg\":\"操作成功\",\"code\":200}',0,NULL,'2026-03-31 12:56:54',12),(445,'签证知识库',2,'com.ruoyi.visa.controller.VisaKnowledgeController.edit()','PUT',1,'admin','研发部门','/visa/knowledge','127.0.0.1','内网IP','{\"id\":2,\"params\":{},\"status\":\"0\"} ','{\"msg\":\"操作成功\",\"code\":200}',0,NULL,'2026-03-31 12:56:56',6),(446,'用户管理',2,'com.ruoyi.web.controller.system.SysUserController.edit()','PUT',1,'admin','研发部门','/system/user','127.0.0.1','内网IP','{\"admin\":false,\"avatar\":\"\",\"createBy\":\"admin\",\"createTime\":\"2026-01-20 15:48:54\",\"delFlag\":\"0\",\"dept\":{\"ancestors\":\"0,100,101\",\"children\":[],\"deptId\":105,\"deptName\":\"测试部门\",\"leader\":\"若依\",\"orderNum\":3,\"params\":{},\"parentId\":101,\"status\":\"0\"},\"deptId\":105,\"email\":\"auditor@qq.com\",\"loginDate\":\"2026-01-20 15:48:54\",\"loginIp\":\"127.0.0.1\",\"nickName\":\"auditor\",\"params\":{},\"phonenumber\":\"15666666666\",\"postIds\":[2],\"pwdUpdateDate\":\"2026-01-20 15:48:54\",\"remark\":\"审核员\",\"roleIds\":[100],\"roles\":[{\"admin\":false,\"dataScope\":\"2\",\"deptCheckStrictly\":false,\"flag\":false,\"menuCheckStrictly\":false,\"params\":{},\"roleId\":2,\"roleKey\":\"common\",\"roleName\":\"普通角色\",\"roleSort\":2,\"status\":\"0\"}],\"sex\":\"1\",\"status\":\"0\",\"updateBy\":\"admin\",\"userId\":2,\"userName\":\"ry\"} ','{\"msg\":\"操作成功\",\"code\":200}',0,NULL,'2026-04-02 00:04:59',36),(447,'角色管理',2,'com.ruoyi.web.controller.system.SysRoleController.edit()','PUT',1,'admin','研发部门','/system/role','127.0.0.1','内网IP','{\"admin\":false,\"createTime\":\"2026-01-20 15:48:55\",\"dataScope\":\"2\",\"delFlag\":\"0\",\"deptCheckStrictly\":true,\"flag\":false,\"menuCheckStrictly\":true,\"menuIds\":[2030,2054,2036,2076,2082,2055,2000,2006,2012,2018,2063,2069,2031,2037,2077,2083,2001,2007,2013,2019,2064,2070,2072,2075,3,115,2042,2043,2044,2045,2046,2047,116,1055,1056,1057,1058,1059,1060,117],\"params\":{},\"remark\":\"客服\",\"roleId\":2,\"roleKey\":\"common\",\"roleName\":\"客服\",\"roleSort\":2,\"status\":\"0\",\"updateBy\":\"admin\"} ','{\"msg\":\"操作成功\",\"code\":200}',0,NULL,'2026-04-02 00:08:15',29),(448,'签证订单',2,'com.ruoyi.visa.controller.VisaOrderController.edit()','PUT',1,'admin','研发部门','/visa/order','127.0.0.1','内网IP','{\"auditRemark\":\"[{\\\"text\\\":\\\"户口本不清晰\\\",\\\"file\\\":\\\"\\\"}]\",\"id\":77,\"params\":{},\"status\":3,\"updateTime\":\"2026-04-02 08:27:13\"} ','{\"msg\":\"操作成功\",\"code\":200}',0,NULL,'2026-04-02 00:27:13',28),(449,'签证订单',2,'com.ruoyi.visa.controller.VisaOrderController.approve()','PUT',1,'admin','研发部门','/visa/order/approve/76','127.0.0.1','内网IP','76 {\"auditRemark\":\"[{\\\"text\\\":\\\"\\\",\\\"file\\\":\\\"\\\"}]\",\"params\":{}} ','{\"msg\":\"操作成功\",\"code\":200}',0,NULL,'2026-04-02 00:55:40',20),(450,'签证订单',2,'com.ruoyi.visa.controller.VisaOrderController.edit()','PUT',1,'admin','研发部门','/visa/order','127.0.0.1','内网IP','{\"id\":76,\"interviewSlots\":\"[\\\"2026-04-02 08:56:01\\\"]\",\"params\":{},\"status\":7,\"updateTime\":\"2026-04-02 08:56:03\"} ','{\"msg\":\"操作成功\",\"code\":200}',0,NULL,'2026-04-02 00:56:03',15),(451,'签证订单',2,'com.ruoyi.visa.controller.VisaOrderController.edit()','PUT',1,'admin','研发部门','/visa/order','127.0.0.1','内网IP','{\"id\":76,\"interviewSlots\":\"[\\\"2026-05-07 08:56:01\\\"]\",\"params\":{},\"status\":7,\"updateTime\":\"2026-04-02 08:56:38\"} ','{\"msg\":\"操作成功\",\"code\":200}',0,NULL,'2026-04-02 00:56:38',8);
/*!40000 ALTER TABLE `sys_oper_log` ENABLE KEYS */;
UNLOCK TABLES;

--
-- Table structure for table `sys_post`
--

DROP TABLE IF EXISTS `sys_post`;
/*!40101 SET @saved_cs_client     = @@character_set_client */;
/*!50503 SET character_set_client = utf8mb4 */;
CREATE TABLE `sys_post` (
  `post_id` bigint NOT NULL AUTO_INCREMENT COMMENT '岗位ID',
  `post_code` varchar(64) NOT NULL COMMENT '岗位编码',
  `post_name` varchar(50) NOT NULL COMMENT '岗位名称',
  `post_sort` int NOT NULL COMMENT '显示顺序',
  `status` char(1) NOT NULL COMMENT '状态（0正常 1停用）',
  `create_by` varchar(64) DEFAULT '' COMMENT '创建者',
  `create_time` datetime DEFAULT NULL COMMENT '创建时间',
  `update_by` varchar(64) DEFAULT '' COMMENT '更新者',
  `update_time` datetime DEFAULT NULL COMMENT '更新时间',
  `remark` varchar(500) DEFAULT NULL COMMENT '备注',
  PRIMARY KEY (`post_id`)
) ENGINE=InnoDB AUTO_INCREMENT=5 DEFAULT CHARSET=utf8mb4 COLLATE=utf8mb4_0900_ai_ci COMMENT='岗位信息表';
/*!40101 SET character_set_client = @saved_cs_client */;

--
-- Dumping data for table `sys_post`
--

LOCK TABLES `sys_post` WRITE;
/*!40000 ALTER TABLE `sys_post` DISABLE KEYS */;
INSERT INTO `sys_post` VALUES (1,'ceo','董事长',1,'0','admin','2026-01-20 15:48:54','',NULL,''),(2,'se','项目经理',2,'0','admin','2026-01-20 15:48:55','',NULL,''),(3,'hr','人力资源',3,'0','admin','2026-01-20 15:48:55','',NULL,''),(4,'user','普通员工',4,'0','admin','2026-01-20 15:48:55','',NULL,'');
/*!40000 ALTER TABLE `sys_post` ENABLE KEYS */;
UNLOCK TABLES;

--
-- Table structure for table `sys_role`
--

DROP TABLE IF EXISTS `sys_role`;
/*!40101 SET @saved_cs_client     = @@character_set_client */;
/*!50503 SET character_set_client = utf8mb4 */;
CREATE TABLE `sys_role` (
  `role_id` bigint NOT NULL AUTO_INCREMENT COMMENT '角色ID',
  `role_name` varchar(30) NOT NULL COMMENT '角色名称',
  `role_key` varchar(100) NOT NULL COMMENT '角色权限字符串',
  `role_sort` int NOT NULL COMMENT '显示顺序',
  `data_scope` char(1) DEFAULT '1' COMMENT '数据范围（1：全部数据权限 2：自定数据权限 3：本部门数据权限 4：本部门及以下数据权限）',
  `menu_check_strictly` tinyint(1) DEFAULT '1' COMMENT '菜单树选择项是否关联显示',
  `dept_check_strictly` tinyint(1) DEFAULT '1' COMMENT '部门树选择项是否关联显示',
  `status` char(1) NOT NULL COMMENT '角色状态（0正常 1停用）',
  `del_flag` char(1) DEFAULT '0' COMMENT '删除标志（0代表存在 2代表删除）',
  `create_by` varchar(64) DEFAULT '' COMMENT '创建者',
  `create_time` datetime DEFAULT NULL COMMENT '创建时间',
  `update_by` varchar(64) DEFAULT '' COMMENT '更新者',
  `update_time` datetime DEFAULT NULL COMMENT '更新时间',
  `remark` varchar(500) DEFAULT NULL COMMENT '备注',
  PRIMARY KEY (`role_id`)
) ENGINE=InnoDB AUTO_INCREMENT=101 DEFAULT CHARSET=utf8mb4 COLLATE=utf8mb4_0900_ai_ci COMMENT='角色信息表';
/*!40101 SET character_set_client = @saved_cs_client */;

--
-- Dumping data for table `sys_role`
--

LOCK TABLES `sys_role` WRITE;
/*!40000 ALTER TABLE `sys_role` DISABLE KEYS */;
INSERT INTO `sys_role` VALUES (1,'超级管理员','admin',1,'1',1,1,'0','0','admin','2026-01-20 15:48:55','',NULL,'超级管理员'),(2,'客服','common',2,'2',1,1,'0','0','admin','2026-01-20 15:48:55','admin','2026-04-02 00:08:15','客服'),(100,'审核员','auditor',3,'1',1,1,'0','0','admin','2026-03-31 02:40:12','',NULL,NULL);
/*!40000 ALTER TABLE `sys_role` ENABLE KEYS */;
UNLOCK TABLES;

--
-- Table structure for table `sys_role_dept`
--

DROP TABLE IF EXISTS `sys_role_dept`;
/*!40101 SET @saved_cs_client     = @@character_set_client */;
/*!50503 SET character_set_client = utf8mb4 */;
CREATE TABLE `sys_role_dept` (
  `role_id` bigint NOT NULL COMMENT '角色ID',
  `dept_id` bigint NOT NULL COMMENT '部门ID',
  PRIMARY KEY (`role_id`,`dept_id`)
) ENGINE=InnoDB DEFAULT CHARSET=utf8mb4 COLLATE=utf8mb4_0900_ai_ci COMMENT='角色和部门关联表';
/*!40101 SET character_set_client = @saved_cs_client */;

--
-- Dumping data for table `sys_role_dept`
--

LOCK TABLES `sys_role_dept` WRITE;
/*!40000 ALTER TABLE `sys_role_dept` DISABLE KEYS */;
INSERT INTO `sys_role_dept` VALUES (2,100),(2,101),(2,105);
/*!40000 ALTER TABLE `sys_role_dept` ENABLE KEYS */;
UNLOCK TABLES;

--
-- Table structure for table `sys_role_menu`
--

DROP TABLE IF EXISTS `sys_role_menu`;
/*!40101 SET @saved_cs_client     = @@character_set_client */;
/*!50503 SET character_set_client = utf8mb4 */;
CREATE TABLE `sys_role_menu` (
  `role_id` bigint NOT NULL COMMENT '角色ID',
  `menu_id` bigint NOT NULL COMMENT '菜单ID',
  PRIMARY KEY (`role_id`,`menu_id`)
) ENGINE=InnoDB DEFAULT CHARSET=utf8mb4 COLLATE=utf8mb4_0900_ai_ci COMMENT='角色和菜单关联表';
/*!40101 SET character_set_client = @saved_cs_client */;

--
-- Dumping data for table `sys_role_menu`
--

LOCK TABLES `sys_role_menu` WRITE;
/*!40000 ALTER TABLE `sys_role_menu` DISABLE KEYS */;
INSERT INTO `sys_role_menu` VALUES (2,3),(2,115),(2,116),(2,117),(2,1055),(2,1056),(2,1057),(2,1058),(2,1059),(2,1060),(2,2000),(2,2001),(2,2006),(2,2007),(2,2012),(2,2013),(2,2018),(2,2019),(2,2030),(2,2031),(2,2036),(2,2037),(2,2042),(2,2043),(2,2044),(2,2045),(2,2046),(2,2047),(2,2054),(2,2055),(2,2063),(2,2064),(2,2069),(2,2070),(2,2072),(2,2075),(2,2076),(2,2077),(2,2082),(2,2083),(100,2000),(100,2001),(100,2006),(100,2007),(100,2012),(100,2013),(100,2018),(100,2019),(100,2030),(100,2031),(100,2036),(100,2037),(100,2054),(100,2055),(100,2056),(100,2057),(100,2058),(100,2063),(100,2064),(100,2065),(100,2066),(100,2067),(100,2068),(100,2069),(100,2070),(100,2071),(100,2072),(100,2073),(100,2074),(100,2075),(100,2076),(100,2077),(100,2082),(100,2083);
/*!40000 ALTER TABLE `sys_role_menu` ENABLE KEYS */;
UNLOCK TABLES;

--
-- Table structure for table `sys_user`
--

DROP TABLE IF EXISTS `sys_user`;
/*!40101 SET @saved_cs_client     = @@character_set_client */;
/*!50503 SET character_set_client = utf8mb4 */;
CREATE TABLE `sys_user` (
  `user_id` bigint NOT NULL AUTO_INCREMENT COMMENT '用户ID',
  `dept_id` bigint DEFAULT NULL COMMENT '部门ID',
  `user_name` varchar(30) NOT NULL COMMENT '用户账号',
  `nick_name` varchar(30) NOT NULL COMMENT '用户昵称',
  `user_type` varchar(2) DEFAULT '00' COMMENT '用户类型（00系统用户）',
  `email` varchar(50) DEFAULT '' COMMENT '用户邮箱',
  `phonenumber` varchar(11) DEFAULT '' COMMENT '手机号码',
  `sex` char(1) DEFAULT '0' COMMENT '用户性别（0男 1女 2未知）',
  `avatar` varchar(100) DEFAULT '' COMMENT '头像地址',
  `password` varchar(100) DEFAULT '' COMMENT '密码',
  `status` char(1) DEFAULT '0' COMMENT '账号状态（0正常 1停用）',
  `del_flag` char(1) DEFAULT '0' COMMENT '删除标志（0代表存在 2代表删除）',
  `login_ip` varchar(128) DEFAULT '' COMMENT '最后登录IP',
  `login_date` datetime DEFAULT NULL COMMENT '最后登录时间',
  `pwd_update_date` datetime DEFAULT NULL COMMENT '密码最后更新时间',
  `create_by` varchar(64) DEFAULT '' COMMENT '创建者',
  `create_time` datetime DEFAULT NULL COMMENT '创建时间',
  `update_by` varchar(64) DEFAULT '' COMMENT '更新者',
  `update_time` datetime DEFAULT NULL COMMENT '更新时间',
  `remark` varchar(500) DEFAULT NULL COMMENT '备注',
  PRIMARY KEY (`user_id`)
) ENGINE=InnoDB AUTO_INCREMENT=100 DEFAULT CHARSET=utf8mb4 COLLATE=utf8mb4_0900_ai_ci COMMENT='用户信息表';
/*!40101 SET character_set_client = @saved_cs_client */;

--
-- Dumping data for table `sys_user`
--

LOCK TABLES `sys_user` WRITE;
/*!40000 ALTER TABLE `sys_user` DISABLE KEYS */;
INSERT INTO `sys_user` VALUES (1,103,'admin','bella','00','ry@163.com','15888888888','1','/profile/avatar/2026/03/25/ba30dd08e6a1467ea32ad38fa6ce0485.jpg','$2a$10$7JB720yubVSZvUI0rEqK/.VqGOZTH.ulu33dHOiBE8ByOhJIrdAu2','0','0','127.0.0.1','2026-04-25 19:47:32','2026-01-20 15:48:54','admin','2026-01-20 15:48:54','','2026-03-25 07:37:51','管理员'),(2,105,'ry','auditor','00','auditor@qq.com','15666666666','1','','$2a$10$7JB720yubVSZvUI0rEqK/.VqGOZTH.ulu33dHOiBE8ByOhJIrdAu2','0','0','127.0.0.1','2026-01-20 15:48:54','2026-01-20 15:48:54','admin','2026-01-20 15:48:54','admin','2026-04-02 00:04:59','审核员');
/*!40000 ALTER TABLE `sys_user` ENABLE KEYS */;
UNLOCK TABLES;

--
-- Table structure for table `sys_user_post`
--

DROP TABLE IF EXISTS `sys_user_post`;
/*!40101 SET @saved_cs_client     = @@character_set_client */;
/*!50503 SET character_set_client = utf8mb4 */;
CREATE TABLE `sys_user_post` (
  `user_id` bigint NOT NULL COMMENT '用户ID',
  `post_id` bigint NOT NULL COMMENT '岗位ID',
  PRIMARY KEY (`user_id`,`post_id`)
) ENGINE=InnoDB DEFAULT CHARSET=utf8mb4 COLLATE=utf8mb4_0900_ai_ci COMMENT='用户与岗位关联表';
/*!40101 SET character_set_client = @saved_cs_client */;

--
-- Dumping data for table `sys_user_post`
--

LOCK TABLES `sys_user_post` WRITE;
/*!40000 ALTER TABLE `sys_user_post` DISABLE KEYS */;
INSERT INTO `sys_user_post` VALUES (1,1),(2,2);
/*!40000 ALTER TABLE `sys_user_post` ENABLE KEYS */;
UNLOCK TABLES;

--
-- Table structure for table `sys_user_role`
--

DROP TABLE IF EXISTS `sys_user_role`;
/*!40101 SET @saved_cs_client     = @@character_set_client */;
/*!50503 SET character_set_client = utf8mb4 */;
CREATE TABLE `sys_user_role` (
  `user_id` bigint NOT NULL COMMENT '用户ID',
  `role_id` bigint NOT NULL COMMENT '角色ID',
  PRIMARY KEY (`user_id`,`role_id`)
) ENGINE=InnoDB DEFAULT CHARSET=utf8mb4 COLLATE=utf8mb4_0900_ai_ci COMMENT='用户和角色关联表';
/*!40101 SET character_set_client = @saved_cs_client */;

--
-- Dumping data for table `sys_user_role`
--

LOCK TABLES `sys_user_role` WRITE;
/*!40000 ALTER TABLE `sys_user_role` DISABLE KEYS */;
INSERT INTO `sys_user_role` VALUES (1,1),(2,100);
/*!40000 ALTER TABLE `sys_user_role` ENABLE KEYS */;
UNLOCK TABLES;

--
-- Table structure for table `visa_cart`
--

DROP TABLE IF EXISTS `visa_cart`;
/*!40101 SET @saved_cs_client     = @@character_set_client */;
/*!50503 SET character_set_client = utf8mb4 */;
CREATE TABLE `visa_cart` (
  `id` bigint NOT NULL AUTO_INCREMENT COMMENT '主键',
  `customer_id` bigint NOT NULL COMMENT '客户ID',
  `product_id` bigint NOT NULL COMMENT '产品ID',
  `create_time` datetime DEFAULT CURRENT_TIMESTAMP COMMENT '加入时间',
  `quantity` int DEFAULT '1' COMMENT '产品数量',
  PRIMARY KEY (`id`)
) ENGINE=InnoDB AUTO_INCREMENT=22 DEFAULT CHARSET=utf8mb4 COLLATE=utf8mb4_0900_ai_ci COMMENT='购物车表';
/*!40101 SET character_set_client = @saved_cs_client */;

--
-- Dumping data for table `visa_cart`
--

LOCK TABLES `visa_cart` WRITE;
/*!40000 ALTER TABLE `visa_cart` DISABLE KEYS */;
/*!40000 ALTER TABLE `visa_cart` ENABLE KEYS */;
UNLOCK TABLES;

--
-- Table structure for table `visa_comment`
--

DROP TABLE IF EXISTS `visa_comment`;
/*!40101 SET @saved_cs_client     = @@character_set_client */;
/*!50503 SET character_set_client = utf8mb4 */;
CREATE TABLE `visa_comment` (
  `id` bigint NOT NULL AUTO_INCREMENT COMMENT '评价ID',
  `order_id` bigint NOT NULL COMMENT '关联订单ID',
  `product_id` bigint NOT NULL COMMENT '关联产品ID',
  `customer_id` bigint NOT NULL COMMENT '关联客户ID',
  `rating` tinyint(1) DEFAULT '5' COMMENT '评分(1-5星)',
  `content` text NOT NULL COMMENT '评价内容',
  `images` json DEFAULT NULL COMMENT '晒图(JSON数组)',
  `admin_reply` text COMMENT '管理员回复',
  `reply_time` datetime DEFAULT NULL COMMENT '回复时间',
  `create_time` datetime DEFAULT CURRENT_TIMESTAMP COMMENT '评价时间',
  `additional_content` text COMMENT '追加评价内容',
  `additional_time` datetime DEFAULT NULL COMMENT '追加评价时间',
  PRIMARY KEY (`id`),
  UNIQUE KEY `uk_order_id` (`order_id`) USING BTREE,
  KEY `idx_product_id` (`product_id`) USING BTREE
) ENGINE=InnoDB AUTO_INCREMENT=10 DEFAULT CHARSET=utf8mb4 COLLATE=utf8mb4_0900_ai_ci COMMENT='签证评价表';
/*!40101 SET character_set_client = @saved_cs_client */;

--
-- Dumping data for table `visa_comment`
--

LOCK TABLES `visa_comment` WRITE;
/*!40000 ALTER TABLE `visa_comment` DISABLE KEYS */;
INSERT INTO `visa_comment` VALUES (8,71,3,1,5,'服务态度很好！',NULL,NULL,NULL,'2026-03-30 09:39:32',NULL,NULL),(9,74,3,1,4,'中介态度一般',NULL,'对不起，下次一定','2026-03-31 00:00:00','2026-03-31 18:27:48',NULL,NULL);
/*!40000 ALTER TABLE `visa_comment` ENABLE KEYS */;
UNLOCK TABLES;

--
-- Table structure for table `visa_country`
--

DROP TABLE IF EXISTS `visa_country`;
/*!40101 SET @saved_cs_client     = @@character_set_client */;
/*!50503 SET character_set_client = utf8mb4 */;
CREATE TABLE `visa_country` (
  `id` bigint NOT NULL AUTO_INCREMENT COMMENT 'ID',
  `name` varchar(50) NOT NULL COMMENT '国家名称(如:日本)',
  `code` varchar(20) DEFAULT NULL COMMENT '国家代码(如:JP)',
  `continent` varchar(20) DEFAULT NULL COMMENT '所属大洲(如:亚洲)',
  `flag_url` varchar(255) DEFAULT NULL COMMENT '国旗图片(可选)',
  `sort` int DEFAULT '0' COMMENT '排序',
  `status` char(1) DEFAULT '0' COMMENT '状态(0停用 1正常)',
  PRIMARY KEY (`id`)
) ENGINE=InnoDB AUTO_INCREMENT=6 DEFAULT CHARSET=utf8mb4 COLLATE=utf8mb4_0900_ai_ci COMMENT='国家配置表';
/*!40101 SET character_set_client = @saved_cs_client */;

--
-- Dumping data for table `visa_country`
--

LOCK TABLES `visa_country` WRITE;
/*!40000 ALTER TABLE `visa_country` DISABLE KEYS */;
INSERT INTO `visa_country` VALUES (1,'美国','USA','北美洲','/profile/upload/2026/03/25/pexels-sharefaith-491036-1202723_20260325155056A006.jpg',1,'1'),(2,'日本','JP','亚洲','/profile/upload/2026/03/25/pexels-viridianaor-30856678_20260325155208A007.jpg',2,'1'),(5,'澳大利亚','Australia','大洋洲','/profile/upload/2026/03/27/pexels-alwaysontheroad-1766215_20260327083324A004.jpg',3,'1');
/*!40000 ALTER TABLE `visa_country` ENABLE KEYS */;
UNLOCK TABLES;

--
-- Table structure for table `visa_district`
--

DROP TABLE IF EXISTS `visa_district`;
/*!40101 SET @saved_cs_client     = @@character_set_client */;
/*!50503 SET character_set_client = utf8mb4 */;
CREATE TABLE `visa_district` (
  `id` bigint NOT NULL AUTO_INCREMENT COMMENT 'ID',
  `name` varchar(50) NOT NULL COMMENT '领区名称(如:北京领区)',
  `cover_area` varchar(500) DEFAULT NULL COMMENT '覆盖省份(如:京,津,冀)',
  `sort` int DEFAULT '0' COMMENT '排序',
  `status` char(1) DEFAULT '0' COMMENT '状态（0停用 1正常）',
  PRIMARY KEY (`id`)
) ENGINE=InnoDB AUTO_INCREMENT=6 DEFAULT CHARSET=utf8mb4 COLLATE=utf8mb4_0900_ai_ci COMMENT='领区配置表';
/*!40101 SET character_set_client = @saved_cs_client */;

--
-- Dumping data for table `visa_district`
--

LOCK TABLES `visa_district` WRITE;
/*!40000 ALTER TABLE `visa_district` DISABLE KEYS */;
INSERT INTO `visa_district` VALUES (1,'北京领区','北京、天津、河北、山西、内蒙古、山东、湖北、湖南、江西',1,'1'),(2,'上海领区','上海、江苏、浙江、安徽',2,'1'),(3,'全国通用','全国',3,'1'),(4,'广州领区','广东、福建、广西、海南',4,'1'),(5,'成都领区','四川、重庆、云南、贵州、西藏',5,'1');
/*!40000 ALTER TABLE `visa_district` ENABLE KEYS */;
UNLOCK TABLES;

--
-- Table structure for table `visa_knowledge`
--

DROP TABLE IF EXISTS `visa_knowledge`;
/*!40101 SET @saved_cs_client     = @@character_set_client */;
/*!50503 SET character_set_client = utf8mb4 */;
CREATE TABLE `visa_knowledge` (
  `id` bigint NOT NULL AUTO_INCREMENT COMMENT '主键ID',
  `category` varchar(50) DEFAULT NULL COMMENT '分类(如:日本/美国/通用)',
  `title` varchar(200) NOT NULL COMMENT '知识点标题',
  `keywords` varchar(500) DEFAULT NULL COMMENT '搜索关键词(逗号分隔)',
  `content` text NOT NULL COMMENT '详细内容(给AI看的资料)',
  `status` char(1) DEFAULT '0' COMMENT '状态(0正常 1停用)',
  `create_time` datetime DEFAULT CURRENT_TIMESTAMP,
  `embedding` longtext COMMENT '知识点语义向量(JSON格式浮点数组，由Embedding API生成)',
  PRIMARY KEY (`id`)
) ENGINE=InnoDB AUTO_INCREMENT=9 DEFAULT CHARSET=utf8mb4 COLLATE=utf8mb4_0900_ai_ci COMMENT='签证知识库表';
/*!40101 SET character_set_client = @saved_cs_client */;

--
-- Dumping data for table `visa_knowledge`
--

LOCK TABLES `visa_knowledge` WRITE;
/*!40000 ALTER TABLE `visa_knowledge` DISABLE KEYS */;
INSERT INTO `visa_knowledge` VALUES (3,'美国','美国B1/B2签证材料要求','美国签证,B1,B2,材料,申请','申请美国B1/B2旅游/商务签证需要准备以下材料：\n1. 有效护照（有效期须超过赴美预定停留日期后6个月）\n2. DS-160在线申请表（已提交并打印确认页）\n3. 签证照片（白底，2英寸×2英寸）\n4. 银行存款证明（近3个月流水及存款余额，建议10万元以上）\n5. 在职证明/营业执照（证明有稳定工作或生意）\n6. 房产证/车产证（资产证明）\n7. 行程单（机票预订单、酒店预订单）\n8. 往来记录（如有赴美历史记录，效果更佳）','0','2026-04-19 11:28:56','[-0.06187565624713898,-0.003248684573918581,0.019864296540617943,-0.008748230524361134,0.01248430646955967,0.04684627801179886,0.01773749850690365,-0.007185033988207579,0.010485116392374039,0.0716305673122406,0.029236389324069023,-0.02525218576192856,-0.06783068925142288,0.06658297032117844,0.05294310301542282,-0.023933570832014084,0.001657130429521203,-0.03799879923462868,-0.051525235176086426,0.010173185728490353,0.030313966795802116,0.04023902490735054,0.018971040844917297,0.014944303780794144,0.049908868968486786,0.014334620907902718,0.07917361706495285,0.0046505993232131004,-0.022487347945570946,0.025464866310358047,-0.02601783350110054,-0.02946324646472931,-0.05087301880121231,-0.01959490217268467,-0.014887589029967785,5.037853843532503E-4,-0.010343329049646854,0.03992709517478943,0.03434070572257042,-0.02019040659070015,0.023196281865239143,2.001627435674891E-4,-0.031930334866046906,0.03317805379629135,0.04486126825213432,0.09068668633699417,-0.043131470680236816,0.002094896510243416,-0.015639057382941246,0.018446430563926697,0.016943493857979774,-0.043131470680236816,0.010853760875761509,0.030002035200595856,0.039416663348674774,-0.0361555740237236,-0.013278311118483543,0.02506786398589611,0.0065328157506883144,0.032951194792985916,0.010506384074687958,0.023905213922262192,0.051071517169475555,0.005526131018996239,0.026882732287049294,-0.02606036886572838,0.009733647108078003,0.021367235109210014,0.02145230583846569,-0.020162047818303108,0.025365615263581276,-0.025720082223415375,-0.009655664674937725,-0.01622038148343563,-0.02123962715268135,0.030115464702248573,-0.03607049956917763,0.05852949246764183,-0.017865106463432312,0.001448881346732378,-0.003507445100694895,-0.010669438168406487,-0.03068261221051216,-0.005267370492219925,0.021863486617803574,0.025223828852176666,-0.018347181379795074,6.951972027309239E-4,0.00521420082077384,0.03297955542802811,0.020842624828219414,-0.01246303878724575,-0.02047397941350937,0.07077985256910324,-0.04803728684782982,-0.007784082088619471,-0.02162245102226734,0.00439892802387476,-0.016546491533517838,0.03553171083331108,-0.05098644644021988,-0.04080617055296898,-0.030399037525057793,-0.038254015147686005,0.022288847714662552,0.1208021491765976,0.025195471942424774,0.0019194355700165033,-0.001385077484883368,0.008251978084445,6.74593829899095E-5,-0.01980758272111416,-0.01987847499549389,0.03357505798339844,-0.00576007878407836,0.03587200120091438,0.011463443748652935,0.014405514113605022,-0.04185539111495018,0.04772535711526871,-0.008166905492544174,0.01734049618244171,0.014008511789143085,-0.03845251351594925,-0.002695716917514801,-0.008457568474113941,0.024415645748376846,-0.006568262353539467,0.010485116392374039,-0.00328235886991024,0.02464250475168228,0.010818314738571644,0.015752486884593964,0.008131459355354309,-0.007004255894571543,-0.06834112107753754,0.0014816694892942905,-0.011718658730387688,-0.012555199675261974,-0.0016987802227959037,-0.03873608633875847,-0.010669438168406487,0.010626902803778648,0.018829254433512688,-0.03748836740851402,-0.038565944880247116,-0.0032628632616251707,0.005090137477964163,-0.011654854752123356,0.008549729362130165,-0.05212073773145676,-0.033688485622406006,-0.01439842488616705,0.03882116079330444,-0.028995351865887642,-0.02903788723051548,0.01292384508997202,-0.016305454075336456,0.03612721711397171,-0.03638242930173874,-0.03008710779249668,0.02647155150771141,0.017709141597151756,-0.07599759846925735,0.004810108803212643,-0.011435085907578468,2.5089575501624495E-5,-0.018375538289546967,0.01341300830245018,-0.054474394768476486,-0.013079809956252575,-0.01709945872426033,-0.026840195059776306,0.007585580926388502,0.012767879292368889,0.015454734675586224,-0.02577679604291916,0.029434889554977417,-0.029831891879439354,7.421640475513414E-5,-0.006082643289119005,-0.0010439035249873996,0.011576872318983078,-0.014887589029967785,0.04508812725543976,0.012243269011378288,0.05263116955757141,0.010733242146670818,0.028357312083244324,-0.012448860332369804,-0.007762813940644264,0.07077985256910324,-0.02366417646408081,0.010860850103199482,0.06505167484283447,-0.012278716079890728,-0.019197899848222733,0.0018556315917521715,0.12636017799377441,0.05041930079460144,-0.07843632251024246,-0.03459592163562775,0.0114988898858428,0.01990683376789093,0.07117684930562973,0.008812034502625465,-0.012009321711957455,-0.030994541943073273,0.014561479911208153,0.0013496307656168938,-0.009173590689897537,0.007280739955604076,0.0010802363976836205,-1.8022401491180062E-4,-0.026287227869033813,0.013235775753855705,-0.07418272644281387,-0.008790766820311546,0.016021881252527237,0.0166740994900465,-0.010860850103199482,0.014759981073439121,0.019467294216156006,-0.020970232784748077,-0.020346371456980705,-0.006568262353539467,0.0065080029889941216,-0.04911486431956291,-0.049313366413116455,0.026386478915810585,0.03468099236488342,-0.015057732351124287,0.0238768570125103,-3.024041361641139E-4,0.04270611330866814,0.004579705651849508,-0.03564514219760895,0.019850118085741997,-0.021891845390200615,0.01783674955368042,-0.004296132829040289,-0.007082238793373108,0.01262609288096428,0.0012042996240779757,-0.027534950524568558,-0.09204783290624619,-0.014476407319307327,-0.018247930333018303,0.010499294847249985,-0.026202155277132988,-0.044322479516267776,-0.0474134236574173,0.009372091852128506,0.039303235709667206,-0.012916755862534046,-0.008124370127916336,0.007755724713206291,0.034397419542074203,0.026273049414157867,0.010853760875761509,-0.01164067629724741,-0.005416246596723795,-0.01481669582426548,-0.015454734675586224,0.047838784754276276,0.010400043800473213,-0.01826210878789425,0.0062917787581682205,-0.008400853723287582,-0.021537378430366516,-0.01924043521285057,0.013434276916086674,0.0293214600533247,0.00740834791213274,0.011491800658404827,0.0013265905436128378,-0.05631761997938156,0.04406726360321045,0.005728176794946194,0.01990683376789093,0.04982379823923111,-0.01576666533946991,0.02847074158489704,-0.05572211742401123,-0.041486747562885284,0.014986839145421982,-0.0365242175757885,-0.01569577120244503,0.03601378574967384,0.048746220767498016,-0.024982791393995285,0.0033284395467489958,0.024146251380443573,0.010506384074687958,-0.006919184233993292,0.0026336852461099625,0.004342213273048401,0.009251573123037815,-0.0842779278755188,-0.0159793458878994,-0.022104524075984955,-0.028626706451177597,-0.008067655377089977,0.011420907452702522,7.988786674104631E-4,0.05277295783162117,-0.010882118716835976,-0.06692325323820114,-0.05575047433376312,-0.040465883910655975,0.03714807704091072,-0.0021870576310902834,-0.060968220233917236,-0.004753394518047571,0.029888607561588287,-0.028499098494648933,-0.028201347216963768,-0.023508211597800255,0.033404912799596786,0.054786328226327896,0.06471138447523117,-0.035163067281246185,-0.06998584419488907,0.005887686740607023,0.025677544996142387,0.027152126654982567,0.011016815900802612,0.005894776433706284,0.014051048085093498,-0.005650194361805916,-0.07276485860347748,0.0024582245387136936,-0.043698616325855255,-0.02703869715332985,-0.0031494339928030968,-3.8415295421145856E-4,0.022600777447223663,0.003363886149600148,-0.022813457995653152,0.002291625365614891,0.07509016245603561,0.03873608633875847,0.05129837617278099,-0.005093682091683149,0.017255423590540886,-0.010577277280390263,0.05504154413938522,0.013313758186995983,-0.010641081258654594,5.941743147559464E-4,0.03198704868555069,-0.023607462644577026,-0.020757552236318588,0.014164477586746216,-0.009393359534442425,0.05776384472846985,0.0046576885506510735,-0.011456353589892387,-0.05280131474137306,0.017297960817813873,0.02749241329729557,-0.03669436275959015,-0.10923236608505249,0.059777215123176575,0.0057494449429214,-0.02380596287548542,0.003230961272493005,0.023649998009204865,-0.020133690908551216,0.030399037525057793,0.024316394701600075,0.03246912360191345,-0.03524813801050186,-0.006975898519158363,0.027336448431015015,0.008861660026013851,-0.027903594076633453,0.03496456518769264,0.018843432888388634,-0.01748228259384632,-0.12772133946418762,0.007266561035066843,-0.02204781025648117,0.007876243442296982,-0.013299579732120037,-0.007025524042546749,-0.018871791660785675,-0.018985221162438393,0.010385865345597267,-0.0021569279488176107,0.009932148270308971,-0.017879284918308258,0.022458991035819054,-0.015440556220710278,0.06612925231456757,-0.007323275785893202,0.017212888225913048,-0.04111810401082039,0.03989873826503754,-0.03312133997678757,-0.02482682652771473,0.004416651092469692,-0.0035039002541452646,-0.030143821612000465,0.005044057033956051,0.004320945590734482,9.520746243651956E-5,-0.018588218837976456,-0.034709349274635315,-4.0830098441801965E-4,-0.012512664310634136,-0.016688277944922447,-0.04596720263361931,0.02692526765167713,-0.015454734675586224,-0.009932148270308971,0.01367531344294548,-0.01997772604227066,-0.006025929003953934,0.05498482659459114,0.00383532652631402,-0.012881308794021606,-0.014901767484843731,0.03726150840520859,-0.010541831143200397,0.12250358611345291,0.03286612406373024,-0.02528054267168045,0.029208030551671982,-0.009067250415682793,0.007507598493248224,-0.03215719014406204,-0.03275269642472267,0.015256233513355255,0.029661748558282852,-0.01402978040277958,-0.0011918932432308793,-0.027974488213658333,-0.043982189148664474,-0.03232733532786369,-0.02454325370490551,-0.005200021900236607,-0.032213907688856125,0.004480455070734024,-0.004856189712882042,0.0459955595433712,-3.4737015539576532E-6,-0.04681792110204697,0.0727081447839737,-0.026499908417463303,-0.0035517532378435135,-0.05524004250764847,0.003668727120384574,0.012633182108402252,0.02587604708969593,0.010258257389068604,0.02552158012986183,-0.013576063327491283,0.02102694660425186,0.020700838416814804,0.007592670153826475,-0.0166740994900465,0.046959709376096725,-0.02903788723051548,0.012214912101626396,-0.054332610219717026,0.034255631268024445,-0.02068665809929371,-0.008712784387171268,-0.024415645748376846,0.03054082579910755,0.024202965199947357,-0.0467044934630394,-0.01548309251666069,0.02135305665433407,-0.022586598992347717,-0.02162245102226734,0.0516103059053421,0.0016792846145108342,-0.018418073654174805,0.0012645588722079992,-0.01010938175022602,0.006341403815895319,-0.016730813309550285,-0.035900358110666275,-0.03184526041150093,0.020658301189541817,0.041656892746686935,0.02183512970805168,-0.015114447101950645,0.019438937306404114,7.253268850035965E-4,-0.045768700540065765,-0.013143613934516907,0.00850010383874178,-0.008840392343699932,-0.029378175735473633,0.056799694895744324,0.01902775652706623,0.04511648416519165,0.02190602384507656,0.012959291227161884,0.01959490217268467,0.013668224215507507,-0.05200731009244919,0.008563907817006111,0.030257251113653183,0.033263128250837326,-0.0022951699793338776,-0.04647763445973396,-0.019467294216156006,0.009974684566259384,0.06890826672315598,-0.010151918046176434,2.05479736905545E-5,0.016702456399798393,-0.0025450687389820814,-0.02808791771531105,-0.004877457860857248,-0.01997772604227066,0.015440556220710278,0.010151918046176434,-0.03519142419099808,0.010350419208407402,-0.04642092064023018,0.020814266055822372,-0.030455753207206726,-0.041061386466026306,0.07741545885801315,-0.052092380821704865,-0.0037148077972233295,-0.028640884906053543,0.01572412997484207,0.04537170007824898,-0.017850928008556366,-0.023834319785237312,-0.007514687720686197,0.011470532976090908,0.009159411303699017,0.0015835786471143365,-0.003856594441458583,-0.02021876350045204,-9.517422877252102E-4,-0.018730005249381065,0.02903788723051548,-0.01504355389624834,0.008783677592873573,-0.03317805379629135,-0.039019662886857986,0.013965976424515247,0.0934089869260788,0.030172180384397507,-0.022104524075984955,-0.017014387995004654,0.003124621231108904,0.009379181079566479,0.05039094388484955,-0.011420907452702522,-0.04216732457280159,0.02342313900589943,-0.02173587866127491,0.025620831176638603,0.02706705406308174,0.02773345075547695,-0.047668639570474625,-0.0050086104311048985,0.0013859636383131146,0.012633182108402252,-0.003004102734848857,0.05291474238038063,-0.017950179055333138,0.01518534030765295,-0.04287625476717949,0.021962737664580345,0.039870381355285645,0.03139154240489006,0.010038488544523716,0.012037678621709347,0.04293296858668327,0.008528461679816246,0.0021214813459664583,-0.049143221229314804,0.03760179504752159,-0.03683614730834961,-0.07344543933868408,0.0254506878554821,-0.0018963952315971255,0.0303706806153059,-0.06374723464250565,-0.02692526765167713,0.008124370127916336,-0.0322989784181118,-0.08297349512577057,0.0044237407855689526,-0.0085142832249403,0.04514484107494354,-0.03286612406373024,-0.016461418941617012,0.0035677042324095964,0.006025929003953934,0.004101176280528307,-0.01260482519865036,-0.002541524125263095,-6.141130579635501E-4,-0.01921207830309868,0.005260281264781952,0.039586808532476425,-4.971391172148287E-4,0.0052248346619307995,-0.027407342568039894,0.04330161586403847,-0.03436906263232231,0.03244076296687126,-0.018531503155827522,0.012151108123362064,0.012236179783940315,-0.007330365013331175,-0.003191969823092222,-0.019127007573843002,0.005955035332590342,-0.0016952354926615953,-4.158334049861878E-4,-0.003927487879991531,-0.028357312083244324,-0.04270611330866814,0.013051453046500683,-0.03374519944190979,0.011959696188569069,0.021083662286400795,9.242711239494383E-4,-0.013420097529888153,0.022728385403752327,-0.0200202614068985,0.004668322391808033,-0.02152319997549057,-0.04069274291396141,6.6019369114656E-5,-0.01790764182806015,-0.03348998352885246,0.02019040659070015,-0.004040916915982962,0.012952201999723911,0.024075357243418694,-0.007266561035066843,-0.009967595338821411,0.005511952564120293,0.012448860332369804,-0.05368039011955261,0.011328745633363724,-0.0063378592021763325,0.040891245007514954,0.06788740307092667,-0.004771117586642504,-0.004246507305651903,0.051383450627326965,-0.003004102734848857,0.003743165172636509,-0.03496456518769264,-0.007156676612794399,0.025223828852176666,0.02727973461151123,0.020388906821608543,0.036921221762895584,-0.0018237296026200056,0.006036562845110893,0.010747421532869339,0.006497369147837162,-0.0020594496745616198,-0.004009014926850796,0.037942081689834595,-0.04937008023262024,-0.02654244378209114,0.054020680487155914,-0.021338876336812973,0.02773345075547695,0.004739215597510338,-0.025096220895648003,-0.016347989439964294,0.042082250118255615,0.015497270971536636,0.04690299555659294,0.05013572797179222,-0.004264230839908123,-0.02040308527648449,0.027818523347377777,-0.0048207431100308895,-0.00425714161247015,0.061989083886146545,0.04687463492155075,0.04077781364321709,0.014759981073439121,0.005526131018996239,3.538017626851797E-4,-0.0238768570125103,-0.028399847447872162,-0.010988458059728146,-0.036637645214796066,-0.002580515341833234,0.050050657242536545,0.04911486431956291,-0.09981773793697357,-0.046959709376096725,-0.09102696925401688,0.047243282198905945,-0.003693539882078767,0.0011369509156793356,-0.02630140632390976,0.01091756485402584,0.029151316732168198,0.02625887095928192,-0.03700629249215126,0.044435907155275345,-0.04786714166402817,0.012583557516336441,-0.015015196986496449,0.011959696188569069,0.035758569836616516,0.007160221226513386,-0.01385254692286253,0.005402068141847849,0.012087304145097733,0.011229495517909527,2.1755375200882554E-4,0.025025328621268272,-0.03533320873975754,0.05526839941740036,0.08665994554758072,0.0033497074618935585,0.002656725700944662,-0.03587200120091438,-0.020445622503757477,-0.0244014672935009,0.026854373514652252,0.01141381822526455,-0.020105333998799324,-0.036183930933475494,-0.028981173411011696,0.02471339702606201,0.0375734381377697,0.008868749253451824,-0.027449877932667732,0.033234771341085434,-0.058416061103343964,7.558995857834816E-4,0.09624471515417099,0.05345353111624718,-0.016617385670542717,0.016475597396492958,-0.02085680328309536,0.018559860065579414,0.06420095264911652,-0.05733848363161087,-0.020147869363427162,0.010626902803778648,7.253268850035965E-4,0.02749241329729557,-0.025408150628209114,-0.04911486431956291,-4.182703560218215E-4,0.07015599310398102,0.033404912799596786,0.03363177180290222,-0.020885160192847252,0.005522586405277252,0.0065399049781262875,0.05050437152385712,0.0881345272064209,-0.028924457728862762,-0.04012559726834297,0.00396647909656167,0.008344138972461224,-5.219517624936998E-4,0.02092769555747509,0.053283389657735825,-0.03218555077910423,0.012930934317409992,0.03924651816487312,-0.027378983795642853,0.01812032237648964,0.033660128712654114,-0.04117481783032417,-0.00466123316437006,-0.010059756226837635,0.025961119681596756,0.021112019196152687,0.04437919333577156,-4.754280671477318E-4,0.023295531049370766,-0.014327531680464745,-0.01030788291245699,0.007507598493248224,0.006146447267383337,0.01230707298964262,-0.024699218571186066,-0.015270412899553776,7.616596994921565E-4,-0.035276494920253754,-0.05509825795888901,0.014362978748977184,-0.01083249319344759,-0.011605230160057545,0.008244888857007027,-0.03286612406373024,-0.0027134402189403772,-0.02099858969449997,0.009216126054525375,-0.014483497478067875,-0.020800087600946426,0.023111209273338318,-0.03788536787033081,-0.06193237006664276,0.0038991302717477083,-0.015709951519966125,0.03388698771595955,0.020346371456980705,-0.03391534462571144,-0.023267174139618874,0.0015383841237053275,0.009251573123037815,-0.016475597396492958,-0.011314567178487778,0.01292384508997202,-0.008968000300228596,0.029888607561588287,-0.02204781025648117,0.009669843129813671,-0.0026035557966679335,0.002901307540014386,0.03550335392355919,0.013576063327491283,-0.027364805340766907,0.0018086647614836693,-0.012590646743774414,0.004186247941106558,-0.06692325323820114,0.0200202614068985,-0.01854568161070347,0.00932246632874012,-0.016177846118807793,-0.030852755531668663,-0.0303706806153059,-0.053425174206495285,-0.026145441457629204,0.023720892146229744,0.04160017520189285,-0.004001925699412823,0.0215940922498703,-0.0516103059053421,0.01857403852045536,0.024770112708210945,-0.03479442000389099,0.014511854387819767,-0.001258355681784451,0.030767682939767838,0.016418883576989174,0.05541018769145012,-0.041344959288835526,0.01850314624607563,0.014228281565010548,-0.0589832104742527,0.029860248789191246,-0.009308287873864174,-0.0029349818360060453,0.018900148570537567,-0.03246912360191345,-0.011314567178487778,0.06686653941869736,0.04009724035859108,0.015894273295998573,-0.024812648072838783,-0.00644419901072979,0.013923440128564835,-0.027818523347377777,0.015312948264181614,0.013746206648647785,0.05203566700220108,-0.010173185728490353,-0.011222406290471554,2.5344346067868173E-4,0.01983593963086605,-0.0022349106147885323,0.04021066799759865,-0.020700838416814804,-0.015525627881288528,0.010442580096423626,-0.004725037142634392,-0.01881507597863674,0.016177846118807793,-0.008188174106180668,-0.010144827887415886,-0.01983593963086605,0.011023905128240585,-0.002997013507410884,0.07588416337966919,-0.013320847414433956,-0.027393164113163948,0.00550486333668232,0.022473169490695,0.040579311549663544,2.1755375200882554E-4,0.00725947180762887,-0.030569182708859444,-0.007011345587670803,0.015001017600297928,0.03306462615728378,0.015525627881288528,-0.02366417646408081,0.004990886896848679,-1.2494940892793238E-4,0.002940298756584525,0.04559855908155441,-0.016688277944922447,-0.0011626498308032751,0.029973678290843964,0.00712831923738122,0.022203775122761726,0.020289655774831772,-0.08563908189535141,0.024599967524409294,-0.009109786711633205,0.053595319390296936,5.23724127560854E-4,0.004211060702800751,-0.07276485860347748,0.02116873301565647,0.019651617854833603,-0.04469112306833267,0.07072313874959946,0.031193042173981667,0.007160221226513386,0.01980758272111416,-0.0023359335027635098,0.03859430178999901,0.06544867902994156,-0.037658508867025375,0.0016633336199447513,-0.009372091852128506,0.06505167484283447,-0.013583152554929256,-0.006543449591845274,-0.04409562051296234,0.010095203295350075,-0.012363787740468979,-0.006993622053414583,0.050617802888154984,0.014859231188893318,0.025549938902258873,0.016106953844428062,0.006107456050813198,-0.05027751252055168,-0.06720682978630066,0.016234561800956726,0.017893463373184204,-0.03683614730834961,0.0226433128118515,0.059039924293756485,0.04653434827923775,0.025691725313663483,0.010605634190142155,-0.005012155044823885,0.05660119280219078,-0.00807474460452795,0.012548110447824001,-0.03297955542802811,1.3358952128328383E-4,0.023011958226561546,0.017014387995004654,-0.035616785287857056,0.0031547509133815765,-0.037800297141075134,0.021650807932019234,0.020204585045576096,-0.005834517069160938,-0.04979544132947922,-0.03876444697380066,-0.08756738156080246,-0.003177791368216276,0.008847481571137905,-0.09635814279317856,-0.05322667583823204,8.396423072554171E-4,0.022600777447223663,-0.04205389320850372,-0.030909469351172447,-0.02934981696307659,0.0012122751213610172,0.019368043169379234,-0.006412297021597624,-0.039133090525865555,0.02464250475168228,0.01636216975748539,2.9243476456031203E-4,0.04758356884121895,0.020034441724419594,0.006174804642796516,0.03984202444553375,-7.34631612431258E-4,-0.021112019196152687,0.02342313900589943,-0.05104316025972366,0.02425968088209629,0.0365242175757885,8.493901113979518E-4,-0.025535758584737778,0.009769094176590443,0.01051347330212593,-0.027676736935973167,0.03799879923462868,-0.039445020258426666,-0.02949160523712635,-0.007762813940644264,-0.03082439862191677,0.0015906679909676313,1.9373804389033467E-4,0.017085280269384384,-0.025308901444077492,-0.007337454240769148,-0.004586795344948769,0.02152319997549057,-0.034567564725875854,-0.009081428870558739,0.048717860132455826,-0.0013771019876003265,-0.02854163385927677]'),(4,'美国','美国签证面签流程','美国签证,面签,大使馆,预约,流程','美国签证面签流程如下：\n1. 缴纳签证申请费（MRV费用，约1105元人民币）\n2. 登录美国签证预约网站完成DS-160表格\n3. 在预约网站创建账户并缴费\n4. 预约面签时间（北京/上海/广州/沈阳/成都均设有使馆）\n5. 面签当日提前15分钟到达，携带所有材料\n6. 安检入场→排队等候→窗口面谈（约2-5分钟）\n7. 当场告知是否获批，或通知补充材料\n8. 护照邮寄返还（通常3-5个工作日）','0','2026-04-19 11:28:56','[-0.05977248027920723,-0.017459124326705933,-0.0034317048266530037,-0.032054729759693146,-0.005299594718962908,0.02208801731467247,0.04887442663311958,0.004931229632347822,0.014248090796172619,0.043731216341257095,-0.021101076155900955,-0.005098036490380764,-0.08284743875265121,0.09936132282018661,-0.0064811441116034985,0.017473025247454643,0.009730403311550617,-0.038504596799612045,-0.0040381173603236675,0.053572822362184525,-0.006800857372581959,0.05454586446285248,0.03477924317121506,-0.011794639751315117,0.023213963955640793,0.04968066141009331,0.07578594237565994,-0.004208399448543787,-0.019446907564997673,-0.014345395378768444,-0.04737316444516182,-0.055185288190841675,-0.034362226724624634,-0.024367710575461388,0.016986504197120667,-0.009480193257331848,-0.00763141643255949,0.02549365721642971,0.037086740136146545,-0.009035374969244003,0.07595275342464447,-0.014581705443561077,-0.026522301137447357,0.060217298567295074,0.006446392275393009,0.04492666572332382,-0.08195780217647552,0.015624248422682285,-0.01648608408868313,-0.0509595163166523,-0.01832096092402935,-0.01904379017651081,0.05209936201572418,-0.025785569101572037,-0.024353809654712677,-0.01121081504970789,-0.002877419348806143,0.026508400216698647,-0.001542964018881321,-0.015360137447714806,0.009653950110077858,0.02206021547317505,0.06955848634243011,0.046928346157073975,0.007839925587177277,0.006425541825592518,0.024465015158057213,0.04345320165157318,0.020767461508512497,-0.02085086517035961,0.056464143097400665,-0.005091086030006409,0.03950544074177742,-0.008979772217571735,-0.01827925816178322,0.020753560587763786,-0.043703414499759674,0.0319991260766983,0.006432491820305586,-0.003282273653894663,0.010654792189598083,-0.04779018461704254,-0.01990562677383423,-0.033861804753541946,-0.006839083973318338,0.014025681652128696,-0.04111790657043457,-0.005727037787437439,0.019266199320554733,0.032026927918195724,0.0136434156447649,7.449840195477009E-4,0.028398878872394562,0.06405385583639145,-0.03747595474123955,-0.004118045791983604,-0.02385338954627514,0.007554963696748018,-0.02318616211414337,0.04328639432787895,-0.037587158381938934,-0.058604832738637924,0.03016425110399723,-0.025090541690587997,0.005139738321304321,0.1232147142291069,-0.01030727755278349,-0.020934268832206726,-0.010022316128015518,-0.020183637738227844,-0.007798223756253719,-0.060940127819776535,0.00222235475666821,0.02407579869031906,0.042285554111003876,-0.0260635819286108,2.979936252813786E-4,0.013831074349582195,2.975592215079814E-4,0.043147388845682144,-0.03361159563064575,0.03817098215222359,0.03174891695380211,-0.04995867237448692,4.829907265957445E-5,-0.03155430778861046,0.007902477867901325,-0.02675861120223999,-0.016374878585338593,0.007937229238450527,0.021226180717349052,-0.010898051783442497,1.903727388707921E-4,-0.007092769257724285,0.01830706000328064,-0.01648608408868313,0.02941362001001835,-0.016583388671278954,-0.056297335773706436,-0.033472590148448944,-0.04364781081676483,0.010640891268849373,0.025076640769839287,2.636765711940825E-4,-0.03911622241139412,-0.025896774604916573,0.04562169313430786,0.02852398343384266,-0.001268427586182952,-0.00453853840008378,-0.010286427102982998,0.014400997199118137,-0.007978931069374084,0.01427589263767004,0.010710394009947777,-0.05832682177424431,-4.9433927051723E-4,-0.009243883192539215,0.01649998500943184,0.003423016984015703,-0.05866043269634247,0.050347890704870224,-0.029552625492215157,-0.016027364879846573,0.005959872156381607,-0.008569705300033092,0.05371182784438133,0.004882577806711197,0.03714234009385109,-0.03213813528418541,-0.009494094178080559,-0.021101076155900955,-0.017473025247454643,0.048374008387327194,0.04790138825774193,0.01435929536819458,0.012997039593756199,0.03236054256558418,0.012649524956941605,-0.021643197163939476,0.003843509592115879,0.009584447368979454,-0.04862421751022339,-0.04501006752252579,0.025090541690587997,-0.035613276064395905,0.02008633315563202,0.008034533821046352,0.05649194493889809,0.03194352611899376,-0.011898893862962723,0.049458250403404236,-0.001735834521241486,0.009841608814895153,0.07712040096521378,-0.03172111511230469,-0.0270922239869833,-0.007693969178944826,0.13188867270946503,-0.012586972676217556,-0.041729532182216644,-0.03775396570563316,-0.00744375865906477,0.015290634706616402,0.023047156631946564,-0.005664485041052103,0.0035272713284939528,0.016764095053076744,-0.03792077302932739,-0.011169113218784332,6.411640788428485E-4,0.012635624036192894,0.03594689071178436,-0.023255664855241776,0.009521895088255405,0.006613199599087238,-0.022491132840514183,-0.01905769109725952,0.006307386793196201,0.01382412388920784,0.03458463400602341,0.025618763640522957,0.013893626630306244,-0.005052859429270029,-0.024187004193663597,-0.0131916468963027,-0.04081209376454353,0.007409007288515568,-0.04501006752252579,0.004646267741918564,-0.010397631675004959,-0.03105388768017292,-0.01651388593018055,0.044037025421857834,0.05927205830812454,0.013427956961095333,-0.008041483350098133,-0.017167212441563606,-0.010925853624939919,0.019294001162052155,-0.004813074599951506,0.0018244506791234016,-0.001208481378853321,0.012454916723072529,-0.01542964018881321,-0.04806819558143616,-0.021573694422841072,-0.017834439873695374,0.042285554111003876,-0.001712377299554646,-0.02963602915406227,-0.019975129514932632,0.023742185905575752,0.006905111484229565,-0.011440174654126167,-0.07200498878955841,0.014387097209692001,0.02764824777841568,0.0018609396647661924,-0.00700589083135128,-0.017806638032197952,-0.011155213229358196,-0.003930388018488884,-0.0035116332583129406,0.030636871233582497,0.017667632550001144,-9.157005115412176E-4,-0.01670849323272705,0.03628050535917282,-0.008812965825200081,-0.009181330911815166,0.017181113362312317,0.015026523731648922,3.73577990103513E-4,-0.023561477661132813,-0.012246408499777317,-0.022755244746804237,0.0513487309217453,-0.006286535877734423,0.0190298892557621,0.030025245621800423,-0.01463730726391077,0.023825587704777718,-0.0467059388756752,-0.018765779212117195,0.024506716057658195,0.012023999355733395,-0.052877794951200485,0.04542708396911621,0.04637232422828674,-1.6713271907065064E-4,0.034751441329717636,0.040645286440849304,0.029886240139603615,0.009848558343946934,0.020934268832206726,5.686204531230032E-4,0.024284306913614273,-0.05129312723875046,-0.028245972469449043,0.007207449059933424,-0.007867726497352123,-0.021462490782141685,0.022532835602760315,-0.011356770992279053,0.047122955322265625,-0.029385820031166077,-0.04400922730565071,-0.07767642289400101,-0.04703955352306366,-0.023922892287373543,-0.0163192767649889,-0.0757303386926651,-0.005070235580205917,0.03555767610669136,0.003492519957944751,-0.025368552654981613,-0.011822440661489964,0.036725323647260666,0.020211437717080116,0.02313056029379368,0.035279665142297745,-0.0459275059401989,-0.0140951843932271,0.011516627855598927,0.01779273897409439,0.014873617328703403,0.010550538077950478,0.0015638149343430996,-0.011801589280366898,-0.05326700955629349,-0.001274509122595191,-0.03594689071178436,-0.025757769122719765,0.025882873684167862,0.029858438298106194,0.03830999135971069,0.011057908646762371,0.029580427333712578,-0.011683435179293156,0.03197132796049118,0.09313386678695679,0.04845741018652916,-0.03425101935863495,0.034390028566122055,0.0024864657316356897,0.0031415303237736225,0.04562169313430786,-0.011419324204325676,-0.006762630771845579,0.01814025267958641,-0.011433224193751812,-0.003084190422669053,0.017542527988553047,0.0034056412987411022,0.012211657129228115,0.025632662698626518,0.010689543560147285,-0.030553467571735382,0.006557597313076258,0.004437759052962065,-0.010064017958939075,-0.0624413900077343,0.0491524413228035,0.01847386732697487,-0.002453451743349433,-0.03647511452436447,-0.00386088527739048,-0.025007138028740883,0.012183855287730694,0.07139336317777634,-0.007471560034900904,-0.013198597356677055,-0.007058017887175083,0.0046219415962696075,-0.0215458944439888,-0.005164064466953278,-0.03555767610669136,0.05474046990275383,0.0013057853793725371,-0.07200498878955841,-0.012649524956941605,-0.01598566398024559,0.03591908887028694,-0.004510737024247646,0.008924170397222042,-0.028051363304257393,-0.049652859568595886,0.002449976745992899,-0.02282474748790264,0.01776493713259697,-0.03933863341808319,0.034751441329717636,-0.012350662611424923,-0.011773788370192051,-0.003080715425312519,-2.1393856150098145E-4,-0.008882468566298485,0.04039507731795311,-0.011815490201115608,0.0014934432692825794,-0.01175293792039156,0.05293339490890503,-0.01672239415347576,-0.02983063831925392,0.013379305601119995,0.019252298399806023,-0.0013031790731474757,-0.04901343211531639,0.028579585254192352,-0.0272868312895298,-0.01939130388200283,-0.020906466990709305,0.02766214869916439,0.006223983131349087,0.010717344470322132,0.008375097066164017,-0.015554745681583881,1.587706501595676E-4,0.07801003754138947,-0.010939753614366055,-0.024520616978406906,0.0027071372605860233,0.04595530778169632,-0.0011511414777487516,0.1499038189649582,0.04253576323390007,-0.06355343759059906,0.011704285629093647,-0.029663830995559692,-0.015457441098988056,-0.04578850045800209,0.002126788254827261,-0.02422870509326458,0.0012284634867683053,3.197132609784603E-4,-0.012267258949577808,-0.002251893514767289,0.0344456285238266,-0.040506280958652496,-0.04976406320929527,0.006533271167427301,0.001105095841921866,0.004858251661062241,-0.014046533033251762,0.03786516934633255,0.01275377906858921,-0.043703414499759674,0.03605809435248375,-9.435016545467079E-4,0.005438600666821003,-0.030775876715779305,-0.013622565194964409,0.014818014577031136,-0.01687530055642128,0.015499142929911613,-0.011231666430830956,-0.025048838928341866,-9.096189751289785E-4,-0.013393205590546131,0.01579105481505394,0.02855178527534008,0.006769580766558647,-0.0030233755242079496,0.012163004837930202,-0.04681714251637459,0.0015594710130244493,-0.016833597794175148,-0.022713541984558105,-0.046956147998571396,0.03461243584752083,0.04117351025342941,-0.01904379017651081,-0.027036622166633606,0.006491569336503744,-0.05246077850461006,0.034028612077236176,0.053572822362184525,0.024478916078805923,-0.049263644963502884,-0.03122069500386715,-0.028829796239733696,-0.028996603563427925,-0.011537478305399418,-0.03124849684536457,-0.03608589619398117,-0.02372828498482704,0.01851556822657585,-0.01687530055642128,-0.008187439292669296,0.04887442663311958,-0.002936496865004301,-0.006630575284361839,0.00913962908089161,-6.064126500859857E-4,-0.021754402667284012,-0.024465015158057213,0.03466803953051567,0.005674910265952349,0.05816001445055008,0.03803197667002678,-0.009890260174870491,0.01158613059669733,0.0046497429721057415,-0.024534517899155617,0.0027053996454924345,-0.021059373393654823,0.04289717972278595,-0.02941362001001835,-0.017556428909301758,-0.047095153480768204,0.007874676957726479,0.028259873390197754,-0.021629298105835915,-0.010036216117441654,0.032221537083387375,-0.042090944945812225,-0.02349197492003441,-0.03049786575138569,-0.027328534051775932,0.030914882197976112,-0.007193548604846001,-0.05938326567411423,-0.019252298399806023,-0.09452392160892487,0.012079601176083088,-0.03594689071178436,-0.03500165417790413,0.07673118263483047,-0.029719432815909386,0.010821598581969738,-0.02172660082578659,0.013768521137535572,-2.1545894560404122E-4,-0.023422472178936005,-0.02315836027264595,0.02731463313102722,-0.0033830527681857347,8.291476842714474E-5,-9.408952901139855E-4,0.044787656515836716,-0.0740622729063034,-0.009216082282364368,-0.03753155842423439,-0.032582953572273254,0.00888941902667284,-0.005615833215415478,-0.0281903687864542,-0.04017266631126404,0.04717855900526047,0.015082125551998615,0.030636871233582497,0.0380597785115242,-0.014790213666856289,0.01864067278802395,-0.038671404123306274,0.01726451702415943,-0.004177123308181763,-0.05365622788667679,-0.022491132840514183,0.004232725594192743,0.015902260318398476,-0.03967224434018135,0.04673374071717262,-0.029663830995559692,-0.02888539806008339,-0.07717600464820862,-0.027550943195819855,-0.02294985204935074,0.01554084476083517,-0.009466292336583138,0.015276733785867691,-0.06177416443824768,0.010835499502718449,-0.032249338924884796,0.012058750726282597,-0.004837400745600462,-0.002370048314332962,0.06155175343155861,0.01651388593018055,0.010640891268849373,-0.007923328317701817,0.016958704218268394,0.00395471416413784,-0.054657068103551865,0.013122144155204296,-0.006011999677866697,0.002204979071393609,-0.038699205964803696,-0.011189964599907398,-0.008910269476473331,-0.05893844738602638,-0.01738962158560753,-0.004653218202292919,0.006005049217492342,0.011537478305399418,-0.0014074334176257253,0.003233621595427394,0.005713136866688728,0.005942496471107006,-0.010633940808475018,0.025007138028740883,0.0031293672509491444,0.04626112058758736,0.004514212254434824,0.005462926812469959,0.04470425471663475,0.03194352611899376,0.011766837909817696,-0.013212498277425766,0.009257784113287926,-0.003951238933950663,0.019168894737958908,-0.01901598833501339,0.012990089133381844,-0.04075649008154869,-0.023450272157788277,0.01256612129509449,-0.021823905408382416,0.03933863341808319,-0.008110986091196537,-0.009285585023462772,0.016444383189082146,0.0022188795264810324,-0.018418263643980026,-0.012725978158414364,-0.028941001743078232,-0.005396898835897446,0.04751216992735863,-0.01329590193927288,0.01886308193206787,-0.0019721442367881536,-0.02279694564640522,0.04220215231180191,0.01940520480275154,-0.02349197492003441,-0.014067383483052254,0.003019900294020772,0.0019547685515135527,-0.02459011971950531,-0.013066542334854603,-0.011078760027885437,0.027870656922459602,-0.03533526510000229,-0.05524089187383652,0.0334169864654541,0.025007138028740883,-0.03244394436478615,1.7940432007890195E-4,-0.004712295718491077,0.02695321850478649,0.06750120222568512,-0.007235250435769558,-0.0014552166685461998,0.0019547685515135527,-0.03505725413560867,-0.0010494935559108853,-0.021629298105835915,0.005594982299953699,0.04017266631126404,-0.03375060111284256,0.02206021547317505,-0.0060641267336905,0.03611369803547859,-0.015846656635403633,-0.028134766966104507,-0.0260635819286108,0.027022721245884895,0.04253576323390007,0.031192895025014877,-0.07945569604635239,-0.028941001743078232,-0.0030094748362898827,-0.002512529259547591,-0.004062443505972624,0.008562754839658737,0.004323079250752926,-0.009973663836717606,0.012684276327490807,7.4661300459411E-5,0.04147931933403015,0.06160735711455345,-0.05115412175655365,0.037448152899742126,0.009056225419044495,-0.02475692704319954,0.013511360622942448,0.05368402600288391,0.011280317790806293,0.0010460184421390295,0.006971139460802078,0.011912793852388859,0.020503351464867592,0.001048624748364091,0.030386660248041153,-0.02367268316447735,-0.02785675600171089,0.0224494319409132,0.028301574289798737,0.041534923017024994,-0.09780445694923401,-0.03180452063679695,-0.1433427482843399,0.039922457188367844,0.02098987065255642,-0.020517250522971153,0.025424154475331306,-0.006627100054174662,0.030025245621800423,0.013448808342218399,-0.06355343759059906,0.022199220955371857,-0.06227458268404007,-0.01595786213874817,-0.008062334731221199,0.003812233218923211,0.020044632256031036,-0.006137104704976082,-0.013441857881844044,-0.0015690275467932224,0.011196914128959179,-0.005740938242524862,-0.008479352109134197,0.04214654862880707,0.04448184743523598,0.017556428909301758,0.019099391996860504,7.610565517097712E-4,0.024506716057658195,-0.005796540528535843,-0.02208801731467247,-0.028273772448301315,0.029552625492215157,-0.06316421926021576,-0.004295278340578079,0.005615833215415478,-0.03147090598940849,-0.011641733348369598,-0.0021771779283881187,0.027898456901311874,-0.008993673138320446,-0.007242200430482626,-0.06144054979085922,-0.006300436332821846,-0.0025768193881958723,0.0563807375729084,-0.06060651317238808,0.007075393572449684,0.02584117278456688,-0.020253140479326248,0.02927461452782154,-0.06116253882646561,0.034390028566122055,0.024103600531816483,0.008208290673792362,0.005998098757117987,0.03411201387643814,-0.024645723402500153,-0.014331494458019733,-0.011836341582238674,0.047289762645959854,0.01848776638507843,-0.014199439436197281,-0.022532835602760315,-0.024548418819904327,0.023964595049619675,0.005952922161668539,-0.050570297986269,6.785219302400947E-4,0.04887442663311958,0.019266199320554733,0.047095153480768204,0.01868237555027008,0.026883715763688087,-0.02459011971950531,-0.0206423569470644,0.0370311364531517,0.005674910265952349,-0.03249954804778099,0.03433442488312721,-0.016444383189082146,0.012510519474744797,-0.05343381687998772,-0.026327691972255707,0.01563814841210842,0.06255259364843369,-0.016555586829781532,0.022171419113874435,0.027773352339863777,-0.03536306694149971,0.05387863516807556,0.030970485880970955,0.030414462089538574,-0.004781798459589481,0.0038504598196595907,-0.03325017914175987,-0.007130995858460665,-0.010258625261485577,0.06060651317238808,0.02927461452782154,0.03808758035302162,-0.05190475285053253,-0.03299997001886368,-0.042813777923583984,0.010105718858540058,-0.026077482849359512,-0.008757363073527813,0.006797382142394781,0.04033947363495827,-0.02103157341480255,-0.029858438298106194,0.03828218951821327,-0.04072868824005127,-0.031165093183517456,-0.005535904783755541,-0.016555586829781532,-0.030609069392085075,-0.0027662147767841816,0.05101511627435684,-0.010474084876477718,-0.041201308369636536,-0.014984821900725365,0.018251458182930946,0.012719027698040009,-0.006244834046810865,0.02137908712029457,0.0224494319409132,-0.005052859429270029,0.03244394436478615,0.005810440983623266,-0.04703955352306366,0.0038539348170161247,-0.005362147465348244,0.004820025060325861,-0.011954495683312416,0.01741742342710495,0.0023787361569702625,-0.008465451188385487,-0.04095109924674034,-0.021962910890579224,-0.04017266631126404,-0.023478073999285698,-0.04197974130511284,0.02960822917521,0.016944803297519684,-0.01901598833501339,0.023964595049619675,-0.05526869371533394,-0.01490141823887825,0.04278597608208656,-0.0024795152712613344,0.017514726147055626,-0.024381611496210098,0.043175190687179565,0.04278597608208656,0.06511030346155167,-0.025716066360473633,-0.0011572230141609907,0.049791865050792694,-0.04556608945131302,0.004767898004502058,-0.002048597438260913,-0.022574536502361298,-0.02927461452782154,-0.006842558737844229,-0.044593051075935364,0.013414056971669197,0.020934268832206726,0.001136372098699212,-0.013705968856811523,0.025994079187512398,0.020934268832206726,0.010905002243816853,0.021782204508781433,0.03338918462395668,-0.009278634563088417,-0.03408421576023102,-0.030192052945494652,0.00418059853836894,0.022574536502361298,-0.0061301542446017265,0.016221972182393074,-0.03541867062449455,-0.04170173034071922,-0.010237774811685085,-0.017125509679317474,0.0031589060090482235,0.049819666892290115,0.028996603563427925,0.003617625217884779,-0.015624248422682285,0.02803746424615383,0.006932912860065699,-0.009765155613422394,0.02837107703089714,0.02030874229967594,0.027717750519514084,0.037420351058244705,0.011050958186388016,-0.015624248422682285,0.025799470022320747,-0.04253576323390007,-0.0559915229678154,0.05171014741063118,-0.012719027698040009,-0.006964189000427723,-0.039227426052093506,0.004058968275785446,0.03558547794818878,-0.0022327802143990993,0.055213090032339096,-0.03197132796049118,0.001786224078387022,0.05318360775709152,0.01175293792039156,-0.018432164564728737,0.02837107703089714,-0.060773320496082306,-0.009042325429618359,-0.019294001162052155,0.024353809654712677,-0.024687424302101135,-0.02119837887585163,-0.010710394009947777,0.009535796009004116,-0.03461243584752083,-0.05849362537264824,-0.006029375363141298,0.0319991260766983,0.020725760608911514,-0.017556428909301758,0.017820538952946663,0.018098551779985428,0.0463167205452919,-0.007999781519174576,0.024117501452565193,-5.511361450771801E-5,0.06472108513116837,0.02370048314332962,0.0030633395072072744,-0.01616637036204338,-0.014400997199118137,0.031498707830905914,0.01365731656551361,0.018598971888422966,-0.02224092371761799,0.01850166730582714,-0.009229983203113079,-0.04520467668771744,-0.0509595163166523,-0.01194059569388628,-0.03244394436478615,0.03650291636586189,-0.015930060297250748,0.04956945776939392,0.0348348468542099,0.055574506521224976,-0.00862530805170536,0.03183232247829437,0.011050958186388016,0.027217328548431396,0.02153199352324009,-0.015082125551998615,-0.045538291335105896,-0.008493252098560333,0.04150712117552757,0.005998098757117987,-0.03316677734255791,-0.030247654765844345,0.026522301137447357,0.01832096092402935,1.0821816249517724E-4,0.0021198380272835493,-0.031165093183517456,-0.0521271638572216,-0.13022060692310333,0.0045976159162819386,-0.018070749938488007,-0.08924170583486557,-0.08529394119977951,0.015123827382922173,0.032221537083387375,-0.008194389753043652,-0.03288876637816429,0.01706990785896778,0.021601496264338493,5.277875461615622E-4,-0.01526283286511898,0.010453233495354652,0.006342138163745403,0.020545052364468575,-0.002112887566909194,0.04323079437017441,0.05326700955629349,0.0015229819109663367,0.0031571683939546347,0.02511834166944027,0.027064422145485878,-0.0021945536136627197,-0.03355599194765091,0.03881040960550308,0.0076731182634830475,-0.027411937713623047,-0.005678385496139526,-0.005727037787437439,-0.030998285859823227,-0.056269533932209015,0.03881040960550308,-0.021949009969830513,-0.04053408280014992,-0.01488751731812954,-0.026814213022589684,0.009355087764561176,-0.022685742005705833,0.002988623920828104,-0.07606395334005356,-0.052655383944511414,-0.01811245083808899,-0.0030424888245761395,0.024298207834362984,-0.029691632837057114,0.05020888149738312,0.010633940808475018,0.057548388838768005]'),(5,'日本','日本旅游签证材料清单','日本签证,旅游,材料,申请,所需材料','申请日本旅游签证（个人旅游）所需材料：\n1. 护照原件（有效期需超过申请日6个月以上）\n2. 签证申请表（日本领事馆官网下载填写）\n3. 近期白底彩色照片（4.5cm×4.5cm）\n4. 在职证明或学校在读证明\n5. 近3个月银行流水（余额建议2万元以上）\n6. 行程计划书（标注每天游览地点）\n7. 机票预订单和酒店预订单\n注意：日本签证无需面试，通常5-7个工作日出签。','0','2026-04-19 11:28:56','[-0.05558619648218155,0.005958312191069126,0.004664316773414612,-0.05683198943734169,0.0026398992631584406,-0.024767594411969185,0.053776826709508896,0.03256864473223686,0.07717997580766678,0.08346828073263168,0.002715907758101821,-0.01276940107345581,-0.038738299161195755,0.0387086383998394,0.03618738427758217,0.0032868972048163414,0.017292823642492294,-1.967917796719121E-6,-0.059560876339673996,0.008438779041171074,0.0676288828253746,0.0774172767996788,0.08079871535301208,0.009788391180336475,0.02002170868217945,0.05229373648762703,0.04090360924601555,-0.001799172954633832,-0.03897559270262718,0.007652741856873035,-0.025257015600800514,0.03565347194671631,-0.007218938320875168,-0.03710690140724182,-0.0427129790186882,0.007482186891138554,-0.029557975009083748,0.06466270238161087,-9.593735740054399E-5,-0.022913733497262,-0.0047570099122822285,-0.0017129684565588832,-0.025420155376195908,-0.02549430914223194,0.023388322442770004,0.03138217329978943,-0.07148491591215134,-5.6890388805186376E-5,0.010952616110444069,-0.025420155376195908,0.016343645751476288,-0.01753011904656887,0.010908123105764389,0.017203839495778084,0.010092424228787422,-0.01324398908764124,-0.0038189555052667856,-0.015557609498500824,-0.03627637028694153,-0.010782061144709587,0.018434802070260048,0.05374716594815254,0.022839579731225967,0.0019929015543311834,0.0017546802992001176,-0.031708452850580215,-0.0071781533770263195,-0.010767229832708836,-0.0077120657078921795,-0.012643338181078434,-0.007741727400571108,0.012102010659873486,-0.01650678738951683,0.011011939495801926,0.002571306424215436,0.046924952417612076,0.040606990456581116,0.03790776804089546,-0.032598309218883514,-0.011820223182439804,0.01560210157185793,-0.018004706129431725,-0.0020336864981800318,0.015075605362653732,0.011345635168254375,0.021905232220888138,0.00469397846609354,-0.012591429986059666,0.009929284453392029,0.07249341905117035,-0.02478242665529251,-0.0177970752120018,3.0264296219684184E-4,0.08156992495059967,-0.06110328808426857,0.019591612741351128,0.005457769613713026,-0.03325086832046509,-0.02811937779188156,0.04075530171394348,-0.048170749098062515,-0.006455147173255682,0.0030347718857228756,-0.024189190939068794,0.026547303423285484,0.12303710728883743,-0.042564671486616135,0.0032943126279860735,0.015201667323708534,0.011071263812482357,0.019650936126708984,-0.04146718233823776,-0.0014960665721446276,0.03087792359292507,0.021252673119306564,0.005086997058242559,-3.89310996979475E-4,0.06543391197919846,-0.03903491795063019,0.053598854690790176,0.02122301049530506,0.03230169042944908,-0.004430729895830154,-0.02762995846569538,-0.010848799720406532,-0.004827456548810005,0.023284506052732468,0.02705155313014984,0.012613676488399506,0.021920062601566315,0.0032887510024011135,-0.018034368753433228,-0.0017417032504454255,-0.024990059435367584,0.005624616984277964,-0.039539165794849396,0.015513116493821144,-0.010337133891880512,-0.005153736099600792,-0.04517490789294243,-0.022676438093185425,0.01150135975331068,0.04633171856403351,0.02028866484761238,-0.04125954955816269,-0.028816429898142815,-0.027882082387804985,-0.0035278992727398872,0.003598345909267664,-0.0027807927690446377,-0.03494158759713173,-8.379456121474504E-4,-0.023566292598843575,0.013169835321605206,-0.018983546644449234,-0.06003546342253685,0.0038078324869275093,-0.007003890350461006,0.013562853448092937,-0.004556792788207531,-0.018167845904827118,0.0012652607401832938,-0.037314534187316895,-0.06199314072728157,0.004375114105641842,-0.003362905466929078,0.006755472626537085,-0.013844640925526619,0.02749647945165634,-0.06786617636680603,-0.03458564728498459,-0.0046717319637537,-0.01227998174726963,0.027481649070978165,0.0280303917825222,-0.021475136280059814,0.009951530955731869,0.0025342293083667755,-0.0556158572435379,-0.03710690140724182,0.02589474245905876,0.012717492878437042,0.0520564429461956,-0.0538361519575119,0.026576964184641838,0.002947640372440219,0.014867972582578659,0.06994250416755676,0.05193779617547989,-0.009395372122526169,-0.021252673119306564,0.07569689303636551,-0.04600543901324272,0.015201667323708534,0.06555255502462387,0.020896730944514275,0.01194628607481718,0.02553880214691162,0.12244386970996857,0.022720931097865105,-0.03523820638656616,-0.03167879208922386,0.03387376666069031,-0.0014043004484847188,0.018049199134111404,-0.015075605362653732,-0.03600941225886345,-0.02808971516788006,-0.034200046211481094,0.0023562584538012743,-0.0275558028370142,-0.0010094278259202838,-0.02273576334118843,1.4758478755538817E-5,7.364466437138617E-4,-0.005513385403901339,-0.019057700410485268,0.011078679002821445,-0.009788391180336475,-0.003470429452136159,0.0034148136619478464,-0.004564207978546619,0.02905372343957424,-0.013169835321605206,-0.0011215864215046167,-0.025345999747514725,-0.01167932990938425,-0.023462476208806038,-0.013414544984698296,-0.008475856855511665,0.04200109466910362,-0.004975765477865934,-0.024485807865858078,0.01065599825233221,0.03814506158232689,0.019294993951916695,-0.022913733497262,1.992901525227353E-4,9.603005019016564E-4,0.024233682081103325,-0.006414362229406834,-0.006069543771445751,0.004530838690698147,0.018271662294864655,-0.010211070999503136,-0.05143354460597038,-0.01993272267282009,-0.07101032882928848,0.06786617636680603,-0.01009983941912651,0.027155369520187378,0.038204386830329895,0.007778804749250412,0.0026454608887434006,0.005057335365563631,-0.02389257214963436,-0.025108706206083298,0.028371503576636314,0.04277230054140091,0.02060011401772499,-0.008401702158153057,-0.011827639304101467,0.009024599567055702,0.012635922990739346,0.03301357477903366,0.02197938598692417,0.006814796477556229,0.02884609065949917,0.03814506158232689,-0.006536717060953379,-0.004059957806020975,-0.004249051678925753,0.01948779635131359,0.0306999534368515,-0.013829809613525867,-0.003585368860512972,-0.07605282962322235,0.027466818690299988,-0.03772979602217674,0.024619286879897118,0.06964588165283203,-0.015958042815327644,0.049772486090660095,-0.051997117698192596,-0.04499693587422371,-0.01070049125701189,-0.017604272812604904,0.005672817584127188,0.0016045174561440945,0.007122537586838007,-0.0036854774225503206,-0.0032813355792313814,0.009135831147432327,0.023833248764276505,0.04031037539243698,0.0035798074677586555,0.03600941225886345,-0.017915721982717514,-0.07035776972770691,-0.021697599440813065,-0.02843082696199417,-0.048348717391490936,-0.004579038824886084,-0.05098861828446388,0.024589624255895615,0.05834474414587021,2.6487052673473954E-4,-0.036691635847091675,-0.07670538872480392,-0.031619470566511154,0.023299336433410645,-0.012591429986059666,-0.06810346990823746,-0.00916549377143383,0.05321325361728668,-0.04992079362273216,-0.023195520043373108,-0.02126750349998474,0.018494127318263054,0.030314350500702858,0.009172908961772919,0.03212371841073036,-0.06080666929483414,0.001802880666218698,-0.03583144396543503,0.028045224025845528,-0.02055562101304531,0.0026528763119131327,-0.0017908306326717138,0.013607346452772617,-0.05819643288850784,0.006436608731746674,0.01672925055027008,-0.011738653294742107,-0.034200046211481094,0.020540790632367134,-0.0035575609654188156,0.0093434639275074,0.008987522684037685,0.006581209599971771,0.032331351190805435,0.08032412827014923,0.034911926835775375,0.0055875396355986595,0.03200507164001465,0.04944620653986931,0.003993218764662743,0.04342486336827278,8.059664978645742E-4,-0.010033100843429565,0.019413642585277557,-0.038560327142477036,-0.026947736740112305,0.015913549810647964,0.0342593677341938,0.05647604912519455,0.015424131415784359,0.0088985376060009,-0.07166288793087006,0.00688895070925355,0.05905662477016449,0.012813893146812916,-0.09319734573364258,-0.02166793867945671,0.012962202541530132,-0.009706821292638779,-0.023788755759596825,0.020496297627687454,-0.00730792386457324,-0.025257015600800514,0.04882330819964409,-0.02675493434071541,0.01408193539828062,-0.01588388904929161,0.04455200955271721,0.03675095736980438,0.024945566430687904,0.015513116493821144,0.03307289630174637,0.0012235488975420594,-0.10162129253149033,0.01514976006001234,-0.047636836767196655,0.019369149580597878,0.02415952831506729,0.047191910445690155,0.033577147871255875,-0.029394835233688354,-0.03310255706310272,0.028949907049536705,0.05926425755023956,0.010025685653090477,0.031026232987642288,-0.006139990873634815,0.055912476032972336,-0.03274661675095558,1.7970874614547938E-4,-0.015053358860313892,0.029691452160477638,0.03511955961585045,-7.911355933174491E-4,0.04063665494322777,0.0032108889427036047,0.025034550577402115,-0.01748562604188919,0.003244258463382721,-0.017159346491098404,-0.01721866987645626,-0.020525958389043808,0.01721866987645626,-0.02728884667158127,-0.033755116164684296,-0.013140173628926277,-0.007478478830307722,-0.02269127033650875,-0.018835237249732018,0.02353663183748722,-0.012977033853530884,-0.02433749847114086,0.0022654193453490734,0.010255564004182816,-0.0075674643740057945,0.018494127318263054,0.0035835150629281998,0.0030699954368174076,0.08234113454818726,0.009239647537469864,-0.0186869278550148,0.015809735283255577,0.007085460238158703,-0.013006695546209812,-0.022498467937111855,-0.050751324743032455,-0.015045943669974804,-0.003609469160437584,-0.03452632576227188,0.0032498198561370373,-0.012005609460175037,-0.030373673886060715,-0.022661607712507248,-0.01248019840568304,-0.024011218920350075,-0.011011939495801926,0.008676073513925076,-0.0042342208325862885,0.0631202906370163,0.035623811185359955,-0.008742813020944595,0.038204386830329895,-0.021504798904061317,0.019917892292141914,0.02767445147037506,0.010396457277238369,0.022038711234927177,-0.007897451519966125,0.02197938598692417,-0.01944330334663391,0.006191898602992296,-0.05042504519224167,-0.03888660669326782,0.02424851432442665,-0.03497125208377838,0.003963556606322527,0.024100204929709435,-0.005824834108352661,-0.04742920398712158,0.0017120414413511753,-0.0029884253162890673,-0.013355221599340439,-0.08115465939044952,0.007545217871665955,0.019947554916143417,-0.06086599454283714,5.784049280919135E-4,-0.011686745099723339,-0.01121215708553791,-0.03345850110054016,0.028593966737389565,0.003342512995004654,-0.04244602099061012,-0.004163773730397224,0.017960214987397194,-0.0048571182414889336,-0.05754387378692627,-0.07095099985599518,-0.022973056882619858,0.0209115631878376,0.03968747705221176,-0.006462562829256058,0.012858386151492596,0.011708991602063179,0.043098580092191696,-0.008742813020944595,0.0324796624481678,-0.0360390767455101,0.021682769060134888,-0.015216498635709286,0.022720931097865105,2.9951455871923827E-5,0.03832303360104561,0.008016099222004414,0.0075897108763456345,0.0031144879758358,0.03093724697828293,-0.05620909482240677,-0.006277176551520824,0.03120420314371586,0.049060601741075516,0.044700317084789276,-0.060450728982686996,-0.012754569761455059,0.002226488199084997,0.01352577656507492,0.007734311744570732,3.9417739026248455E-4,0.004330621566623449,-0.030106717720627785,0.015824565663933754,0.006184483412653208,-0.023566292598843575,-0.006403238978236914,6.001878064125776E-4,-0.06869670748710632,0.03256864473223686,-0.0024026050232350826,0.016432631760835648,-0.003242404432967305,-0.03808574005961418,0.03574245795607567,-0.020926393568515778,0.02175692282617092,-0.010337133891880512,0.014586186036467552,0.059026964008808136,-0.026903243735432625,0.04366215690970421,-0.0025249598547816277,0.0119017930701375,0.04431471601128578,0.010559597052633762,0.03666197508573532,0.02504938282072544,0.00912100076675415,0.048348717391490936,0.006829627323895693,-0.033221203833818436,0.0042008510790765285,-0.003335097571834922,-0.05006910115480423,0.006444023922085762,0.0657898485660553,0.002048517344519496,-0.02215735800564289,-0.043632492423057556,-0.04929789528250694,-0.018701758235692978,-0.006073251832276583,0.0010474319569766521,-0.06917129456996918,0.009691989980638027,0.007545217871665955,0.03858998790383339,0.028682950884103775,-0.03924255073070526,0.001814003917388618,0.02972111478447914,-0.06341690570116043,0.029038893058896065,-0.02344764582812786,0.07462906837463379,-0.01721866987645626,0.05125557258725166,-0.013451621867716312,-0.0315898060798645,0.01690722070634365,-0.00571731012314558,-0.019028039649128914,0.03043299727141857,-0.04734021797776222,0.02322518266737461,0.028504980728030205,-0.010537351481616497,0.06519661843776703,0.024856580421328545,-0.054666679352521896,-0.02918720245361328,0.017500456422567368,0.003993218764662743,-0.028727443888783455,-0.029691452160477638,0.028638459742069244,-0.05514127016067505,-0.06709497421979904,-2.609310613479465E-4,0.018123354762792587,0.02782275900244713,0.018182678148150444,-0.03147115930914879,-0.01984373852610588,0.04511558264493942,-0.016136014834046364,-0.002204241929575801,0.010055347345769405,0.005832249764353037,-0.022706100717186928,0.031975410878658295,0.045501187443733215,-0.012146503664553165,-0.0010678244289010763,0.009662328287959099,0.06217111274600029,-0.05042504519224167,0.039361197501420975,-0.00936571042984724,0.014719663187861443,0.008349793963134289,-0.021831078454852104,0.01351094525307417,-0.03093724697828293,0.006744349841028452,0.005824834108352661,0.0011058286763727665,0.029350342229008675,-0.041674815118312836,-0.012532106600701809,0.034022074192762375,-0.03434835374355316,0.02798589877784252,0.00836462527513504,0.054488711059093475,0.014667755924165249,0.02651764079928398,-0.013585099950432777,0.016136014834046364,0.016803404316306114,-0.020273834466934204,-0.04235703870654106,0.025464646518230438,-0.03298391029238701,0.05167083814740181,0.030062224715948105,0.015809735283255577,-0.03061096742749214,-0.016655094921588898,-0.040873948484659195,0.016877558082342148,-0.014712247997522354,-0.03506023809313774,0.01067824475467205,-0.010589259676635265,0.04739954322576523,0.08299369364976883,-0.01509043574333191,0.055200591683387756,0.0560607835650444,-0.015987705439329147,0.009640081785619259,-0.02166793867945671,-0.01330331340432167,0.0010770937660709023,-0.025434985756874084,0.0233586598187685,0.001403373433277011,0.02042214199900627,-0.013585099950432777,0.007749142590910196,0.02273576334118843,-0.014727079309523106,0.020718760788440704,0.01121215708553791,0.0034148136619478464,-0.05451837182044983,0.05754387378692627,-3.5686843330040574E-4,0.04010274261236191,0.012302227318286896,1.3289872731547803E-4,-0.02211286500096321,0.007463647983968258,4.041419015266001E-4,0.02269127033650875,0.023328999057412148,-6.317034712992609E-4,0.02269127033650875,0.032954249531030655,-0.024901073426008224,0.049950454384088516,-6.349477334879339E-4,0.03221270442008972,0.019502626731991768,-0.01592838205397129,-0.039717137813568115,0.021015379577875137,-0.010181409306824207,-0.05303528159856796,-0.031619470566511154,-0.0018974277190864086,0.004656901117414236,0.014133843593299389,0.022083202376961708,-0.08305301517248154,0.03087792359292507,-0.09141764044761658,0.0010687514441087842,0.02808971516788006,-0.028149038553237915,-0.029216863214969635,-0.018835237249732018,0.010871046222746372,-0.012339305132627487,-0.014170920476317406,0.005350245628505945,-0.027837591245770454,0.015216498635709286,0.0051463209092617035,0.01352577656507492,0.013688916340470314,0.01819750852882862,-0.03672129660844803,0.014994035474956036,0.009180324152112007,0.019695429131388664,0.0011364173842594028,0.016580941155552864,-0.07955292612314224,-0.0032924588304013014,0.0422680526971817,-0.008572257123887539,-0.002580575877800584,-0.007078044582158327,-0.047992777079343796,-0.004679147619754076,0.004579038824886084,0.09533299505710602,0.0021430642809718847,0.015824565663933754,-0.03823404759168625,-0.022053541615605354,0.04820040985941887,-0.01686272770166397,0.003463014028966427,0.021564122289419174,-0.12956270575523376,0.008572257123887539,0.04378080368041992,0.017381809651851654,0.030225364491343498,0.008920783177018166,0.04031037539243698,-0.001179983140900731,-0.009328633546829224,-0.02857913449406624,8.423485269304365E-5,0.02353663183748722,-0.0027789389714598656,-0.0031867886427789927,0.012265150435268879,-0.006914904806762934,-0.0070557985454797745,-8.574111270718277E-4,-0.021638276055455208,0.007582295220345259,-0.022839579731225967,0.006195606663823128,-0.010003439150750637,0.016892390325665474,0.0684594139456749,-0.02562778629362583,-0.028771936893463135,-0.01806403137743473,0.014252490364015102,-0.03529753163456917,0.027110876515507698,0.032865263521671295,-0.07154423743486404,0.007986437529325485,-0.007860374636948109,-0.013881717808544636,0.020926393568515778,0.02518285997211933,0.013421960175037384,-0.01348128356039524,-0.016402970999479294,0.037670474499464035,0.011864716187119484,0.03164913132786751,0.004946103785187006,-0.010744983330368996,-0.04828939586877823,-0.0516115166246891,0.03354748710989952,-0.009158077649772167,0.009350879117846489,-0.02905372343957424,0.02278025448322296,0.015016281977295876,-0.035712797194719315,-0.03194575011730194,0.024619286879897118,0.004282420966774225,0.027911745011806488,0.042030759155750275,0.054844651371240616,-0.012428290210664272,-0.033132221549749374,7.077117916196585E-4,-0.0050758738070726395,0.03319154307246208,0.046924952417612076,-0.058671023696660995,-0.036869604140520096,0.009328633546829224,0.006058420520275831,0.022127695381641388,0.003605761332437396,0.014845726080238819,-0.049149587750434875,-0.007986437529325485,-0.009892207570374012,-0.054666679352521896,-0.0011113901855424047,-0.024411654099822044,-0.011671914719045162,3.056554705835879E-4,0.004104450345039368,0.027214692905545235,-0.035356853157281876,-0.009046846069395542,-0.0422680526971817,-0.01899837702512741,-0.024307837709784508,-0.017381809651851654,-0.021326826885342598,-0.02322518266737461,-0.00496093463152647,0.02687358297407627,0.03933153301477432,0.030106717720627785,-0.018939053639769554,-0.047102924436330795,-0.04223838821053505,-0.06917129456996918,-0.0058767423033714294,-0.014541693031787872,0.014504615217447281,0.015001450665295124,0.03156014531850815,-0.02989908494055271,-0.003985803108662367,-0.014178335666656494,9.788391180336475E-4,-0.01560210157185793,-0.007337585557252169,0.04668765887618065,0.013555438257753849,0.023032380267977715,-0.05861169844865799,8.189434884116054E-4,0.013614761643111706,-0.03307289630174637,0.017366979271173477,-0.0130141107365489,-0.023284506052732468,0.02255779132246971,0.015053358860313892,0.00598426628857851,8.773401496000588E-4,-0.02411503531038761,0.011486528441309929,0.0017769266851246357,-0.022587453946471214,-0.010285225696861744,-0.01753011904656887,0.03799675405025482,-0.01859794184565544,-0.006221560761332512,-0.036424677819013596,0.009958946146070957,-0.00994411576539278,0.009573343209922314,-0.016610601916909218,0.01488280389457941,-0.009669743478298187,0.01038904208689928,0.04965383931994438,-0.035000912845134735,0.004983180668205023,-0.01708519086241722,0.009892207570374012,0.03538651764392853,0.01984373852610588,0.021341659128665924,0.002211657352745533,0.07510365545749664,0.02629517763853073,8.106011082418263E-4,-0.024322668090462685,0.03876795992255211,0.00416006613522768,-0.029394835233688354,-0.05620909482240677,0.024352330714464188,-0.06573052704334259,0.0033184129279106855,0.03040333464741707,-0.025523971766233444,-0.028460487723350525,0.005339122377336025,-0.006844458170235157,0.018256831914186478,0.007233769167214632,-0.0166847575455904,-0.012124257162213326,0.0471622459590435,-0.018390310928225517,9.519581217318773E-4,0.053331900388002396,-0.08394286781549454,7.846470689401031E-4,0.008468441665172577,0.04369181767106056,-0.055912476032972336,0.014786402694880962,-0.05745488777756691,0.034467000514268875,-9.853276424109936E-4,-0.028460487723350525,-0.005127782002091408,0.006722103338688612,-0.03942051902413368,0.025968898087739944,0.011286311782896519,0.0502767339348793,0.051018279045820236,-0.026710443198680878,0.014237659983336926,-0.040518004447221756,0.03040333464741707,-0.052797988057136536,0.009840299375355244,-0.02384807914495468,0.033221203833818436,0.008742813020944595,-0.026324838399887085,0.0098996227607131,-4.977619391866028E-4,0.0315898060798645,0.012102010659873486,-0.034378014504909515,-0.05282764881849289,-0.01886489801108837,-0.015008865855634212,-0.012294812127947807,-0.057959139347076416,0.01837547868490219,0.013644423335790634,0.012888047844171524,-0.034555986523628235,0.04259433224797249,-0.021237842738628387,0.03897559270262718,0.015260991640388966,-0.058582037687301636,-0.03906457871198654,0.0324796624481678,0.05069199949502945,-3.584905352909118E-4,-0.053776826709508896,-0.003107072552666068,-0.024456147104501724,0.00809766910970211,-0.03612806275486946,-0.02740749530494213,-0.017648765817284584,-0.022038711234927177,-0.09218884259462357,0.010826553218066692,-0.03316188231110573,-0.07338327169418335,-0.037047576159238815,0.03378478065133095,0.014719663187861443,0.01850895769894123,-0.006833334919065237,-0.03408139571547508,-0.01681823469698429,0.010581843554973602,-0.006351330783218145,-0.06976453214883804,-0.023417983204126358,-0.030640630051493645,-0.0011002670507878065,0.045323215425014496,0.0471622459590435,-0.03194575011730194,0.023462476208806038,-0.0032831893768161535,0.012895463965833187,0.012902879156172276,-0.023595955222845078,-0.015216498635709286,0.034289028495550156,0.009032015688717365,-0.021786585450172424,0.016091521829366684,0.020674267783761024,-0.020140355452895164,0.04339519888162613,-0.02736300230026245,0.018345817923545837,-0.010908123105764389,-0.005569001194089651,-0.01560210157185793,0.005253844894468784,0.04117056727409363,-0.008283055387437344,-0.05623875558376312,-0.009350879117846489,0.037225548177957535,-0.0017843421082943678,0.008327547460794449,0.03787810727953911,-0.02002170868217945,-0.025286676362156868]'),(6,'通用','签证被拒签后如何处理','拒签,被拒,重新申请,拒签原因','签证被拒后的处理建议：\n1. 查明原因：仔细阅读拒签信，常见原因包括：材料不足、资产证明不充分、行程可信度低、有违规记录等。\n2. 补充材料：针对拒签原因，补充相应的证明材料，如增加银行存款、提供更详细的行程安排等。\n3. 等待冷静期：部分国家建议拒签后等待3-6个月再次申请，避免连续拒签记录。\n4. 选择合适时机：在有明确出行计划时申请，避免过早申请导致行程不确定。\n5. 寻求专业帮助：可委托专业签证中介协助准备材料，提高获批率。\n重要提示：被拒签不代表永久无法获签，补充充分材料后重新申请成功率依然较高。','0','2026-04-19 11:28:56','[-0.0036295615136623383,-0.015217105858027935,0.03964713588356972,-0.014826346188783646,0.02854052744805813,-0.030930178239941597,0.08278105407953262,0.018365731462836266,0.05900479853153229,0.056479886174201965,-0.04295356944203377,-0.02162707783281803,-1.9946033717133105E-5,0.016381872817873955,0.006751886568963528,0.013684123754501343,0.032403044402599335,-0.05972620099782944,-0.005831345450133085,0.07713006436824799,-0.002438494237139821,0.04220210760831833,0.027112750336527824,0.0037948833778500557,0.0038737868890166283,0.060567840933799744,0.010993889532983303,-0.04072924330830574,-0.060477662831544876,-0.012436696328222752,-0.05807298421859741,-0.03964713588356972,0.0184108205139637,0.0014352925354614854,0.025790177285671234,-0.009085175581276417,0.008205965161323547,0.04102982580661774,-0.007368085440248251,0.01777959242463112,0.03661122918128967,0.007319240365177393,0.03946678712964058,0.006417485885322094,0.015322310850024223,0.03414643555879593,-0.049145616590976715,-0.006556506268680096,-0.020124154165387154,-0.03077988512814045,0.04815368726849556,0.0056434799917042255,0.02200280874967575,0.0224386565387249,-0.011256901547312737,0.04830398038029671,-0.04409579187631607,-0.023550819605588913,0.01236906461417675,-0.0156754981726408,0.00890482496470213,-0.007725029718130827,0.027774035930633545,0.03201228380203247,0.0019500439520925283,0.014202632009983063,-0.028149768710136414,0.025940468534827232,0.004768026527017355,-0.03207239881157875,0.02778906561434269,-0.031200703233480453,0.05416538193821907,0.02077041007578373,0.0022919592447578907,0.010836082510650158,-0.0035506580024957657,0.08368281275033951,0.0010792873799800873,-0.020560001954436302,0.016096316277980804,0.007664912845939398,-0.018020059913396835,-0.01054301206022501,-0.025354329496622086,0.01611134596168995,-0.01424020528793335,0.08422386646270752,-0.015164503827691078,0.06426503509283066,0.012376579456031322,0.011459795758128166,0.026180937886238098,0.026210995391011238,-0.01455581933259964,-0.04752245917916298,0.004076681565493345,0.03799391910433769,-0.01524716429412365,0.051730647683143616,-0.0254595335572958,0.02413696050643921,-0.0023351681884378195,0.022423626855015755,0.025158949196338654,0.10544515401124954,-0.05230175703763962,0.009070146828889847,7.674305816181004E-4,0.0353788323700428,-0.0030809943564236164,-0.016637369990348816,0.004651550203561783,0.02999836392700672,0.04872479662299156,0.006676740013062954,0.01866631768643856,0.035048190504312515,-0.028375206515192986,0.005677295848727226,0.004347207956016064,9.111477411352098E-4,-0.009761491790413857,-0.030329007655382156,-0.04505766183137894,-0.016562223434448242,0.021386610344052315,0.013225731439888477,-0.02275427058339119,0.02215309999883175,0.002380256075412035,-0.02433234080672264,0.004813114181160927,-0.02769889123737812,-0.012278889305889606,-0.035168424248695374,0.0041480702348053455,-0.008799619972705841,-0.06925474107265472,-0.023851405829191208,-0.023400528356432915,-0.001983859809115529,0.042442575097084045,0.013902047649025917,-0.015337340533733368,0.010775965638458729,-0.009288070723414421,0.028375206515192986,-0.03534877300262451,-0.010505438782274723,-0.05801286920905113,0.013263304717838764,-0.01147482544183731,0.019688304513692856,-0.0042382460087537766,-0.04731205105781555,5.823830724693835E-4,-0.047071583569049835,0.011858071200549603,0.0014662903267890215,-0.017990000545978546,0.025249123573303223,-0.020725322887301445,0.002857434330508113,0.012008363381028175,-0.018170351162552834,0.11512398719787598,-0.06516678631305695,0.027458421885967255,-0.04412585124373436,-0.0030791156459599733,0.03889567404985428,-0.029276961460709572,0.07568725943565369,0.07658901065587997,-0.0038775440771132708,-0.0036483481526374817,0.04695134609937668,-0.021191230043768883,-0.006571535486727953,0.019598130136728287,0.024542750790715218,-0.0025061259511858225,0.028495440259575844,0.04938608407974243,0.009242982603609562,0.006030482705682516,0.01167771965265274,0.024557778611779213,0.027804095298051834,-0.0163969025015831,0.016517136245965958,-0.020199298858642578,-0.04869474098086357,0.03931649401783943,0.0029983334243297577,-0.022573919966816902,-0.013571403920650482,0.07719018310308456,-0.04671087861061096,-0.057201288640499115,-0.03805403783917427,-0.0088447080925107,-0.03700198978185654,0.060537781566381454,0.03477766364812851,-0.04102982580661774,-0.0051963599398732185,-0.011204298585653305,4.6872443635948E-4,-8.590150391682982E-4,0.007679942063987255,0.023550819605588913,-0.008867251686751842,-0.006222105585038662,-0.006770672742277384,-0.03874538093805313,0.01976345106959343,-0.04493742808699608,0.01866631768643856,0.012308947741985321,0.02980298362672329,0.006053026765584946,-0.01605122908949852,0.003892573295161128,0.019192339852452278,-0.022603977471590042,0.0549469031393528,-0.01022739801555872,0.03198222443461418,0.01973339356482029,-0.014833860099315643,0.016877837479114532,-0.05037801340222359,0.043194036930799484,0.005053582135587931,0.009280555881559849,-0.029562516137957573,-0.023565849289298058,0.03793380409479141,0.013188159093260765,0.02209298312664032,-0.020635146647691727,0.02672198973596096,-0.006582807283848524,-0.016983041539788246,-0.026210995391011238,-0.044486552476882935,-0.022393569350242615,0.034386903047561646,-0.005575848277658224,0.041089944541454315,-0.0063498541712760925,-0.02867579087615013,0.011016433127224445,-0.004523801617324352,0.002113486872985959,0.05617929995059967,0.03396608307957649,-0.012323977425694466,-0.02971280924975872,0.008995000272989273,0.017358772456645966,-0.015021726489067078,-0.01998889073729515,-0.041781287640333176,0.0024591595865786076,0.026601755991578102,-0.004636520519852638,-0.05623941868543625,5.621875170618296E-4,0.03766327723860741,-3.9404790732078254E-4,0.014736170880496502,-0.004929590970277786,-0.02275427058339119,-0.02451269142329693,0.00834122858941555,-0.005136243067681789,-0.017869766801595688,0.0044899857603013515,-0.020154211670160294,0.02649655193090439,-0.03357532247900963,-0.01249681320041418,0.03961708024144173,0.020590059459209442,-0.07815205305814743,0.016276666894555092,0.020890643820166588,-0.004407324828207493,0.030223803594708443,0.0031711698975414038,-0.04616982862353325,-5.006615538150072E-4,0.018546082079410553,0.04526807367801666,-0.009708889760077,-0.04262292757630348,-0.018020059913396835,-0.032553333789110184,-0.07123859971761703,-0.04166105389595032,0.046590644866228104,-0.0069510238245129585,0.02010912448167801,-0.029246902093291283,-0.07099813222885132,-0.02637631818652153,-0.03390596807003021,0.0014860162045806646,0.010302544571459293,-0.019117193296551704,-0.00840134546160698,0.029562516137957573,-0.004869474098086357,-0.011602574028074741,0.017614269629120827,0.01121932826936245,0.03126082196831703,-0.013300877995789051,-0.012271375395357609,-0.08350246399641037,-0.0040353513322770596,0.01699807122349739,0.03420655056834221,0.035198479890823364,0.05747181549668312,-0.014811316505074501,-0.026962457224726677,-0.033755674958229065,0.0244525745511055,-0.03561929985880852,-0.007255366072058678,-0.009708889760077,0.052542224526405334,0.024031756445765495,0.0244525745511055,0.027924329042434692,0.009821608662605286,0.030704738572239876,0.04124023765325546,0.07400397956371307,-0.01579573191702366,0.047853101044893265,0.02464795485138893,0.015720585361123085,-0.007589766755700111,-0.024753158912062645,0.0025512136053293943,0.014172573573887348,-0.013270819559693336,0.017208481207489967,0.0322226919233799,-0.0030603292398154736,0.001520771300420165,0.009829123504459858,0.01964321732521057,-0.03727251663804054,-0.016637369990348816,0.032342925667762756,-0.02149181440472603,-0.025474563241004944,0.009468421339988708,0.011241871863603592,-0.0017499672248959541,0.031140586361289024,0.008476492017507553,-0.011933216825127602,-0.008724474348127842,0.0678720474243164,-0.005436827894300222,0.0011271930998191237,-0.014570849016308784,0.005459371488541365,0.023024797439575195,0.04349462315440178,-0.004677851218730211,-0.02004900760948658,-7.697789114899933E-4,-0.0854262039065361,0.009814093820750713,0.015525205992162228,-0.005248962435871363,0.019057076424360275,0.014322866685688496,0.059155091643333435,-0.06402456760406494,-0.033815789967775345,0.02313000150024891,0.02448263391852379,0.03814421221613884,0.02798444591462612,-0.010249942541122437,-0.0204247385263443,0.008754532784223557,-0.031741756945848465,-0.02508380264043808,0.01746397837996483,-0.030298948287963867,-0.012752310372889042,-0.010550526902079582,-0.009212924167513847,-0.02004900760948658,-0.01950795389711857,-0.005339137744158506,0.002278808504343033,0.0051888455636799335,-0.03685169667005539,0.03922631964087486,-0.05557813122868538,-0.014623451046645641,-0.07460515201091766,0.05025777965784073,-0.035859767347574234,-0.020033977925777435,0.003015241352841258,0.018591171130537987,-0.01392459124326706,-0.009784035384654999,-0.007120102643966675,0.019267486408352852,-0.0019894957076758146,0.037873685359954834,-0.02407684363424778,0.11512398719787598,0.04021824896335602,-0.008408860303461552,0.017193451523780823,-0.012579474598169327,-0.014691082760691643,-0.05903485789895058,0.02309994213283062,0.013699152506887913,-0.008085731416940689,-0.004884503316134214,-0.007586009334772825,-0.01835070364177227,-0.005763713736087084,-0.014510732144117355,-0.04463684558868408,0.016562223434448242,0.02146175503730774,-0.026135848835110664,0.022213216871023178,0.040368542075157166,0.029246902093291283,-0.02864573337137699,-0.006620380561798811,-0.0035036916378885508,0.004482470918446779,-0.023460645228624344,-0.023656025528907776,0.03333485499024391,0.02845035307109356,0.014946579933166504,0.02470807172358036,0.012962720356881618,-0.02335543930530548,-0.04075929895043373,0.015141960233449936,0.017734503373503685,-0.010280000977218151,0.05461626127362251,0.0035187210887670517,0.0059929098933935165,0.028119709342718124,0.0025737574324011803,-0.015344854444265366,0.006274708081036806,0.06002678722143173,0.010129707865417004,-0.01199333369731903,-0.03369555622339249,0.006564020644873381,-0.061199069023132324,-0.005527003202587366,0.03991766273975372,0.005354166962206364,-0.026616785675287247,0.009423334151506424,0.018621228635311127,-0.02099584974348545,-0.029186785221099854,-0.030103569850325584,-0.012827456928789616,-0.0678720474243164,-0.028660761192440987,-0.0022487500682473183,-0.01542000100016594,0.033845849335193634,-0.013015322387218475,-0.055187370628118515,0.012203743681311607,0.004369751550257206,0.015292252413928509,0.009701374918222427,0.017674386501312256,-0.052542224526405334,0.011557485908269882,-0.012421667575836182,0.02876596711575985,-0.002596301259472966,0.020875615999102592,-0.01749403588473797,0.018155323341488838,0.0033590353559702635,0.023460645228624344,-0.013729210942983627,0.023084914311766624,-0.03531871736049652,-0.019853627309203148,-0.0030791156459599733,-0.025534680113196373,0.010047047398984432,0.0022900805342942476,-0.02735321782529354,0.016411930322647095,-0.01771947555243969,-0.03522853925824165,0.0227242112159729,-0.004347207956016064,-0.026241054758429527,-0.01806514710187912,-0.07153918594121933,0.05260234326124191,1.5628061373718083E-4,-0.015382427722215652,0.040368542075157166,-0.03055444546043873,0.006939752027392387,0.01252687256783247,0.016517136245965958,0.01699807122349739,-0.041841406375169754,0.025173978880047798,0.014518246054649353,-0.03820433095097542,-0.004824386443942785,-0.09576632082462311,3.5882313386537135E-4,0.014969123527407646,-0.008739503100514412,-0.008258568122982979,0.024783218279480934,0.006470087915658951,-0.017163392156362534,8.01716058049351E-4,-0.018591171130537987,0.056449826806783676,0.04953637719154358,0.009844152256846428,-0.0018166594672948122,-0.048544447869062424,0.02652660943567753,-0.04262292757630348,-0.028179826214909554,0.0014615936670452356,-0.022273335605859756,-0.02231842279434204,-0.04490737244486809,0.02407684363424778,-0.012196228839457035,0.004418596625328064,-0.0016842143377289176,-0.03955696150660515,-0.08404351025819778,0.06396444886922836,-0.01812526397407055,-0.006237134803086519,-0.01680269092321396,0.0018072661478072405,-0.01844087801873684,0.05488678812980652,-0.016351813450455666,0.027548598125576973,0.03964713588356972,0.014826346188783646,0.05323357135057449,0.024572808295488358,-0.03943672776222229,0.03414643555879593,0.05266245827078819,0.004602705128490925,-0.011873099952936172,0.06104877591133118,0.024287253618240356,-0.018546082079410553,0.04018818959593773,-0.0027691374998539686,0.031651582568883896,-0.022739240899682045,-0.046470411121845245,0.012361550703644753,-0.02007906511425972,0.021897602826356888,0.012188713997602463,-0.02609076164662838,0.010182310827076435,0.018651288002729416,-0.029487369582057,-0.01964321732521057,0.021566960960626602,0.016351813450455666,0.004204430151730776,-0.04127029329538345,-0.017073217779397964,0.04295356944203377,0.005372953601181507,-0.005463128909468651,0.03748292475938797,-0.029818013310432434,0.016441989690065384,-0.021476784721016884,0.02568497322499752,0.01731368526816368,-0.0012990899849683046,0.007942954078316689,-0.02200280874967575,0.02514391951262951,-0.037693336606025696,0.005880190525203943,0.023430585861206055,-0.03546900674700737,-0.024918481707572937,0.014661024324595928,-0.012737281620502472,0.026872282847762108,0.04998725280165672,-0.005921520758420229,-0.0011901280377060175,-0.027804095298051834,-0.0052940500900149345,0.013541345484554768,0.016351813450455666,-0.020950760692358017,0.014939065091311932,0.012278889305889606,-0.048484329134225845,-0.009077661670744419,0.008205965161323547,-0.018155323341488838,-0.0014813195448368788,-0.006278465501964092,-0.05461626127362251,0.03724245727062225,0.007022412493824959,-0.04559871554374695,0.016231579706072807,0.015450059436261654,0.025594796985387802,0.09907275438308716,-0.0028499197214841843,0.02197274938225746,0.015126930549740791,-0.02197274938225746,-0.02666187286376953,-0.02036462165415287,0.011196784675121307,0.023265264928340912,-0.02896134741604328,-0.016517136245965958,0.015585322864353657,-0.019267486408352852,-0.033815789967775345,0.017614269629120827,-0.016787661239504814,-0.011843041516840458,0.010422778315842152,0.03655111417174339,-0.08843205124139786,-0.01602116972208023,0.02395660988986492,-0.005538274999707937,-0.005233933217823505,0.05560819059610367,0.0022975951433181763,0.004264547023922205,-0.003759188810363412,0.031140586361289024,0.050558365881443024,0.03258339315652847,-0.04012807086110115,0.012278889305889606,-0.0030565718188881874,-0.00524144759401679,-0.029757896438241005,0.10057567805051804,0.00354502210393548,-0.0041969153098762035,0.019162282347679138,0.0040917107835412025,0.010798509232699871,-0.024302281439304352,0.07797170430421829,-0.006676740013062954,0.019147252663969994,-0.01248178444802761,0.004365994594991207,0.022649066522717476,-0.06360374391078949,-0.0014258992159739137,-0.13009311258792877,-0.00545185711234808,-0.013300877995789051,-0.008807134814560413,0.015660468488931656,-0.0042946054600179195,0.022183159366250038,-0.047191817313432693,-0.002237478271126747,0.01973339356482029,-0.05037801340222359,0.002295716432854533,1.3260662854008842E-5,-0.008822164498269558,0.01961315982043743,0.03540889173746109,-0.0018767764559015632,0.022588949650526047,0.023295322433114052,-0.011790439486503601,0.01878655143082142,0.019492926076054573,0.019522983580827713,0.05013754591345787,0.045147839933633804,0.017163392156362534,0.010610643774271011,-0.05882444977760315,-0.04081941768527031,-0.01441304199397564,0.027368247509002686,0.008604240603744984,-0.008769561536610126,-0.027909299358725548,-0.058433689177036285,0.0037798539269715548,0.022303393110632896,0.01777959242463112,-0.0348077230155468,0.002763501601293683,0.02165713533759117,0.026241054758429527,0.12209755182266235,0.028555557131767273,-0.013706667348742485,0.09011532366275787,0.04472701996564865,-0.023295322433114052,0.010497924871742725,-0.04463684558868408,0.05684058740735054,0.0028780996799468994,-0.01774953305721283,0.044576726853847504,0.03721240162849426,0.020064035430550575,-0.03613029420375824,-0.02404678426682949,0.051099419593811035,-9.435545071028173E-4,-0.003028392093256116,-0.05161041393876076,0.0017696931026875973,0.04830398038029671,-0.0048882607370615005,-0.036370761692523956,-0.047101639211177826,0.020875615999102592,0.001748088514432311,0.021506844088435173,0.04075929895043373,0.008333713747560978,-0.0025399415753781796,0.013188159093260765,0.0040917107835412025,-0.05527754873037338,0.02413696050643921,0.028495440259575844,-0.004929590970277786,0.024557778611779213,0.03892573341727257,0.0019030775874853134,0.030313977971673012,0.004715424031019211,7.711878861300647E-4,0.005714868661016226,-0.0054405853152275085,-0.022077955305576324,0.023896493017673492,0.03417649492621422,-0.02502368576824665,0.021566960960626602,-0.02697748690843582,-0.05750187486410141,1.703705347608775E-4,-0.04674093797802925,0.009618714451789856,0.019432807341217995,0.013714182190597057,0.004752997308969498,0.0016419445164501667,-0.012451726011931896,0.015810761600732803,0.04202175512909889,-0.006120658479630947,0.03156140446662903,0.09336164593696594,7.03556346707046E-4,-0.04262292757630348,-0.028780996799468994,0.023881463333964348,0.008416375145316124,0.009708889760077,-0.016006141901016235,-0.007653640583157539,-8.721656049601734E-4,-0.05951579287648201,-0.015720585361123085,-0.029592575505375862,0.019898714497685432,0.010189824737608433,0.012722251936793327,0.02370111271739006,3.146747258142568E-5,0.026286141946911812,-3.4097590832971036E-4,0.005504459608346224,-0.010896199382841587,-0.024753158912062645,-0.015825791284441948,-0.025955498218536377,0.008108275011181831,0.0017142727738246322,0.06174011901021004,-0.01041526347398758,-0.03483777865767479,-0.018170351162552834,-0.037693336606025696,0.0013657822273671627,-0.0044899857603013515,-0.03216257691383362,-0.020349591970443726,0.041751231998205185,0.012654620222747326,-0.030419183894991875,-0.01336099486798048,0.0025737574324011803,0.026646843180060387,0.027248013764619827,-0.013308392837643623,0.007011140696704388,0.06198059022426605,0.004508772399276495,0.02240859717130661,-0.033214621245861053,0.013744240626692772,-0.010092135518789291,1.0931424185400829E-4,-0.007935439236462116,-0.033124446868896484,-0.007950467988848686,-0.0029494885820895433,0.005609664134681225,-0.03065965138375759,0.0028743422590196133,0.02816479653120041,0.023625966161489487,0.02763877436518669,-0.0070073832757771015,-0.04604959487915039,-0.0053428951650857925,0.045749008655548096,0.013902047649025917,0.047161757946014404,-0.00727790966629982,1.8046829791273922E-4,-0.021581988781690598,0.014758714474737644,-0.02197274938225746,-0.04815368726849556,-0.01367660891264677,-0.03207239881157875,-0.04809356853365898,-0.02252883091568947,0.011459795758128166,-0.0026000586804002523,0.023836376145482063,0.023535791784524918,0.026135848835110664,-0.0013178765075281262,0.03357532247900963,0.031651582568883896,0.04322409629821777,-0.047041524201631546,0.01737380214035511,0.008408860303461552,0.059966668486595154,0.03949684277176857,0.02839023619890213,0.02209298312664032,-0.0028649489395320415,0.01992877386510372,-0.04743228480219841,-0.01573561504483223,-0.03498807176947594,0.0072516086511313915,0.04499754682183266,-0.030253861099481583,0.019913744181394577,-0.012925147078931332,-0.00711258826777339,0.031831931322813034,0.02039467915892601,-0.018801579251885414,-0.015141960233449936,-0.09504491835832596,-0.0031054168939590454,0.019628187641501427,0.04214199259877205,-0.039737313985824585,-0.018170351162552834,-0.008679386228322983,0.011565000750124454,-0.025940468534827232,-0.02137158066034317,-0.031170645728707314,0.01248178444802761,-0.045027606189250946,0.006413728464394808,0.013962164521217346,0.061138950288295746,0.027578657492995262,-0.0013920834753662348,0.048514388501644135,0.001790358335711062,0.03294409438967705,-0.04358479753136635,-0.013684123754501343,-0.015179533511400223,-0.011767895892262459,0.029291989281773567,0.002881856868043542,0.033214621245861053,-0.013518801890313625,-0.020094094797968864,0.016862807795405388,-0.0747855007648468,-0.005714868661016226,-0.05491684377193451,-0.004561374429613352,0.03598000109195709,-0.02870585024356842,0.06456562131643295,0.018846668303012848,0.03471754491329193,-0.009611199609935284,0.011301988735795021,-0.03387590870261192,0.059786319732666016,0.03886561468243599,-0.049476258456707,-0.02738327719271183,0.026511579751968384,0.02080046944320202,-0.04427614435553551,-0.002774773631244898,-0.010287514887750149,-0.019973861053586006,-0.007792661432176828,-0.0013075439492240548,0.012075995095074177,-0.04737216606736183,-0.03270362690091133,-0.05344397947192192,-0.045749008655548096,-0.01340608298778534,-0.10346129536628723,-0.11301989108324051,0.008964941836893559,0.0013479350600391626,-0.014585877768695354,-0.007304211147129536,-0.003892573295161128,-0.021010877564549446,-0.014803801663219929,-0.002737200353294611,-0.01910216547548771,0.014924036338925362,-0.007792661432176828,-0.051069360226392746,0.044576726853847504,0.09071649610996246,-0.030960235744714737,-0.02908158116042614,0.026887310668826103,0.04812362790107727,0.005891462322324514,-0.04454667121171951,0.03570947423577309,0.05260234326124191,-0.026872282847762108,-0.01254190132021904,0.011602574028074741,-0.018020059913396835,-0.06835298985242844,0.06763157993555069,-0.009641258046030998,-0.041059885174036026,0.024091873317956924,-0.019282516092061996,-0.02649655193090439,-0.012068480253219604,0.026992516592144966,-0.04815368726849556,-0.06161988526582718,-0.015915965661406517,-0.03411637619137764,-9.308736189268529E-4,-0.003956447821110487,0.023490702733397484,-0.0263162013143301,-4.4077946222387254E-4]'),(7,'通用','签证有效期和停留期的区别','有效期,停留,入境,区别,签证期限','很多申请人容易混淆\"签证有效期\"和\"允许停留期\"：\n【签证有效期】：指您必须在这个期限内入境目的地国家，过了这个日期签证作废。例如有效期至2025年12月31日，则必须在此日期前完成入境。\n【允许停留期】：指您每次入境后在该国可以合法停留的天数，从入境之日起计算。例如美国B2签证通常允许停留180天，日本旅游签通常为15天或30天。\n【多次入境】：持多次入境签证，可在有效期内多次进出，每次停留不超过规定天数。\n建议在入境时仔细核对护照上的\"ADMITTED UNTIL\"或\"PERMITTED TO STAY UNTIL\"日期，超期停留将影响未来签证申请。','0','2026-04-19 11:28:56','[-0.061776913702487946,-0.01665215753018856,0.028285659849643707,-0.006237369030714035,0.03408084064722061,0.008563349954783916,0.05582355335354805,0.032441508024930954,0.023166343569755554,0.01100796740502119,-0.048691023141145706,-0.026171784847974777,0.03928643837571144,0.015746211633086205,0.04880606383085251,0.06850679963827133,0.03937271609902382,-0.06839176267385483,-0.030629616230726242,0.03773338720202446,-0.01850719004869461,0.06396269053220749,0.024776915088295937,0.027638554573059082,0.019801398739218712,0.009232024662196636,0.02551029995083809,-0.023338904604315758,0.015070346184074879,0.026315584778785706,-0.03546132892370224,-0.04871978238224983,-0.01435134094208479,-0.005777205806225538,-0.014092499390244484,0.017845705151557922,0.008771861903369427,-0.00584910623729229,0.02247609756886959,-0.05544967204332352,0.03252778947353363,0.0024086670018732548,-0.015055966563522816,-0.005672949831932783,0.04754061624407768,0.029881849884986877,-0.026301205158233643,-0.008850952610373497,-0.009196074679493904,0.041529733687639236,0.009426156058907509,-0.02758103422820568,0.02377030812203884,0.04964011162519455,0.021670812740921974,0.016148854047060013,-0.004001263063400984,-0.007916245609521866,-0.02433113195002079,-0.0235546063631773,0.00909541454166174,0.023799067363142967,-0.02907656505703926,-0.03209638595581055,0.04161601513624191,-0.031147299334406853,-0.003366741118952632,0.034512244164943695,-0.04679284989833832,-0.027767974883317947,0.02066420577466488,-0.015659930184483528,-0.03859619051218033,-0.029651768505573273,0.0024104644544422626,0.023425184190273285,-0.025179557502269745,0.0011683832854032516,-0.0042169648222625256,-0.02876020222902298,-0.017184220254421234,0.020333463326096535,-0.024345511570572853,0.008721531368792057,0.04207617789506912,0.042593859136104584,0.028875242918729782,0.03583521395921707,0.0026369511615484953,0.0840948298573494,0.0435141883790493,0.007326661609113216,-0.02139759063720703,0.054874468594789505,-0.011655071750283241,0.020405363291502,-0.02494947612285614,-0.004921589512377977,-0.024877576157450676,0.040638167411088943,0.021872134879231453,0.030428294092416763,-0.09082472324371338,-2.599652798380703E-4,0.005291877314448357,0.1116471067070961,-0.0333905965089798,-0.0063739800825715065,3.096215659752488E-4,-0.028846483677625656,0.015573649667203426,-0.0015359745593741536,-0.01374018657952547,0.037503305822610855,-0.007916245609521866,0.05001399293541908,0.005471628624945879,-0.0047526233829557896,-0.017558103427290916,0.06379012763500214,-1.4357632608152926E-4,0.011460940353572369,-0.004367955960333347,-0.03077341616153717,0.014710843563079834,0.0017004469409585,7.032768335193396E-4,0.012072094716131687,0.0025362903252243996,0.011115818284451962,-0.020966187119483948,-0.027969297021627426,0.019830159842967987,-0.024359891191124916,0.02087990753352642,0.01247473806142807,-0.01886669360101223,-0.009756898507475853,-0.019441897049546242,-0.023425184190273285,-2.2884583449922502E-4,9.436941763851792E-5,0.037905946373939514,0.016249515116214752,-0.013244072906672955,-0.016206374391913414,-0.049208708107471466,-0.03862495347857475,-0.03298795223236084,-0.011842013336718082,-0.07397124171257019,0.006251749116927385,-0.021009327843785286,0.06154683232307434,-0.005611834581941366,-0.017155461013317108,-0.010511853732168674,0.018003886565566063,-0.04860474169254303,-0.028515741229057312,-0.01607695408165455,0.052659932523965836,0.0021030898205935955,-0.015688691288232803,0.026660708710551262,-0.007039059419184923,0.050387874245643616,-0.032038867473602295,0.01732802204787731,-0.049927711486816406,0.001166585716418922,9.472891688346863E-4,-0.08875398337841034,0.03799222782254219,0.02227477729320526,-0.045067235827445984,-0.002467984799295664,-0.03252778947353363,-0.04429071396589279,0.003282258054241538,-0.03917139768600464,0.002539885463193059,-0.00878624152392149,-0.009347066283226013,0.029349787160754204,-0.002121065044775605,0.046361446380615234,0.046217646449804306,-0.02082238718867302,0.05225728824734688,0.0013921735808253288,0.06770151853561401,-0.00848426017910242,0.024604354053735733,0.047598134726285934,0.03019821271300316,-0.03767586499452591,0.014185969717800617,0.09968286007642746,0.013100272044539452,-0.013236883096396923,-0.025524679571390152,0.01371142640709877,0.042967744171619415,0.0016761805163696408,-0.034310922026634216,0.0051696463488042355,0.010569374077022076,-0.023626506328582764,-5.716090090572834E-4,-0.02026156336069107,0.0044254763051867485,-0.0012537650763988495,-0.007222406100481749,0.02494947612285614,0.0013130829902365804,-0.045383598655462265,-0.0033505635801702738,-0.009835989214479923,0.011604742147028446,0.04880606383085251,-0.014099689200520515,-0.0031600273214280605,0.024575592949986458,0.0045908475294709206,0.02072172611951828,-0.029680529609322548,0.022202877327799797,0.030744656920433044,0.027811115607619286,0.011504081077873707,-0.05392538011074066,-0.009210455231368542,-0.05642751604318619,0.00945491623133421,0.004429071210324764,0.02572600170969963,0.007441702298820019,0.04923746734857559,0.040293045341968536,0.013380683958530426,0.02050602436065674,-0.02520831860601902,0.015401088632643223,0.006884473375976086,-0.01645083539187908,-0.040753208100795746,-0.06108666956424713,-0.035892732441425323,-0.04233501851558685,-0.03330431506037712,-0.02933540754020214,0.053321417421102524,0.001140521839261055,-0.0458725243806839,-0.02447493188083172,-0.02447493188083172,0.06407773494720459,0.03715818375349045,-0.010195491835474968,-0.006780217867344618,0.017342401668429375,0.01097920723259449,-0.032815393060445786,-0.01322250347584486,-0.004400311037898064,0.031204819679260254,0.030600855126976967,0.004979110322892666,0.02134007029235363,-0.030543334782123566,-0.012841430492699146,0.014063739217817783,-0.005306257400661707,-0.0571177639067173,0.0027789545711129904,-0.004022833425551653,0.020966187119483948,-0.011712592095136642,-0.005255926866084337,-0.004141469020396471,-0.02634434588253498,0.04777069762349129,-0.054558105766773224,-0.026531286537647247,-0.007369801867753267,-0.016263894736766815,-4.547706921584904E-4,0.03330431506037712,-0.02195841446518898,-0.021296929568052292,-0.041529733687639236,0.032700348645448685,-0.030083172023296356,0.0013679071562364697,0.012726389802992344,-0.0032534978818148375,0.019715119153261185,-0.05815313011407852,-0.0016276476671919227,-0.013653906062245369,-0.028846483677625656,-0.04650524631142616,0.011734162457287312,0.004968325141817331,0.04802953824400902,-0.0358639732003212,-0.04989895224571228,0.002773561980575323,-0.05004275217652321,0.03175126388669014,-0.02273494005203247,-0.09255032986402512,-0.047856979072093964,0.04319782555103302,-0.03810726851224899,-0.015171007253229618,0.005061795469373465,-0.007607073523104191,0.026833269745111465,0.019758259877562523,0.034914884716272354,-0.05130820348858833,-0.004759813658893108,0.04848970100283623,8.717936580069363E-4,0.0012969053350389004,0.05987874045968056,0.012798289768397808,-0.00912417471408844,0.0065824915654957294,0.013373494148254395,-0.0035878352355211973,-0.010626895353198051,0.03163622319698334,0.059303537011146545,0.0056262146681547165,0.03520248830318451,-0.013366304337978363,-0.002182180294767022,0.018133308738470078,0.03741702437400818,0.09001943469047546,-0.02190089412033558,0.01788884587585926,-0.018852312117815018,0.009037893265485764,0.04158725216984749,0.0059174117632210255,-0.010447143577039242,0.01855033077299595,-0.0038610571064054966,-0.03526000678539276,0.0348573662340641,0.0013085892423987389,0.01844966970384121,0.017975127324461937,-0.021109988912940025,-0.06614846736192703,0.012438788078725338,0.0742013230919838,-0.009828799404203892,-0.07621453702449799,0.05349397659301758,0.0010686212917789817,0.009462106972932816,0.001516201882623136,0.04917994514107704,-0.001173775759525597,0.0031941800843924284,0.07650213688611984,0.0015674310270696878,-0.005874271504580975,0.0013346531195566058,0.02387096732854843,0.040235523134469986,0.033016711473464966,0.004349980503320694,0.026200544089078903,-0.030342014506459236,-0.013179362751543522,0.006995919160544872,-0.004493781831115484,-0.01301399152725935,0.020175281912088394,0.015343568287789822,0.00448299665004015,0.020692965015769005,-0.00456208735704422,0.022547999396920204,0.014315390959382057,-0.024216091260313988,0.002043771790340543,-0.008412359282374382,0.03638165816664696,0.006514186039566994,-0.006708317436277866,-0.038481149822473526,0.07224562764167786,-0.022821221500635147,0.007765254937112331,-0.011590361595153809,0.03891255334019661,-0.01502720545977354,-0.02287874184548855,-0.03592149168252945,-0.026761367917060852,0.017917606979608536,-0.03557636961340904,0.0508192777633667,0.044463273137807846,0.002798727247864008,-0.02830003947019577,-0.00693120900541544,-0.03983288258314133,-0.01912553422152996,0.029392927885055542,6.417120457626879E-4,-0.02706335112452507,0.034914884716272354,0.0025201127864420414,0.0035428975243121386,-0.005680140107870102,0.041357170790433884,0.010396813042461872,0.10790827870368958,0.01496968511492014,-0.035231247544288635,0.023324524983763695,0.019039254635572433,-0.01866537146270275,-0.020678585395216942,0.05113564059138298,0.029263505712151527,0.010425573214888573,-0.006068402901291847,-0.02993937022984028,-0.011051108129322529,-0.045124758034944534,-0.008074427023530006,-0.05941857770085335,0.020937427878379822,-0.014883404597640038,-0.012108045630156994,-0.04236377775669098,0.018679751083254814,0.015386708080768585,-0.06459541618824005,0.016637777909636497,0.018377769738435745,-0.02855888195335865,-0.008735911920666695,0.020060241222381592,0.061316750943660736,0.026890790089964867,0.0292347464710474,-0.0020527595188468695,-0.009426156058907509,-0.007952195592224598,-0.00837640929967165,0.003431451739743352,-0.00422775000333786,-0.028832104057073593,0.011913914233446121,0.014869024977087975,0.015631170943379402,0.033074233680963516,0.0420474149286747,-0.013431014493107796,0.030025651678442955,0.02134007029235363,0.039660319685935974,-0.00259740580804646,-0.04472211375832558,0.04236377775669098,0.00483171408995986,-0.02927788719534874,0.020275942981243134,0.006431500427424908,-0.07098018378019333,0.010763505473732948,0.017514962702989578,-0.010001360438764095,-0.031061019748449326,-0.0556509904563427,-0.04581500217318535,-0.04607384651899338,0.035547610372304916,0.006366789806634188,-0.049352508038282394,0.02716401219367981,-0.003055771579965949,0.009720948524773121,-0.022490479052066803,-0.029910610988736153,0.02690516971051693,-0.007966576144099236,0.01496968511492014,0.030744656920433044,0.02205907553434372,-0.015731830149888992,0.018003886565566063,-0.04161601513624191,-0.002982073463499546,-0.021225029602646828,0.008390788920223713,-0.012323746457695961,0.022849980741739273,0.05251612886786461,-0.002406869549304247,-0.043370384722948074,0.029968131333589554,0.036525458097457886,0.03436844050884247,-0.00971375871449709,0.008556160144507885,0.01870851218700409,-0.028645161539316177,1.0105391265824437E-4,-0.045901283621788025,0.05225728824734688,0.0167528185993433,-0.04848970100283623,0.03436844050884247,-4.844296781811863E-4,0.044923435896635056,-0.04026428237557411,-0.033074233680963516,0.07581189274787903,-0.004493781831115484,0.014063739217817783,-0.014984065666794777,0.05015779286623001,0.040436845272779465,0.004662747960537672,0.001407452393323183,0.01731364242732525,-0.0260855033993721,-0.06321492791175842,-0.03290167078375816,0.003221142804250121,0.009900699369609356,-0.012733579613268375,-0.03641041740775108,-0.03140614181756973,0.04014924168586731,-0.02062106505036354,-0.037244461476802826,-0.0045692771673202515,0.0075926934368908405,0.015271667391061783,-0.02345394529402256,-0.005604644306004047,-0.006323649547994137,0.013445395044982433,0.013697046786546707,0.006668772082775831,0.04086824879050255,-0.03983288258314133,0.02509327605366707,-0.04201865568757057,0.03816479071974754,0.05191216617822647,0.05061795562505722,-0.029507968574762344,-0.020232802256941795,-0.032556548714637756,-0.015472988598048687,-0.042651381343603134,0.03819354996085167,-0.016364555805921555,0.0012025359319522977,-0.031981345266103745,4.7004956286400557E-4,-0.022246016189455986,-0.001473960350267589,0.015199767425656319,0.028673922643065453,0.09502370655536652,0.04489467665553093,0.0068269530311226845,0.025740381330251694,0.0321539081633091,0.0014452001778408885,-0.03531752899289131,0.029177226126194,0.005457248538732529,0.007121745031327009,-0.013308783993124962,0.009332685731351376,-0.031176060438156128,0.012517877854406834,-0.06735639274120331,0.0033415760844945908,0.00814632698893547,-0.004928779788315296,-0.016263894736766815,-0.014523901976644993,0.05901593714952469,-0.004515351727604866,-0.016939759254455566,-0.007542363367974758,-0.006981539074331522,0.04032180458307266,-0.006032452452927828,-0.025481538847088814,0.02654566802084446,0.04549863934516907,0.0036525458563119173,2.9928586445748806E-4,0.014940924942493439,-0.01499844528734684,0.05294753238558769,0.0019251360790804029,0.03313175216317177,-0.018118927255272865,0.013553245924413204,-0.007369801867753267,-0.05901593714952469,0.007060629781335592,-0.033016711473464966,0.0076574040576815605,-0.05056043714284897,-0.005320637486875057,-0.006755052600055933,0.0076574040576815605,-0.003521327394992113,0.014984065666794777,0.02227477729320526,-0.019341235980391502,0.02215973660349846,0.010770696215331554,-0.048892345279455185,0.05953361839056015,0.026056744158267975,-0.02525145746767521,-0.0205204039812088,0.0216420516371727,-0.0695996880531311,0.02273494005203247,0.012122425250709057,0.009203264489769936,-0.05021531507372856,-0.021713953465223312,-0.05901593714952469,0.005320637486875057,-0.027566654607653618,-0.021627672016620636,0.018377769738435745,-0.011482510715723038,0.06051146611571312,0.07523669302463531,-0.014308201149106026,0.06338748335838318,0.056369997560977936,-0.01824834942817688,-0.015890011563897133,0.040436845272779465,0.002259473316371441,-0.04549863934516907,-0.01312184240669012,-0.030543334782123566,5.954260705038905E-4,-0.0033847163431346416,-0.026560047641396523,-0.003098911838606,0.02297940105199814,-0.014171590097248554,8.83477448951453E-4,-0.003936552908271551,-0.04083948954939842,-0.05800933018326759,0.008441119454801083,-0.01819082908332348,-0.03850991278886795,0.003936552908271551,-0.01384084764868021,0.005414108280092478,0.011288379319012165,-0.03140614181756973,0.014042168855667114,0.011036727577447891,-0.0010785076301544905,0.018118927255272865,0.0071397204883396626,0.005665760021656752,-2.0828678680118173E-4,0.05424174293875694,0.005414108280092478,0.002464389894157648,0.007236786186695099,-0.0019952391739934683,-0.03267158940434456,-0.06379012763500214,0.05757792666554451,-0.025337738916277885,0.027135251089930534,-0.014257870614528656,0.03773338720202446,0.030658375471830368,-0.07328099757432938,0.0030413914937525988,-0.1336774230003357,0.018176447600126266,0.0204628836363554,-0.01043995376676321,0.022145356982946396,-0.006773027591407299,0.005281092133373022,0.010612514801323414,-0.057031482458114624,0.043169062584638596,-0.04541236162185669,0.012165565975010395,-0.0034440343733876944,0.04995647072792053,0.0031438495498150587,-0.006014477461576462,0.010590944439172745,0.010058880783617496,-0.0015530509408563375,-0.016307035461068153,0.030543334782123566,-0.016882238909602165,0.006995919160544872,0.026790129020810127,0.05458686500787735,-0.004436261486262083,0.00840516947209835,-0.004853283986449242,-0.06632103025913239,-0.01757248304784298,0.03272911161184311,0.004971920046955347,-0.002683686325326562,0.00948367640376091,-0.006650797091424465,0.0023259813897311687,0.04754061624407768,-0.011101438663899899,-0.02041974477469921,-0.016407696530222893,0.0346272848546505,0.04112708941102028,0.020736105740070343,0.027279052883386612,-0.0519409254193306,-0.055852312594652176,-0.02098056860268116,-0.02588418312370777,0.05418422073125839,-0.03983288258314133,0.018118927255272865,-0.013603575527668,-0.029968131333589554,0.0870283767580986,0.04408939182758331,0.004554897081106901,-0.006104352883994579,0.01809016801416874,-0.021771473810076714,0.00835483893752098,0.021469490602612495,-0.0018712106393650174,0.002356539014726877,0.06304236501455307,0.04771317541599274,-0.009670617990195751,-0.030802177265286446,0.008383599109947681,-0.015329187735915184,0.013057132251560688,0.008793432265520096,0.021354449912905693,-0.025841042399406433,-0.04607384651899338,2.911970659624785E-4,-0.005759230814874172,0.012783910147845745,0.056571319699287415,-0.060338906943798065,-0.0013616158394142985,0.0044865915551781654,-0.03701438009738922,0.015070346184074879,0.005144481081515551,0.02103808894753456,-0.031780023127794266,0.025841042399406433,0.010404003784060478,0.007707734126597643,0.038423631340265274,0.04825961962342262,-0.027509134262800217,0.018162067979574203,-0.023540226742625237,0.004572872072458267,-0.010145161300897598,0.010648464784026146,-0.026143023744225502,-0.02010338194668293,0.024359891191124916,-0.02448931336402893,-0.008613680489361286,-0.005967741832137108,0.04659152776002884,-0.018952973186969757,0.004141469020396471,0.026818888261914253,-0.04756937548518181,-0.013804897665977478,-0.005654974840581417,0.0066651771776378155,0.025596579536795616,-0.0291197057813406,-7.747279596515E-4,-0.0420474149286747,-0.020865527912974358,0.0291197057813406,-0.023842208087444305,-0.006471045780926943,0.01942751742899418,0.006981539074331522,-0.01448076218366623,-0.0060000973753631115,-0.01819082908332348,0.0012951078824698925,0.05726156383752823,-0.018003886565566063,-0.010885736905038357,0.03701438009738922,-0.047856979072093964,0.019456276670098305,0.029292266815900803,-0.03324679285287857,0.02098056860268116,0.024647492915391922,-0.018277108669281006,-0.03546132892370224,-0.04552740231156349,-0.028415080159902573,0.0014065536670386791,-0.009505246765911579,-0.011655071750283241,0.01603381335735321,-0.00546443834900856,0.00161686260253191,-0.04814457893371582,-0.010195491835474968,0.06102915108203888,0.02494947612285614,-0.013186552561819553,0.027638554573059082,0.03376447781920433,0.06655111163854599,0.0017292072298005223,-0.035979013890028,0.0384523905813694,0.041357170790433884,-0.014739603735506535,-0.008505829609930515,0.017946366220712662,-0.034052081406116486,-0.0010946851689368486,-0.03891255334019661,0.027566654607653618,-2.892871998483315E-5,0.0422774963080883,-0.022806840017437935,0.0014883404364809394,0.038481149822473526,-0.01670967787504196,0.017097940668463707,0.01229498628526926,-0.01247473806142807,-0.038222309201955795,-0.010583754628896713,0.013783327303826809,-0.010317722335457802,-0.01619199477136135,0.0033703362569212914,0.032815393060445786,-0.08190906047821045,0.008886902593076229,0.05516206845641136,0.028314419090747833,-0.04006296396255493,0.027868635952472687,-0.02768169529736042,0.03479984402656555,0.034512244164943695,0.02174271270632744,0.037503305822610855,0.07460396736860275,0.05993626266717911,-0.012043334543704987,-0.0030288088601082563,0.008513020351529121,0.03031325340270996,0.02190089412033558,-0.006787407677620649,0.06269723922014236,0.005176836624741554,-0.01701165921986103,-0.03212514519691467,-0.08064360916614532,-0.030428294092416763,0.010159541852772236,0.005299067124724388,-0.038883794099092484,0.008505829609930515,0.006715507246553898,0.00421336991712451,0.0017696511931717396,0.010166731663048267,0.029407307505607605,4.33200562838465E-4,-0.0944485068321228,0.041414692997932434,0.002076127100735903,0.0496976301074028,-0.0013508307747542858,0.019499417394399643,0.006388360168784857,0.019413135945796967,0.019499417394399643,-0.02339642494916916,-0.003821511985734105,0.011180528439581394,-0.024978235363960266,0.040379323065280914,0.007405752316117287,0.013653906062245369,0.019887680187821388,-0.02985309064388275,0.010885736905038357,-0.03298795223236084,-0.011770113371312618,-0.05173960328102112,0.03514496609568596,-0.02335328422486782,-0.03261407092213631,-0.04233501851558685,-0.03264283016324043,0.0743163675069809,-0.0396890789270401,0.016350174322724342,0.003488972084596753,-0.013718617148697376,-0.017989506945014,-0.03655421733856201,-0.006043237634003162,0.04086824879050255,-0.024561213329434395,0.008448309265077114,0.031003499403595924,0.0011719783069565892,-0.030687136575579643,0.020132141187787056,-0.006424310151487589,0.036065295338630676,0.03994792327284813,0.004677128046751022,-0.04754061624407768,0.0038682471495121717,0.011640692129731178,-0.0036453555803745985,0.01685347966849804,-0.01860785111784935,0.0012259036302566528,0.002947920700535178,-0.019830159842967987,-0.0035051496233791113,-0.04742557555437088,-0.03396579995751381,-0.14127011597156525,-0.015372328460216522,1.2694933684542775E-4,-0.02315196394920349,-0.020649826154112816,-0.004292460158467293,0.009246405214071274,-0.003097114386036992,-0.007599883712828159,-0.07989584654569626,-0.04397435113787651,0.007527983281761408,-0.042910221964120865,-0.018492810428142548,0.002255878411233425,-0.00912417471408844,-0.0192837156355381,0.06010882183909416,-0.011540031060576439,-0.04900738596916199,0.007952195592224598,0.03761834651231766,0.03465604409575462,-0.012165565975010395,-0.007143315393477678,-0.016565876081585884,0.026991451159119606,-0.029407307505607605,-0.015602409839630127,0.011611931957304478,-0.01314341276884079,-0.01522852759808302,0.07966576516628265,0.00448299665004015,-0.02247609756886959,-0.06367509067058563,-0.010720365680754185,0.0017283083871006966,0.007362612057477236,0.0015979887684807181,-0.0011297366581857204,-0.05490322783589363,0.004691508132964373,0.026258064433932304,-0.055392149835824966,-0.04676409065723419,0.015961913391947746,-0.012927711009979248,0.015357947908341885]'),(8,'申根','申根签证需要什么材料','申根,欧洲,法国,德国,意大利,签证材料','申根签证（以法国为例）申请材料：\n1. 护照原件及复印件（近10年内签发，入境后有效期超过3个月）\n2. 签证申请表（法国领事馆官网填写并打印）\n3. 近6个月2寸白底照片\n4. 往返机票预订单\n5. 酒店预订单或邀请函\n6. 行程单\n7. 旅行保险（保额不低于30万元或3万欧元，覆盖全程）\n8. 在职证明和近3个月工资单\n9. 银行存款证明（近3个月流水，余额建议5万以上）\n10. 户口本及身份证复印件\n申根签证通常10-15个工作日出签，旺季建议提前1个月申请。','0','2026-04-19 11:28:56','[-0.04390018433332443,0.0038816926535218954,0.019434666261076927,0.053902000188827515,-0.006393376272171736,0.011439202353358269,0.01378244161605835,0.035186026245355606,0.04363067448139191,0.07857713848352432,0.021021779626607895,0.008047867566347122,0.015856171026825905,-0.02497459389269352,0.03273049369454384,0.013280853629112244,0.04611615464091301,-0.012322596274316311,-0.05333303287625313,0.03689292445778847,0.07486388832330704,0.03623412176966667,0.039108894765377045,-0.032281309366226196,0.0931306779384613,0.06534120440483093,0.06719782948493958,-0.0254537221044302,-0.05743557587265968,-0.0035148595925420523,-0.0244206003844738,-0.058753177523612976,0.013183530420064926,0.002221585949882865,-0.03138294070959091,7.364734774455428E-4,-0.05363249033689499,0.019060345366597176,0.010495916940271854,-0.020183304324746132,-0.005596075672656298,0.008437160402536392,-0.06582032889127731,0.05611797049641609,-0.0015113147674128413,0.024555355310440063,-0.05602813512086868,0.004907327704131603,0.0049485028721392155,-0.028687842190265656,-0.05120689794421196,-0.004203607328236103,0.015212342143058777,0.02144101820886135,-0.03395825996994972,0.003404435236006975,-0.015017695724964142,0.03458711504936218,0.01138679776340723,0.008519510738551617,0.027385210618376732,0.05345281586050987,0.02043784223496914,0.0013447426026687026,0.034647006541490555,-0.016080763190984726,0.0037169919814914465,0.03572504594922066,-0.017413340508937836,-0.0179224144667387,0.034557171165943146,-0.042941927909851074,-0.02254900336265564,0.0010275068925693631,-0.002861672081053257,0.016694646328687668,0.004839950241148472,0.09091470390558243,-0.045607078820466995,0.0010902053909376264,-0.010495916940271854,-0.023746825754642487,0.011843467131257057,-0.036593466997146606,0.005678426008671522,0.02403130754828453,0.009814655408263206,-0.014673322439193726,0.05033847689628601,-0.007725953124463558,0.03934846073389053,-0.017832577228546143,0.026576681062579155,0.0186261348426342,-0.04932032898068428,-0.039977315813302994,0.029496371746063232,-0.013063748367130756,-0.035425592213869095,0.03446733579039574,-0.04746370390057564,-0.02614247053861618,0.03982758894562721,0.0019062217324972153,0.03626406565308571,0.030185120180249214,-0.04746370390057564,-0.02418103627860546,-0.0020325544755905867,0.005165608134120703,0.028238657861948013,-0.002285220194607973,0.011948276311159134,-0.032371144741773605,0.021186480298638344,-0.03347913175821304,-0.018820781260728836,0.030334847047924995,0.01745825819671154,0.029181944206357002,0.02716061845421791,0.029181944206357002,-0.001523480168543756,-0.023612070828676224,0.021321235224604607,-0.0244206003844738,0.0435408391058445,0.02397141605615616,-0.055788569152355194,-0.014538567513227463,-0.009253176860511303,0.013161071576178074,-7.448956603184342E-4,-0.018446462228894234,0.03383847698569298,-0.04593648016452789,-0.00657679233700037,0.007306715473532677,0.008010435849428177,-0.054441019892692566,-0.0786370262503624,-0.02200998365879059,0.1018148884177208,0.012000680901110172,-0.01855127140879631,-0.05542922392487526,0.020872052758932114,-1.4102777640800923E-5,0.015010209754109383,0.0033894625958055258,-0.007231851574033499,-5.633507389575243E-4,-0.03037976659834385,0.033389292657375336,0.0066778589971363544,-0.04345100000500679,2.414360351394862E-4,0.025558531284332275,-0.006662886124104261,0.009784710593521595,-0.058843016624450684,0.025558531284332275,-0.0210666973143816,-0.02419600822031498,0.02443557232618332,0.01029378455132246,-0.011289474554359913,-0.021485935896635056,0.022758621722459793,-0.04431942105293274,-0.04186388477683067,-0.031742289662361145,-0.004884868860244751,0.051236845552921295,0.01964428462088108,-0.0064832125790417194,-0.07007259875535965,0.00694736884906888,-0.04770326986908913,0.020138386636972427,0.003196688136085868,0.013992060907185078,0.06438294053077698,-0.046295829117298126,0.020497731864452362,0.041205085813999176,3.0237992177717388E-5,0.04390018433332443,0.03186206892132759,0.012771779671311378,0.01441129855811596,0.09325046092271805,-0.027415156364440918,-0.01877586357295513,0.020018603652715683,0.0615081712603569,0.03991742432117462,0.01768285036087036,0.11031942814588547,0.04821234568953514,-0.033239565789699554,-0.008571915328502655,-0.02427087165415287,-0.01518239639699459,0.03344918414950371,-0.013490472920238972,-0.0051394058391451836,0.004506805911660194,-0.044109802693128586,-0.004577926825731993,-0.0035073731560260057,0.019689202308654785,0.050607986748218536,0.004810004960745573,-0.014748185873031616,0.012749319896101952,-0.05126678943634033,0.004884868860244751,-0.023387478664517403,-0.020452814176678658,-0.0032902678940445185,0.024854810908436775,0.006153811700642109,-0.02175544574856758,-0.027070781216025352,-0.0432114377617836,-0.015841199085116386,-0.04363067448139191,-0.023761797696352005,-0.01973411999642849,0.006026543211191893,-0.0120231406763196,-0.020692378282546997,-0.016155626624822617,0.015766335651278496,0.01280172448605299,-0.027759529650211334,-0.02521415799856186,0.015332124195992947,0.025573505088686943,0.005360254552215338,0.0091259079053998,0.007344147190451622,-0.012629537843167782,0.009897005744278431,-0.05354265123605728,-0.01956942118704319,-0.027594828978180885,0.00802540872246027,0.016485027968883514,0.053662434220314026,0.037372052669525146,-0.005236729048192501,0.017398366704583168,0.042073506861925125,-0.04054628312587738,-0.05803448706865311,0.039108894765377045,0.018102088943123817,-0.015092560090124607,-0.008691697381436825,-0.01903039962053299,-0.011281987652182579,0.021980037912726402,0.014321462251245975,0.023267695680260658,-0.007868194952607155,0.01597595401108265,0.017039021477103233,-0.02112658880650997,-0.00729922903701663,0.018356624990701675,0.011813521385192871,0.010346189141273499,-0.022204630076885223,0.019674230366945267,-0.07294737547636032,0.0372522696852684,0.006973571144044399,6.853993454569718E-6,-0.00911842193454504,-0.01588611677289009,0.041684214025735855,-0.03341924026608467,-0.010967559181153774,-0.019764065742492676,-0.0030656761955469847,0.017892468720674515,-0.0035260890144854784,0.0316225066781044,-0.022833485156297684,0.03252087160944939,0.03740200027823448,-0.042702361941337585,-0.008190109394490719,0.03305989131331444,0.04644555598497391,-0.031832125037908554,-0.03350907564163208,-0.028852542862296104,-0.013932169415056705,-0.05503993108868599,0.006752722896635532,-0.02731034718453884,0.004929787013679743,0.01652994565665722,-0.01464337669312954,-0.046295829117298126,-0.06522142142057419,-0.030484575778245926,0.017727768048644066,0.009455309249460697,-0.035665154457092285,-0.010188975371420383,0.02332758717238903,-0.06803630292415619,-0.052165158092975616,-0.029181944206357002,0.016005899757146835,0.003380104433745146,-0.007284256163984537,0.02504945732653141,-0.09235209226608276,0.006876247934997082,0.0034924002829939127,0.015122505836188793,-0.026007715612649918,-0.027265427634119987,-8.146126638166606E-4,-0.0024461776483803988,-0.02889746055006981,0.02443557232618332,-0.037701454013586044,-0.002120519522577524,0.03297005593776703,0.05033847689628601,0.03171234205365181,-0.03207169100642204,0.01958439312875271,0.005929220002144575,0.04282214492559433,0.09894011169672012,0.02073729783296585,-0.016395190730690956,0.01909029111266136,0.011184664443135262,-0.015556716360151768,0.036922868341207504,-0.04737386852502823,-0.01699410192668438,-0.006434550974518061,0.0030357306823134422,0.02943648025393486,0.01926996558904648,0.013176044449210167,0.0688747763633728,0.028148822486400604,0.009013611823320389,-0.07965517789125443,0.003009528387337923,0.09564610570669174,-0.02882259711623192,-0.09690381586551666,0.03458711504936218,-0.01534709706902504,-0.02379174344241619,0.01221778616309166,0.08366788178682327,0.0026239792350679636,0.005154378712177277,0.0558784045279026,0.02882259711623192,0.019913794472813606,-0.01620054617524147,-0.0027306603733450174,0.05087749660015106,0.02245916612446308,-0.002071858150884509,0.011948276311159134,-0.026980945840477943,-0.08372776955366135,-0.013497958891093731,-0.04195372387766838,-0.011237069964408875,0.005708371289074421,0.024779947474598885,0.015332124195992947,-0.031053541228175163,0.02754991129040718,0.026606624945998192,0.015264746733009815,-0.050458259880542755,0.01197073608636856,-0.0037488092202693224,0.043331217020750046,-0.006984800565987825,-0.004989678040146828,-0.03877949342131615,0.03689292445778847,0.0216057188808918,0.005247958470135927,0.003926611039787531,0.018191924318671227,0.0071008396334946156,-0.056567154824733734,-0.002532270969823003,0.030664248391985893,0.012247731909155846,-0.015219828113913536,0.04422958567738533,-0.032460980117321014,-0.007696007844060659,-0.01542196050286293,-0.02208484709262848,0.0060677179135382175,-0.03359891474246979,0.04021688178181648,-0.016110708937048912,0.017428312450647354,-0.06905444711446762,-0.002249659737572074,-0.009155853651463985,0.02373185195028782,0.024615246802568436,0.0073516336269676685,0.11660799384117126,0.010735481977462769,-9.236332261934876E-4,0.047643378376960754,-0.003979015629738569,-0.033149730414152145,-0.005618534982204437,-0.018506353721022606,-0.037222325801849365,0.017098912969231606,-5.708371754735708E-4,-0.04375045746564865,0.0019155797781422734,-0.01786252297461033,-0.011461661197245121,-0.02871778793632984,-0.008414700627326965,-0.011461661197245121,0.0016582350945100188,0.005543671082705259,0.04378040134906769,0.03147277981042862,-0.02999047376215458,0.0442894771695137,0.020467786118388176,0.01248729694634676,0.0120231406763196,-0.013917196542024612,0.005472550168633461,0.020243195816874504,0.024720055982470512,-0.04171415790915489,0.031442832201719284,-0.013340745121240616,-0.05566878616809845,8.548520272597671E-4,-0.00791311264038086,-0.022114792838692665,-0.014920372515916824,0.0200335755944252,-0.0223094392567873,0.0019951225258409977,-0.005843126680701971,-0.029960528016090393,-0.06081942096352577,-0.012719374150037766,0.04641561210155487,-0.005495009478181601,0.016155626624822617,0.005831896793097258,-0.05474047362804413,-0.04249274358153343,0.03291016444563866,0.006771438755095005,-0.005517468322068453,-0.02449546381831169,3.181715146638453E-4,0.011469148099422455,-0.029466425999999046,-0.01723366789519787,-0.03045463003218174,0.013707578182220459,-0.0034399956930428743,0.01723366789519787,-0.008062840439379215,0.03249092772603035,0.0013503574300557375,-0.03797096386551857,-0.04539746046066284,0.0027344035916030407,-0.02928675338625908,-2.3523636627942324E-4,0.06162795424461365,0.018176952376961708,0.02882259711623192,0.002322652144357562,-6.840687710791826E-4,0.042313069105148315,0.002146722050383687,-0.051087118685245514,0.005045826081186533,0.03907895088195801,0.023701906204223633,-0.017203722149133682,-0.039019059389829636,0.008751588873565197,0.012165381573140621,0.021336209028959274,-0.008826452307403088,-0.031832125037908554,0.004989678040146828,-0.04345100000500679,-0.004997164476662874,0.0020100953988730907,-0.04641561210155487,0.01005422044545412,0.007239338010549545,-0.01636524684727192,-9.044493199326098E-4,-0.036294013261795044,-0.01018148846924305,-0.022878404706716537,-0.015406988561153412,0.04228312522172928,-0.06138838827610016,0.017338477075099945,-0.0105333486571908,-8.15080595202744E-4,0.011671280488371849,-0.042792197316884995,0.037222325801849365,-0.027819421142339706,0.0050083938986063,0.016185572370886803,0.006412092130631208,-0.01448616199195385,0.009148366749286652,0.0120231406763196,0.025423776358366013,0.029241833835840225,0.005854356102645397,0.0336887501180172,0.028044013306498528,-0.028403358533978462,0.004476860631257296,0.03671324998140335,0.03288022056221962,0.0036215404979884624,-0.04057622700929642,-0.007613657508045435,-0.035275865346193314,-0.010114111006259918,-0.025783123448491096,-0.05396189168095589,-0.03225136175751686,-0.021186480298638344,-0.004907327704131603,0.02678629942238331,-0.03539564460515976,-6.728391745127738E-4,-0.009874546900391579,-0.054441019892692566,0.028148822486400604,-0.028867514804005623,-0.005839383229613304,-0.03689292445778847,0.03892922028899193,-0.029735935851931572,0.019868876785039902,-0.020407896488904953,0.029765881597995758,0.007261797320097685,0.007860708050429821,-0.032850272953510284,0.013864791952073574,0.023387478664517403,-0.03569510206580162,0.031053541228175163,-0.022923322394490242,0.018895644694566727,0.015197369270026684,-0.04171415790915489,-0.02802903950214386,-0.006539360620081425,-0.01816197857260704,0.04297187179327011,-0.05486025661230087,-0.06971324980258942,-0.01377495564520359,0.024630218744277954,0.03521597385406494,0.00624364847317338,-0.08432668447494507,0.018730944022536278,0.020063521340489388,-0.010353676043450832,-0.0723484605550766,-0.0053901998326182365,-4.683671868406236E-4,-0.014321462251245975,-0.004387023858726025,-0.005468807183206081,0.02436070889234543,-0.004368308000266552,-0.017278585582971573,0.07139020413160324,-0.021560799330472946,0.011124773882329464,-0.015287205576896667,-0.016185572370886803,-0.021950092166662216,0.0059965974651277065,0.044199638068675995,-0.025962796062231064,-0.002781193470582366,-0.022833485156297684,0.010428539477288723,0.005775748752057552,-0.013745009899139404,6.541231996379793E-4,-0.0030769058503210545,0.01076542679220438,0.005790721625089645,0.025229129940271378,0.029720963910222054,0.05785481259226799,0.027774501591920853,-0.003009528387337923,-0.004364564549177885,0.008549456484615803,-0.04401996731758118,-0.06965336203575134,-0.025738203898072243,-0.02341742441058159,-0.003926611039787531,-0.03045463003218174,-0.02136615291237831,-0.012479810044169426,9.245690307579935E-4,0.004428199026733637,0.037372052669525146,0.00994941033422947,-0.0568666085600853,-0.021096643060445786,-0.034946464002132416,0.023222777992486954,0.08061343431472778,-0.03219147026538849,0.0033595170825719833,-0.010713022202253342,0.006782668177038431,0.014740699902176857,-0.03821052983403206,0.004076338838785887,-0.02028811350464821,-0.035425592213869095,-0.05078766122460365,-0.024600272998213768,0.015167423523962498,0.005738317035138607,-0.0039303540252149105,-0.018491379916667938,0.004143716301769018,-0.015189883299171925,0.04821234568953514,-0.09450817108154297,-0.012157895602285862,0.03156261518597603,0.021650636568665504,0.056327588856220245,0.03419782593846321,0.0254537221044302,-0.0200335755944252,0.02638203464448452,0.0361742302775383,0.025618422776460648,-0.019614338874816895,-0.033718694001436234,0.025408804416656494,0.01768285036087036,-0.008759074844419956,0.018656080588698387,0.04863158240914345,0.03404809534549713,0.013011343777179718,-0.0034399956930428743,0.029316699132323265,0.014897913672029972,0.005839383229613304,0.02701089158654213,0.012157895602285862,0.012637024745345116,0.019210074096918106,0.035904720425605774,-0.014306489378213882,-0.06510163843631744,-0.028747733682394028,-0.06641924381256104,0.0033875908702611923,5.530569469556212E-4,0.009290608577430248,0.008624319918453693,-0.008055354468524456,0.035575319081544876,0.021351180970668793,-0.035036299377679825,0.009425363503396511,-0.05518965795636177,0.03258076310157776,0.010136570781469345,4.992485628463328E-4,0.06833575665950775,0.0347667895257473,-0.010548321530222893,0.003378232941031456,0.02397141605615616,-0.028523141518235207,0.002225329168140888,-0.009889519773423672,-0.005180581007152796,0.008287432603538036,0.050997279584407806,0.017503177747130394,-0.009507713839411736,7.598684751428664E-4,-0.014808077365159988,-3.2519001979380846E-4,0.004791288636624813,0.05683666467666626,-0.004881125409156084,-0.005663453135639429,-0.036922868341207504,0.0031236957293003798,0.08702178299427032,0.005191810429096222,0.009837115183472633,0.031502723693847656,-0.07737931609153748,-8.216311689466238E-4,0.07815790176391602,0.0025172983296215534,0.016170600429177284,0.031832125037908554,0.03201179951429367,-0.026082579046487808,0.009575091302394867,-0.05363249033689499,-0.037312161177396774,0.07240835577249527,-0.020258167758584023,0.004027677234262228,-0.004473117180168629,0.008055354468524456,-0.022638840600848198,0.00877404771745205,5.06267067976296E-4,0.020467786118388176,0.03141288831830025,-0.02151588164269924,0.01799727790057659,0.04390018433332443,0.028358440846204758,-0.05536933243274689,-0.03389836847782135,-5.881494143977761E-4,0.003967786207795143,-0.03219147026538849,0.0730072632431984,0.027594828978180885,-0.020572597160935402,-0.018835755065083504,-0.014770644716918468,-0.0400671511888504,0.04695463180541992,0.029331671074032784,0.0016367117641493678,-0.028538113459944725,0.05240472033619881,0.062586210668087,0.015062614344060421,0.017802633345127106,0.011611388996243477,-0.014516107738018036,-0.04422958567738533,-0.040276773273944855,-0.009889519773423672,-0.016769511625170708,0.06022050976753235,0.017323503270745277,0.039108894765377045,0.021725500002503395,0.03117332234978676,-0.02810390293598175,0.014590972103178501,-0.003990245051681995,0.0456969179213047,0.0244206003844738,-0.010975046083331108,0.006704061292111874,0.0032584506552666426,0.019464610144495964,0.0070297191850841045,0.02271370403468609,0.07522323727607727,0.0046265884302556515,-0.028373412787914276,-0.001747136004269123,-0.020797187462449074,0.04656533896923065,-0.01441129855811596,-2.5500511401332915E-4,-0.033239565789699554,-0.004278471227735281,-0.004843693692237139,-0.02112658880650997,0.008908802643418312,-0.03928856924176216,-0.0020905740093439817,0.0091259079053998,0.009934438392519951,0.013490472920238972,-0.017982305958867073,0.03386842459440231,-0.007243080995976925,-0.004843693692237139,0.005517468322068453,0.040905628353357315,-0.02121642604470253,0.0011557112447917461,-0.01518239639699459,0.01949455589056015,0.01997368596494198,0.016949184238910675,0.0424627959728241,-0.049140654504299164,-0.012427405454218388,-0.06468240171670914,-0.03524591773748398,0.02473502792418003,0.012786752544343472,0.04159437492489815,-3.1144547392614186E-5,-0.03560526669025421,-0.004364564549177885,0.01940472051501274,0.003415664890781045,0.008931261487305164,-0.0172186940908432,0.08444646745920181,0.0372522696852684,0.05192559212446213,7.819767051842064E-5,0.006883734371513128,-0.029107078909873962,-0.02590290457010269,0.028313523158431053,0.006292309612035751,-3.712780890055001E-4,0.02129128947854042,-0.018686026334762573,-0.055848460644483566,0.016559891402721405,-0.007070894353091717,-0.0016844375059008598,-0.025423776358366013,-0.03099364973604679,0.022608894854784012,0.009066016413271427,-0.027355264872312546,-0.002988940803334117,-0.05336298048496246,-0.03877949342131615,0.005408915691077709,-0.05066787824034691,0.012494782917201519,-0.007688521407544613,0.016724592074751854,-0.022878404706716537,-0.00119875802192837,0.042163342237472534,0.008878856897354126,0.005431375000625849,0.015481851994991302,0.011296960525214672,-0.020467786118388176,3.3618565066717565E-4,-0.010368648916482925,-0.026037659496068954,0.05195553973317146,0.009537659585475922,-0.0312931053340435,0.022683758288621902,0.027984121814370155,0.011139746755361557,-3.607503604143858E-4,-0.01064564473927021,0.04605626314878464,-0.06719782948493958,0.022099819034337997,0.010091652162373066,-0.013887250795960426,0.016964156180620193,0.006404605694115162,-0.02215971052646637,-7.266476168297231E-4,0.04680490121245384,0.0018687897827476263,-0.001970791956409812,0.061088934540748596,-0.014823050238192081,-0.002552858553826809,-9.072567336261272E-4,-0.07354628294706345,-0.046295829117298126,-0.020931942388415337,0.02245916612446308,-0.018102088943123817,-0.045607078820466995,-0.014396325685083866,0.03818058222532272,0.019389746710658073,-0.029631126672029495,-0.02286343090236187,0.00849705096334219,-0.03407804295420647,0.019240019842982292,0.015317151322960854,0.05135662853717804,0.022743649780750275,-0.023447370156645775,-0.012651996687054634,-0.0477631613612175,0.031263161450624466,-0.06270599365234375,0.026501815766096115,0.010024274699389935,0.018042197450995445,-0.0393185131251812,-0.035126134753227234,0.034107986837625504,-0.04237296059727669,0.03341924026608467,0.01760798692703247,-0.034796733409166336,-0.02834346890449524,-0.0172186940908432,-0.018536299467086792,0.01940472051501274,-0.02584301494061947,0.007138271816074848,0.03982758894562721,0.013827360235154629,0.011177178472280502,2.3476847854908556E-4,-0.03497640788555145,0.05315336212515831,-0.004042650107294321,0.007718466687947512,-0.05270417779684067,0.05692650005221367,0.013527904637157917,-0.01590109057724476,-0.032371144741773605,-0.004757599905133247,-0.04021688178181648,0.008699183352291584,0.0032846531830728054,0.006651656236499548,-0.009530172683298588,-0.05204537510871887,-0.07354628294706345,-0.01801225170493126,-0.009365472011268139,-0.05153629928827286,-0.09953902661800385,0.05665699020028114,-0.0023320100735872984,-0.04132486507296562,-0.015309665352106094,8.557878318242729E-4,0.0016507487744092941,0.00959006417542696,-0.01315358467400074,-0.019629310816526413,-0.0203629769384861,0.03461706265807152,0.0013204118004068732,0.06120871379971504,0.029930582270026207,-0.007778358180075884,0.026037659496068954,-0.004738884046673775,0.0036683306097984314,0.025154266506433487,-0.011835981160402298,0.04021688178181648,0.025962796062231064,-0.05105717107653618,-0.016559891402721405,0.01005422044545412,-0.016964156180620193,-0.01590109057724476,0.00970984622836113,-0.04491833224892616,-1.568924926687032E-5,0.002451792359352112,-0.017248639836907387,-0.07162977010011673,0.002637080382555723,0.021411072462797165,-0.012854130007326603,-0.04384029284119606,-0.0031424115877598524,0.04761343449354172,-0.03288022056221962,-0.005004650913178921,0.01400703378021717,-0.030349820852279663,0.020782215520739555]');
/*!40000 ALTER TABLE `visa_knowledge` ENABLE KEYS */;
UNLOCK TABLES;

--
-- Table structure for table `visa_order`
--

DROP TABLE IF EXISTS `visa_order`;
/*!40101 SET @saved_cs_client     = @@character_set_client */;
/*!50503 SET character_set_client = utf8mb4 */;
CREATE TABLE `visa_order` (
  `id` bigint NOT NULL AUTO_INCREMENT COMMENT '订单ID',
  `order_no` varchar(32) NOT NULL COMMENT '订单编号(唯一)',
  `customer_id` bigint NOT NULL COMMENT '客户ID(关联c_customer)',
  `product_id` bigint NOT NULL COMMENT '产品ID(关联visa_product)',
  `quantity` int DEFAULT '1' COMMENT '订单数量',
  `product_snapshot` json DEFAULT NULL COMMENT '产品信息快照(存下单时的标题和价格)',
  `total_amount` decimal(10,2) NOT NULL COMMENT '订单总金额',
  `status` bigint DEFAULT '0' COMMENT '订单状态(0待支付 1待上传 2待审核 3待补交 4办理中 5待收货 6已完成 7待面试)',
  `alipay_no` varchar(64) DEFAULT NULL COMMENT '支付宝交易流水号',
  `pay_time` datetime DEFAULT NULL COMMENT '支付成功时间',
  `submitted_materials` json DEFAULT NULL COMMENT '用户提交的动态材料数据(JSON)',
  `audit_remark` varchar(500) DEFAULT NULL COMMENT '审核备注/驳回原因',
  `interview_time` datetime DEFAULT NULL COMMENT '预约面试时间',
  `interview_file` varchar(255) DEFAULT NULL COMMENT '面试预约单文件路径',
  `interview_feedback` json DEFAULT NULL COMMENT '面试结果',
  `visa_result` json DEFAULT NULL COMMENT '最终签证结果',
  `mailing_address` json DEFAULT NULL COMMENT '收货地址快照(收件人,电话,地址)',
  `create_time` datetime DEFAULT NULL COMMENT '下单时间',
  `update_time` datetime DEFAULT NULL COMMENT '更新时间',
  `del_flag` char(1) DEFAULT '0' COMMENT '删除标志(0代表存在 2代表删除)',
  `interview_slots` json DEFAULT NULL COMMENT '管理员提供的备选时间点',
  `supplementary_materials` json DEFAULT NULL COMMENT '面试后补交的特殊材料',
  `is_commented` char(1) DEFAULT '0' COMMENT '是否评价(0未评 1已评)',
  `user_remark` varchar(500) DEFAULT NULL COMMENT '用户备注/面试时间反馈要求',
  PRIMARY KEY (`id`),
  UNIQUE KEY `uk_order_no` (`order_no`) USING BTREE,
  KEY `idx_customer_id` (`customer_id`) USING BTREE,
  KEY `idx_status` (`status`) USING BTREE
) ENGINE=InnoDB AUTO_INCREMENT=78 DEFAULT CHARSET=utf8mb4 COLLATE=utf8mb4_0900_ai_ci COMMENT='签证订单表';
/*!40101 SET character_set_client = @saved_cs_client */;

--
-- Dumping data for table `visa_order`
--

LOCK TABLES `visa_order` WRITE;
/*!40000 ALTER TABLE `visa_order` DISABLE KEYS */;
INSERT INTO `visa_order` VALUES (67,'20260328113854453B7A',1,3,2,'{\"image\": \"/profile/upload/2026/03/27/pexels-ben-mack-5707602_20260327083051A002.jpg\", \"title\": \"澳大利亚3年多次往返旅游签\", \"unitPrice\": 100.0}',200.00,2,'STRIPE_1774669150183','2026-03-28 11:39:10','[{\"在职证明\": \"/profile/upload/2026/03/28/Letter_20260328114010A005.pdf\", \"护照首页\": \"/profile/upload/2026/03/28/pexels-alwaysontheroad-1766215_20260328113932A001.jpg\", \"电子照片\": \"/profile/upload/2026/03/28/pexels-ben-mack-5707602_20260328113936A002.jpg\", \"全家户口本\": \"/profile/upload/2026/03/28/pexels-dsd-143941-3917809_20260328113941A003.jpg\", \"营业执照副本\": \"/profile/upload/2026/03/28/Letter_20260328114014A006.pdf\", \"资产证明(银行流水)\": \"/profile/upload/2026/03/28/Letter_20260328114006A004.pdf\"}, {\"在校证明\": \"/profile/upload/2026/03/28/Letter_20260328114030A010.pdf\", \"护照首页\": \"/profile/upload/2026/03/28/pexels-sharefaith-491036-1202723_20260328114018A007.jpg\", \"电子照片\": \"/profile/upload/2026/03/28/pexels-ben-mack-5707602_20260328114021A008.jpg\", \"全家户口本\": \"/profile/upload/2026/03/28/pexels-ben-mack-5707602_20260328114025A009.jpg\"}]','[{\"text\":\"\",\"file\":\"\"}]',NULL,NULL,NULL,NULL,'{\"address\": \"北京市朝阳区\", \"contactName\": \"张建国\", \"contactPhone\": \"15611854093\"}','2026-03-28 11:38:54','2026-03-28 11:40:31','0',NULL,NULL,'0',NULL),(68,'20260328114605A8C20D',1,3,2,'{\"image\": \"/profile/upload/2026/03/27/pexels-ben-mack-5707602_20260327083051A002.jpg\", \"title\": \"澳大利亚3年多次往返旅游签\", \"unitPrice\": 100.0}',200.00,5,'STRIPE_1774669582501','2026-03-28 11:46:23','[{\"护照首页\": \"/profile/upload/2026/03/28/pexels-alwaysontheroad-1766215_20260328115330A011.jpg\", \"电子照片\": \"/profile/upload/2026/03/28/pexels-alwaysontheroad-1766215_20260328115337A012.jpg\", \"全家户口本\": \"/profile/upload/2026/03/28/pexels-dsd-143941-3917809_20260328115341A013.jpg\", \"出生医学证明\": \"/profile/upload/2026/03/28/pexels-sharefaith-491036-1202723_20260328115345A014.jpg\", \"不随行父母同意函\": \"/profile/upload/2026/03/28/pexels-viridianaor-30856678_20260328115349A015.jpg\"}, {\"退休证\": \"/profile/upload/2026/03/28/Letter_20260328115406A019.pdf\", \"护照首页\": \"/profile/upload/2026/03/28/pexels-ben-mack-5707602_20260328115355A016.jpg\", \"电子照片\": \"/profile/upload/2026/03/28/pexels-dsd-143941-3917809_20260328115358A017.jpg\", \"全家户口本\": \"/profile/upload/2026/03/28/pexels-fsoerensen-2404843_20260328115401A018.jpg\"}]','[{\"text\":\"\",\"file\":\"\"},{\"text\":\"\",\"file\":\"\"}]',NULL,NULL,NULL,'[{\"memo\": \"\", \"status\": 2, \"fileUrl\": \"/profile/upload/2026/03/30/Screenshot 2026-03-30 at 08.57.56_20260330092934A002.png\"}, {\"memo\": \"\", \"status\": 1, \"fileUrl\": \"/profile/upload/2026/03/30/Screenshot 2026-03-30 at 08.57.56_20260330092940A003.png\"}]','{\"address\": \"北京市朝阳区\", \"contactName\": \"赵大有\", \"contactPhone\": \"15611854093\"}','2026-03-28 11:46:05','2026-03-30 09:29:45','0',NULL,NULL,'0',NULL),(71,'20260329185936829A2E',1,3,1,'{\"image\": \"/profile/upload/2026/03/27/pexels-ben-mack-5707602_20260327083051A002.jpg\", \"title\": \"澳大利亚3年多次往返旅游签\", \"unitPrice\": 100.0}',100.00,6,'STRIPE_1774782019060','2026-03-29 19:00:19','[{\"在职证明\": \"/profile/upload/2026/03/29/Screenshot 2026-03-28 at 11.42.22_20260329190040A005.png\", \"护照首页\": \"/profile/upload/2026/03/29/Screenshot 2026-03-29 at 17.33.59_20260329190027A001.png\", \"电子照片\": \"/profile/upload/2026/03/29/Screenshot 2026-03-29 at 16.18.14_20260329190031A002.png\", \"全家户口本\": \"/profile/upload/2026/03/29/Screenshot 2026-03-29 at 15.52.50_20260329190034A003.png\", \"营业执照副本\": \"/profile/upload/2026/03/29/Screenshot 2026-03-28 at 10.05.39_20260329190044A006.png\", \"资产证明(银行流水)\": \"/profile/upload/2026/03/29/Screenshot 2026-03-28 at 21.35.10_20260329190037A004.png\"}]','[{\"text\":\"\",\"file\":\"\"}]',NULL,NULL,NULL,'[{\"memo\": \"\", \"status\": 1, \"fileUrl\": \"/profile/upload/2026/03/29/Screenshot 2026-03-29 at 17.33.59_20260329213439A001.png\"}]','{\"address\": \"111\", \"contactName\": \"yjh\", \"contactPhone\": \"15611854093\"}','2026-03-29 18:59:37','2026-03-30 09:39:32','0',NULL,NULL,'1',NULL),(72,'2026032921511577617E',1,1,1,'{\"image\": \"/profile/upload/2026/03/25/pexels-fsoerensen-2404843_20260325154709A004.jpg\", \"title\": \"美国B1/B2十年多次签证\", \"unitPrice\": 100.0}',100.00,4,'STRIPE_1774792313848','2026-03-29 21:51:54','[{\"地址\": \"222\", \"姓名\": \"222\", \"照片\": \"/profile/upload/2026/03/29/Screenshot 2026-03-28 at 21.35.10_20260329215211A002.png\", \"邀请函\": \"/profile/upload/2026/03/29/Screenshot 2026-03-28 at 09.36.25_20260329215215A003.png\", \"护照首页\": \"/profile/upload/2026/03/29/Screenshot 2026-03-29 at 15.52.50_20260329215207A001.png\"}]','[{\"text\":\"\",\"file\":\"\"}]','2026-04-02 00:00:00','/profile/upload/2026/03/30/Screenshot 2026-03-30 at 08.57.56_20260330111320A003.png','[{\"result\": 3}]','[{\"memo\": \"\", \"status\": 3, \"fileUrl\": \"/profile/upload/2026/03/30/Screenshot 2026-03-29 at 15.52.50_20260330114201A004.png\"}]','{\"address\": \"222\", \"contactName\": \"yjh\", \"contactPhone\": \"15611854093\"}','2026-03-29 21:51:15','2026-03-30 11:42:21','0','[\"2026-04-02 00:00:00\"]','{\"0\": [\"/profile/upload/2026/03/30/Screenshot 2026-03-30 at 08.57.56_20260330114219A005.png\"]}','0','【时间不便】四月1日'),(73,'2026033110204574F158',1,3,1,'{\"image\": \"/profile/upload/2026/03/27/pexels-ben-mack-5707602_20260327083051A002.jpg\", \"title\": \"澳大利亚3年多次往返旅游签\", \"unitPrice\": 100.0}',100.00,6,'STRIPE_1774923725819','2026-03-31 10:22:06','[{\"在职证明\": \"/profile/upload/2026/03/31/USC_GA_v2025_20260331102303A005.pdf\", \"护照首页\": \"/profile/upload/2026/03/31/pexels-alwaysontheroad-1766215_20260331102249A001.jpg\", \"电子照片\": \"/profile/upload/2026/03/31/pexels-ben-mack-5707602_20260331102253A002.jpg\", \"全家户口本\": \"/profile/upload/2026/03/31/pexels-dsd-143941-3917809_20260331102256A003.jpg\", \"营业执照副本\": \"/profile/upload/2026/03/31/pexels-enginakyurt-1435752_20260331102307A006.jpg\", \"资产证明(银行流水)\": \"/profile/upload/2026/03/31/USC_GA_v2025_20260331102300A004.pdf\"}]','[{\"text\":\"护照过期了\",\"file\":\"\"}]',NULL,NULL,NULL,'[{\"memo\": \"\", \"status\": 1, \"fileUrl\": \"/profile/upload/2026/03/31/Screenshot 2026-03-28 at 08.45.01_20260331105542A007.png\"}]','{\"address\": \"上海\", \"contactName\": \"333\", \"contactPhone\": \"15611854093\"}','2026-03-31 10:20:46','2026-03-31 10:58:01','0',NULL,NULL,'0',NULL),(74,'202603311822144D64F4',1,3,1,'{\"image\": \"/profile/upload/2026/03/27/pexels-ben-mack-5707602_20260327083051A002.jpg\", \"title\": \"澳大利亚3年多次往返旅游签\", \"unitPrice\": 100.0}',100.00,6,'STRIPE_1774952576261','2026-03-31 18:22:56','[{\"在职证明\": \"/profile/upload/2026/03/31/USC_GA_v2025_20260331182333A005.pdf\", \"护照首页\": \"/profile/upload/2026/03/31/Screenshot 2026-03-31 at 10.36.30_20260331182314A001.png\", \"电子照片\": \"/profile/upload/2026/03/31/Screenshot 2026-03-31 at 10.25.05_20260331182318A002.png\", \"全家户口本\": \"/profile/upload/2026/03/31/Screenshot 2026-03-28 at 08.45.01_20260331182322A003.png\", \"营业执照副本\": \"/profile/upload/2026/03/31/pexels-alwaysontheroad-1766215_20260331182337A006.jpg\", \"资产证明(银行流水)\": \"/profile/upload/2026/03/31/USC_GA_v2025_20260331182329A004.pdf\"}]','[{\"text\":\"不合格！！\",\"file\":\"\"}]',NULL,NULL,NULL,'[{\"memo\": \"\", \"status\": 1, \"fileUrl\": \"/profile/upload/2026/03/31/pexels-alwaysontheroad-1766215_20260331182647A007.jpg\"}]','{\"address\": \"beijing\", \"contactName\": \"yyt\", \"contactPhone\": \"15611854093\"}','2026-03-31 18:22:14','2026-03-31 18:27:48','0',NULL,NULL,'1',NULL),(75,'20260402081209CCAD7C',1,2,1,'{\"image\": \"/profile/upload/2026/03/25/pexels-dsd-143941-3917809_20260325154947A005.jpg\", \"title\": \"日本旅游签证\", \"unitPrice\": 100.0}',100.00,0,NULL,NULL,NULL,NULL,NULL,NULL,NULL,NULL,'{\"address\": \"hahaha\", \"contactName\": \"hahaha\", \"contactPhone\": \"15611854093\"}','2026-04-02 08:12:10',NULL,'0',NULL,NULL,'0',NULL),(76,'20260402081808DDE9B1',1,1,1,'{\"image\": \"/profile/upload/2026/03/25/pexels-fsoerensen-2404843_20260325154709A004.jpg\", \"title\": \"美国B1/B2十年多次签证\", \"unitPrice\": 100.0}',100.00,7,'STRIPE_1775089106189','2026-04-02 08:18:26','[{\"地址\": \"qqqq\", \"姓名\": \"qqq\", \"照片\": \"/profile/upload/2026/04/02/pexels-dsd-143941-3917809_20260402085518A007.jpg\", \"邀请函\": \"/profile/upload/2026/04/02/pexels-element5-1051075_20260402085522A008.jpg\", \"护照首页\": \"/profile/upload/2026/04/02/pexels-ben-mack-5707602_20260402085514A006.jpg\"}]','[{\"text\":\"\",\"file\":\"\"}]',NULL,NULL,NULL,NULL,'{\"address\": \"lalala\", \"contactName\": \"lalala\", \"contactPhone\": \"15611854093\"}','2026-04-02 08:18:08','2026-04-02 08:56:39','0','[\"2026-05-07 08:56:01\"]',NULL,'0','【时间不便】5月'),(77,'202604020819262D5546',1,3,1,'{\"image\": \"/profile/upload/2026/03/27/pexels-ben-mack-5707602_20260327083051A002.jpg\", \"title\": \"澳大利亚3年多次往返旅游签\", \"unitPrice\": 100.0}',100.00,3,'STRIPE_1775089180504','2026-04-02 08:19:41','[{\"结婚证\": \"/profile/upload/2026/04/02/pexels-may-peng-916276509-28482391_20260402082518A005.jpg\", \"护照首页\": \"/profile/upload/2026/04/02/pexels-alwaysontheroad-1766215_20260402082502A001.jpg\", \"电子照片\": \"/profile/upload/2026/04/02/pexels-ben-mack-5707602_20260402082505A002.jpg\", \"全家户口本\": \"/profile/upload/2026/04/02/pexels-dsd-143941-3917809_20260402082508A003.jpg\", \"出资证明(配偶支持)\": \"/profile/upload/2026/04/02/USC_GA_v2025_20260402082514A004.pdf\"}]','[{\"text\":\"户口本不清晰\",\"file\":\"\"}]',NULL,NULL,NULL,NULL,'{\"address\": \"zhangsan\", \"contactName\": \"zhangsan\", \"contactPhone\": \"15611854093\"}','2026-04-02 08:19:27','2026-04-02 08:27:14','0',NULL,NULL,'0',NULL);
/*!40000 ALTER TABLE `visa_order` ENABLE KEYS */;
UNLOCK TABLES;

--
-- Table structure for table `visa_order_applicant`
--

DROP TABLE IF EXISTS `visa_order_applicant`;
/*!40101 SET @saved_cs_client     = @@character_set_client */;
/*!50503 SET character_set_client = utf8mb4 */;
CREATE TABLE `visa_order_applicant` (
  `id` bigint NOT NULL AUTO_INCREMENT COMMENT '主键ID',
  `order_id` bigint NOT NULL COMMENT '关联订单ID',
  `order_no` varchar(32) NOT NULL COMMENT '关联订单号',
  `name` varchar(50) NOT NULL COMMENT '姓名',
  `id_card` varchar(20) DEFAULT NULL COMMENT '身份证号',
  `passport_no` varchar(20) DEFAULT NULL COMMENT '护照号',
  `identity` varchar(20) DEFAULT 'ADULT' COMMENT '身份类型: ADULT(在职), CHILD(未成年), STUDENT(学生), RETIRED(退休)',
  `create_time` datetime DEFAULT NULL COMMENT '创建时间',
  PRIMARY KEY (`id`)
) ENGINE=InnoDB AUTO_INCREMENT=29 DEFAULT CHARSET=utf8mb4 COLLATE=utf8mb4_0900_ai_ci COMMENT='订单申请人基本信息表';
/*!40101 SET character_set_client = @saved_cs_client */;

--
-- Dumping data for table `visa_order_applicant`
--

LOCK TABLES `visa_order_applicant` WRITE;
/*!40000 ALTER TABLE `visa_order_applicant` DISABLE KEYS */;
INSERT INTO `visa_order_applicant` VALUES (15,67,'20260328113854453B7A','张建国','31010119900515011X ','E88234567 ','EMPLOYED','2026-03-28 11:38:54'),(16,67,'20260328113854453B7A','李小华','440101200809200228','E12398765','STUDENT','2026-03-28 11:38:54'),(17,68,'20260328114605A8C20D','王萌萌','110101202101010342','E55667788','CHILD','2026-03-28 11:46:05'),(18,68,'20260328114605A8C20D','赵大有','510101195512120411 ','G54321098','RETIRED','2026-03-28 11:46:05'),(21,70,'2026032917311889AB46','张建国','31010119900515011X','E88234567','EMPLOYED','2026-03-29 17:31:18'),(22,71,'20260329185936829A2E','111','111','111','EMPLOYED','2026-03-29 18:59:37'),(23,72,'2026032921511577617E','222','222','222','EMPLOYED','2026-03-29 21:51:15'),(24,73,'2026033110204574F158','333','333','333','EMPLOYED','2026-03-31 10:20:46'),(25,74,'202603311822144D64F4','yyt','281392091','32292','EMPLOYED','2026-03-31 18:22:14'),(26,75,'20260402081209CCAD7C','hahaha','hahaha','hahaha','EMPLOYED','2026-04-02 08:12:10'),(27,76,'20260402081808DDE9B1','lalala','lalala','lalala','EMPLOYED','2026-04-02 08:18:08'),(28,77,'202604020819262D5546','zhangsan','zhansan','zhansan','UNEMPLOYED','2026-04-02 08:19:27');
/*!40000 ALTER TABLE `visa_order_applicant` ENABLE KEYS */;
UNLOCK TABLES;

--
-- Table structure for table `visa_order_logistics`
--

DROP TABLE IF EXISTS `visa_order_logistics`;
/*!40101 SET @saved_cs_client     = @@character_set_client */;
/*!50503 SET character_set_client = utf8mb4 */;
CREATE TABLE `visa_order_logistics` (
  `id` bigint NOT NULL AUTO_INCREMENT,
  `order_id` bigint NOT NULL COMMENT '关联订单ID',
  `order_no` varchar(32) NOT NULL COMMENT '关联订单号',
  `direction` tinyint(1) DEFAULT '1' COMMENT '方向: 1-用户寄给中介, 2-中介寄回用户',
  `courier_company` varchar(50) DEFAULT NULL COMMENT '快递公司(顺丰/EMS等)',
  `tracking_no` varchar(64) DEFAULT NULL COMMENT '快递单号',
  `sender_name` varchar(50) DEFAULT NULL COMMENT '寄件人姓名',
  `sender_phone` varchar(20) DEFAULT NULL COMMENT '寄件人电话',
  `mail_address` text COMMENT '详细邮寄地址快照',
  `status` tinyint(1) DEFAULT '0' COMMENT '状态: 0-待寄出, 1-已寄出, 2-已签收',
  `create_time` datetime DEFAULT NULL,
  `receive_time` datetime DEFAULT NULL COMMENT '签收时间',
  PRIMARY KEY (`id`)
) ENGINE=InnoDB AUTO_INCREMENT=22 DEFAULT CHARSET=utf8mb4 COLLATE=utf8mb4_0900_ai_ci COMMENT='订单物流信息表';
/*!40101 SET character_set_client = @saved_cs_client */;

--
-- Dumping data for table `visa_order_logistics`
--

LOCK TABLES `visa_order_logistics` WRITE;
/*!40000 ALTER TABLE `visa_order_logistics` DISABLE KEYS */;
INSERT INTO `visa_order_logistics` VALUES (13,71,'20260329185936829A2E',1,'顺丰','11111','yjh','15611854093','收件人：全球通签证中心-资料组, 地址：北京市朝阳区世贸天阶A座1205室',1,'2026-03-29 19:14:26',NULL),(15,71,'20260329185936829A2E',2,'EMS','111','全球通签证中心','010-88888888','收件人：yjh, 电话：15611854093, 地址：111',1,'2026-03-29 21:46:18',NULL),(16,68,'20260328114605A8C20D',1,'顺丰','12345678','赵大有','15611854093','收件人：全球通签证中心-资料组, 地址：北京市朝阳区世贸天阶A座1205室',1,'2026-03-30 08:44:26',NULL),(17,68,'20260328114605A8C20D',2,'顺丰速运','12345678','全球通签证中心','010-88888888','收件人：赵大有, 电话：15611854093, 地址：北京市朝阳区',1,'2026-03-30 09:29:45',NULL),(18,73,'2026033110204574F158',1,'韵达','333','333','15611854093','收件人：全球通签证中心-资料组, 地址：北京市朝阳区世贸天阶A座1205室',1,'2026-03-31 10:54:55',NULL),(19,73,'2026033110204574F158',2,'顺丰速运','3333333333q','全球通签证中心','010-88888888','收件人：333, 电话：15611854093, 地址：上海',1,'2026-03-31 10:55:50',NULL),(20,74,'202603311822144D64F4',1,'顺丰','627181837273','yyt','15611854093','收件人：全球通签证中心-资料组, 地址：北京市朝阳区世贸天阶A座1205室',1,'2026-03-31 18:25:22',NULL),(21,74,'202603311822144D64F4',2,'顺丰速运','2782191727339','全球通签证中心','010-88888888','收件人：yyt, 电话：15611854093, 地址：beijing',1,'2026-03-31 18:26:56',NULL);
/*!40000 ALTER TABLE `visa_order_logistics` ENABLE KEYS */;
UNLOCK TABLES;

--
-- Table structure for table `visa_product`
--

DROP TABLE IF EXISTS `visa_product`;
/*!40101 SET @saved_cs_client     = @@character_set_client */;
/*!50503 SET character_set_client = utf8mb4 */;
CREATE TABLE `visa_product` (
  `id` bigint NOT NULL AUTO_INCREMENT COMMENT '主键，自增ID',
  `title` varchar(100) NOT NULL COMMENT '产品标题（如：美国B1/B2十年多次签）',
  `country_id` bigint NOT NULL COMMENT '关联国家ID',
  `type_id` bigint NOT NULL COMMENT '关联类型ID',
  `price` decimal(10,2) NOT NULL COMMENT '销售价格（单位：元）',
  `image` varchar(255) DEFAULT NULL COMMENT '产品封面图片路径',
  `requirements_config` json DEFAULT NULL COMMENT '核心字段：材料要求配置规则（JSON数组）',
  `is_interview_required` tinyint(1) NOT NULL DEFAULT '0' COMMENT '是否需要面签（0:否, 1:是）',
  `processing_time` varchar(50) DEFAULT NULL COMMENT '预计办理时长（如：5-7个工作日）',
  `validity_period` varchar(50) DEFAULT NULL COMMENT '有效期（如：10年）',
  `max_stay_days` varchar(50) DEFAULT NULL COMMENT '最长停留天数（如：90天）',
  `district_id` bigint DEFAULT NULL COMMENT '关联领区ID',
  `status` tinyint(1) NOT NULL DEFAULT '1' COMMENT '上架状态（1:上架, 0:下架）',
  `create_time` datetime DEFAULT CURRENT_TIMESTAMP COMMENT '创建时间',
  `is_physical_required` tinyint(1) DEFAULT '0' COMMENT '是否需要寄送原件(0-否, 1-是)',
  PRIMARY KEY (`id`),
  KEY `idx_country` (`country_id`),
  KEY `idx_visa_type` (`type_id`),
  KEY `idx_status` (`status`)
) ENGINE=InnoDB AUTO_INCREMENT=4 DEFAULT CHARSET=utf8mb4 COLLATE=utf8mb4_0900_ai_ci COMMENT='签证产品表';
/*!40101 SET character_set_client = @saved_cs_client */;

--
-- Dumping data for table `visa_product`
--

LOCK TABLES `visa_product` WRITE;
/*!40000 ALTER TABLE `visa_product` DISABLE KEYS */;
INSERT INTO `visa_product` VALUES (1,'美国B1/B2十年多次签证',1,1,100.00,'/profile/upload/2026/03/25/pexels-fsoerensen-2404843_20260325154709A004.jpg','[{\"desc\": \"不能反光\", \"name\": \"护照首页\", \"type\": \"image\", \"required\": true, \"templateUrl\": \"http://localhost:8080/profile/upload/2026/01/26/微信图片_20260122102019_284_5_20260126094337A004.jpg\", \"templateName\": \"微信图片_20260122102019_284_5.jpg\"}, {\"desc\": \"不能反光\", \"name\": \"照片\", \"type\": \"image\", \"required\": true, \"templateUrl\": \"\", \"templateName\": \"\"}, {\"desc\": \"看模板\", \"name\": \"邀请函\", \"type\": \"image\", \"required\": true, \"templateUrl\": \"http://localhost:8080/profile/upload/2026/01/26/A 2021 Guide to improving CNNs_20260126094515A005.docx\", \"templateName\": \"A 2021 Guide to improving CNNs.docx\"}, {\"desc\": \"\", \"name\": \"姓名\", \"type\": \"text\", \"required\": true, \"templateUrl\": \"\", \"templateName\": \"\"}, {\"desc\": \"\", \"name\": \"地址\", \"type\": \"text\", \"required\": true, \"templateUrl\": \"\", \"templateName\": \"\"}]',1,'12天','10年','180天',1,1,'2026-01-26 09:45:27',0),(2,'日本旅游签证',2,1,100.00,'/profile/upload/2026/03/25/pexels-dsd-143941-3917809_20260325154947A005.jpg','[{\"desc\": \"不能反光\", \"name\": \"护照\", \"type\": \"image\", \"required\": true, \"templateUrl\": \"\", \"templateName\": \"\"}, {\"desc\": \"\", \"name\": \"行程单\", \"type\": \"file\", \"required\": true, \"templateUrl\": \"\", \"templateName\": \"\"}]',0,'5天','3年','30天',3,1,'2026-01-26 09:46:36',0),(3,'澳大利亚3年多次往返旅游签',5,1,100.00,'/profile/upload/2026/03/27/pexels-ben-mack-5707602_20260327083051A002.jpg','[{\"desc\": \"彩色扫描件，有效期需在6个月以上\", \"name\": \"护照首页\", \"type\": \"image\", \"required\": true, \"targetGroup\": \"ALL\", \"templateUrl\": \"\", \"templateName\": \"\"}, {\"desc\": \"近6个月拍摄的3.5*4.5cm白底彩照\", \"name\": \"电子照片\", \"type\": \"image\", \"required\": true, \"targetGroup\": \"ALL\", \"templateUrl\": \"\", \"templateName\": \"\"}, {\"desc\": \"包含户主页及所有成员页的彩色扫描件\", \"name\": \"全家户口本\", \"type\": \"image\", \"required\": true, \"targetGroup\": \"ALL\", \"templateUrl\": \"\", \"templateName\": \"\"}, {\"desc\": \"最近6个月工资卡或储蓄卡对账单，余额5万以上\", \"name\": \"资产证明(银行流水)\", \"type\": \"file\", \"required\": false, \"targetGroup\": \"EMPLOYED\", \"templateUrl\": \"http://localhost:8080/profile/upload/2026/03/28/Letter_20260328105053A001.pdf\", \"templateName\": \"Letter.pdf\"}, {\"desc\": \"使用公司抬头纸打印，加盖公章并领导签字\", \"name\": \"在职证明\", \"type\": \"file\", \"required\": false, \"targetGroup\": \"EMPLOYED\", \"templateUrl\": \"\", \"templateName\": \"\"}, {\"desc\": \"所在公司营业执照副本复印件，加盖公章\", \"name\": \"营业执照副本\", \"type\": \"image\", \"required\": false, \"targetGroup\": \"EMPLOYED\", \"templateUrl\": \"\", \"templateName\": \"\"}, {\"desc\": \"简单描述您的主要收入来源（如设计、稿费等）\", \"name\": \"收入来源说明\", \"type\": \"image\", \"required\": false, \"targetGroup\": \"FREELANCE\", \"templateUrl\": \"\", \"templateName\": \"\"}, {\"desc\": \"提供近期与客户签署的合同或工作成果截图\", \"name\": \"业务合同或作品集\\t\", \"type\": \"image\", \"required\": false, \"targetGroup\": \"FREELANCE\", \"templateUrl\": \"\", \"templateName\": \"\"}, {\"desc\": \"需提供配偶的在职及流水，并附上出资承诺书\", \"name\": \"出资证明(配偶支持)\", \"type\": \"file\", \"required\": false, \"targetGroup\": \"UNEMPLOYED\", \"templateUrl\": \"\", \"templateName\": \"\"}, {\"desc\": \"证明与出资人的夫妻关系\", \"name\": \"结婚证\", \"type\": \"image\", \"required\": false, \"targetGroup\": \"UNEMPLOYED\", \"templateUrl\": \"\", \"templateName\": \"\"}, {\"desc\": \"由学校开具的包含假期说明的在读证明\", \"name\": \"在校证明\", \"type\": \"image\", \"required\": false, \"targetGroup\": \"STUDENT\", \"templateUrl\": \"\", \"templateName\": \"\"}, {\"desc\": \"退休证原件扫描件\", \"name\": \"退休证\", \"type\": \"image\", \"required\": false, \"targetGroup\": \"RETIRED\", \"templateUrl\": \"\", \"templateName\": \"\"}, {\"desc\": \"必须显示父母姓名，用于证明亲子关系\", \"name\": \"出生医学证明\", \"type\": \"image\", \"required\": false, \"targetGroup\": \"CHILD\", \"templateUrl\": \"\", \"templateName\": \"\"}, {\"desc\": \"若父母一方不同行，需签署1229表格\", \"name\": \"不随行父母同意函\", \"type\": \"image\", \"required\": false, \"targetGroup\": \"CHILD\", \"templateUrl\": \"\", \"templateName\": \"\"}]',0,'3天','3年','30天',3,1,'2026-03-27 08:32:53',1);
/*!40000 ALTER TABLE `visa_product` ENABLE KEYS */;
UNLOCK TABLES;

--
-- Table structure for table `visa_type`
--

DROP TABLE IF EXISTS `visa_type`;
/*!40101 SET @saved_cs_client     = @@character_set_client */;
/*!50503 SET character_set_client = utf8mb4 */;
CREATE TABLE `visa_type` (
  `id` bigint NOT NULL AUTO_INCREMENT COMMENT 'ID',
  `name` varchar(50) NOT NULL COMMENT '类型名称(如:旅游签, 商务签)',
  `code` varchar(50) DEFAULT NULL COMMENT '编码(如:TOURIST)',
  `sort` int DEFAULT '0' COMMENT '排序',
  `status` char(1) DEFAULT '0' COMMENT '状态（0停用 1正常）',
  PRIMARY KEY (`id`)
) ENGINE=InnoDB AUTO_INCREMENT=3 DEFAULT CHARSET=utf8mb4 COLLATE=utf8mb4_0900_ai_ci COMMENT='签证类型表';
/*!40101 SET character_set_client = @saved_cs_client */;

--
-- Dumping data for table `visa_type`
--

LOCK TABLES `visa_type` WRITE;
/*!40000 ALTER TABLE `visa_type` DISABLE KEYS */;
INSERT INTO `visa_type` VALUES (1,'旅游签','Travel',1,'1'),(2,'学生签','Student',2,'1');
/*!40000 ALTER TABLE `visa_type` ENABLE KEYS */;
UNLOCK TABLES;
/*!40103 SET TIME_ZONE=@OLD_TIME_ZONE */;

/*!40101 SET SQL_MODE=@OLD_SQL_MODE */;
/*!40014 SET FOREIGN_KEY_CHECKS=@OLD_FOREIGN_KEY_CHECKS */;
/*!40014 SET UNIQUE_CHECKS=@OLD_UNIQUE_CHECKS */;
/*!40101 SET CHARACTER_SET_CLIENT=@OLD_CHARACTER_SET_CLIENT */;
/*!40101 SET CHARACTER_SET_RESULTS=@OLD_CHARACTER_SET_RESULTS */;
/*!40101 SET COLLATION_CONNECTION=@OLD_COLLATION_CONNECTION */;
/*!40111 SET SQL_NOTES=@OLD_SQL_NOTES */;

-- Dump completed on 2026-04-25 12:06:31
